date,sku_id,units_sold,store_id,promotion_active,discount_percentage,weather_condition,temperature_c,category,unit_cost,selling_price,current_stock,reorder_point,lead_time_days
2025-08-05,SKU_001,6,STORE_01,0,0,Stormy,28.4,Groceries,89.11,173.34,225,59,3
2025-08-05,SKU_002,23,STORE_01,0,0,Stormy,28.4,Groceries,93.67,139.52,92,48,10
2025-08-05,SKU_003,4,STORE_01,0,0,Stormy,28.4,Apparel,76.77,144.31,39,57,13
2025-08-05,SKU_004,9,STORE_01,0,0,Stormy,28.4,Apparel,50.71,93.58,178,31,14
2025-08-05,SKU_005,8,STORE_03,0,0,Stormy,28.4,Home & Kitchen,144.78,283.08,13,91,9
2025-08-05,SKU_006,23,STORE_01,0,0,Stormy,28.4,Home & Kitchen,34.27,61.62,116,37,13
2025-08-05,SKU_007,10,STORE_03,0,0,Stormy,28.4,Groceries,63.35,111.77,59,50,13
2025-08-05,SKU_008,27,STORE_03,0,0,Stormy,28.4,Apparel,77.29,104.6,103,100,13
2025-08-05,SKU_009,9,STORE_03,0,0,Stormy,28.4,Electronics,13.65,22.2,97,26,5
2025-08-05,SKU_010,19,STORE_03,0,0,Stormy,28.4,Apparel,54.66,105.41,220,66,9
2025-08-05,SKU_011,2,STORE_03,0,0,Stormy,28.4,Home & Kitchen,41.13,78.19,257,73,13
2025-08-05,SKU_012,22,STORE_01,0,0,Stormy,28.4,Home & Kitchen,138.43,215.85,73,53,5
2025-08-05,SKU_013,12,STORE_01,0,0,Stormy,28.4,Groceries,63.38,95.43,292,53,8
2025-08-05,SKU_014,21,STORE_02,0,0,Stormy,28.4,Groceries,114.03,157.27,120,69,7
2025-08-05,SKU_015,24,STORE_02,0,0,Stormy,28.4,Home & Kitchen,28.9,40.43,190,49,3
2025-08-05,SKU_016,10,STORE_03,0,0,Stormy,28.4,Home & Kitchen,66.47,120.94,211,98,3
2025-08-05,SKU_017,19,STORE_02,0,0,Stormy,28.4,Electronics,97.91,176.78,209,72,3
2025-08-05,SKU_018,27,STORE_02,0,0,Stormy,28.4,Groceries,129.16,218.5,226,56,14
2025-08-05,SKU_019,17,STORE_03,0,0,Stormy,28.4,Apparel,107.94,154.53,202,92,8
2025-08-05,SKU_020,12,STORE_03,0,0,Stormy,28.4,Apparel,91.87,157.08,203,69,8
2025-08-06,SKU_001,33,STORE_02,0,0,Clear,27.3,Groceries,89.11,173.34,225,59,3
2025-08-06,SKU_002,15,STORE_02,0,0,Clear,27.3,Groceries,93.67,139.52,92,48,10
2025-08-06,SKU_003,17,STORE_02,0,0,Clear,27.3,Apparel,76.77,144.31,39,57,13
2025-08-06,SKU_004,28,STORE_01,0,0,Clear,27.3,Apparel,50.71,93.58,178,31,14
2025-08-06,SKU_005,47,STORE_03,0,0,Clear,27.3,Home & Kitchen,144.78,283.08,13,91,9
2025-08-06,SKU_006,31,STORE_03,0,0,Clear,27.3,Home & Kitchen,34.27,61.62,116,37,13
2025-08-06,SKU_007,5,STORE_03,0,0,Clear,27.3,Groceries,63.35,111.77,59,50,13
2025-08-06,SKU_008,83,STORE_02,0,0,Clear,27.3,Apparel,77.29,104.6,103,100,13
2025-08-06,SKU_009,16,STORE_01,0,0,Clear,27.3,Electronics,13.65,22.2,97,26,5
2025-08-06,SKU_010,18,STORE_01,0,0,Clear,27.3,Apparel,54.66,105.41,220,66,9
2025-08-06,SKU_011,5,STORE_02,0,0,Clear,27.3,Home & Kitchen,41.13,78.19,257,73,13
2025-08-06,SKU_012,32,STORE_01,0,0,Clear,27.3,Home & Kitchen,138.43,215.85,73,53,5
2025-08-06,SKU_013,6,STORE_02,0,0,Clear,27.3,Groceries,63.38,95.43,292,53,8
2025-08-06,SKU_014,16,STORE_02,0,0,Clear,27.3,Groceries,114.03,157.27,120,69,7
2025-08-06,SKU_015,28,STORE_03,0,0,Clear,27.3,Home & Kitchen,28.9,40.43,190,49,3
2025-08-06,SKU_016,15,STORE_02,0,0,Clear,27.3,Home & Kitchen,66.47,120.94,211,98,3
2025-08-06,SKU_017,22,STORE_01,0,0,Clear,27.3,Electronics,97.91,176.78,209,72,3
2025-08-06,SKU_018,8,STORE_03,0,0,Clear,27.3,Groceries,129.16,218.5,226,56,14
2025-08-06,SKU_019,5,STORE_03,0,0,Clear,27.3,Apparel,107.94,154.53,202,92,8
2025-08-06,SKU_020,20,STORE_03,0,0,Clear,27.3,Apparel,91.87,157.08,203,69,8
2025-08-07,SKU_001,20,STORE_02,0,0,Stormy,33.2,Groceries,89.11,173.34,225,59,3
2025-08-07,SKU_002,27,STORE_01,0,0,Stormy,33.2,Groceries,93.67,139.52,92,48,10
2025-08-07,SKU_003,11,STORE_01,0,0,Stormy,33.2,Apparel,76.77,144.31,39,57,13
2025-08-07,SKU_004,25,STORE_01,0,0,Stormy,33.2,Apparel,50.71,93.58,178,31,14
2025-08-07,SKU_005,5,STORE_01,0,0,Stormy,33.2,Home & Kitchen,144.78,283.08,13,91,9
2025-08-07,SKU_006,10,STORE_03,0,0,Stormy,33.2,Home & Kitchen,34.27,61.62,116,37,13
2025-08-07,SKU_007,5,STORE_02,0,0,Stormy,33.2,Groceries,63.35,111.77,59,50,13
2025-08-07,SKU_008,20,STORE_03,0,0,Stormy,33.2,Apparel,77.29,104.6,103,100,13
2025-08-07,SKU_009,24,STORE_03,0,0,Stormy,33.2,Electronics,13.65,22.2,97,26,5
2025-08-07,SKU_010,31,STORE_02,0,0,Stormy,33.2,Apparel,54.66,105.41,220,66,9
2025-08-07,SKU_011,10,STORE_01,0,0,Stormy,33.2,Home & Kitchen,41.13,78.19,257,73,13
2025-08-07,SKU_012,21,STORE_03,0,0,Stormy,33.2,Home & Kitchen,138.43,215.85,73,53,5
2025-08-07,SKU_013,25,STORE_02,0,0,Stormy,33.2,Groceries,63.38,95.43,292,53,8
2025-08-07,SKU_014,22,STORE_01,0,0,Stormy,33.2,Groceries,114.03,157.27,120,69,7
2025-08-07,SKU_015,28,STORE_03,0,0,Stormy,33.2,Home & Kitchen,28.9,40.43,190,49,3
2025-08-07,SKU_016,23,STORE_02,0,0,Stormy,33.2,Home & Kitchen,66.47,120.94,211,98,3
2025-08-07,SKU_017,7,STORE_03,0,0,Stormy,33.2,Electronics,97.91,176.78,209,72,3
2025-08-07,SKU_018,12,STORE_01,0,0,Stormy,33.2,Groceries,129.16,218.5,226,56,14
2025-08-07,SKU_019,27,STORE_02,0,0,Stormy,33.2,Apparel,107.94,154.53,202,92,8
2025-08-07,SKU_020,11,STORE_03,0,0,Stormy,33.2,Apparel,91.87,157.08,203,69,8
2025-08-08,SKU_001,23,STORE_01,0,0,Sunny,20.9,Groceries,89.11,173.34,225,59,3
2025-08-08,SKU_002,3,STORE_01,0,0,Sunny,20.9,Groceries,93.67,139.52,92,48,10
2025-08-08,SKU_003,13,STORE_03,0,0,Sunny,20.9,Apparel,76.77,144.31,39,57,13
2025-08-08,SKU_004,11,STORE_03,0,0,Sunny,20.9,Apparel,50.71,93.58,178,31,14
2025-08-08,SKU_005,14,STORE_03,0,0,Sunny,20.9,Home & Kitchen,144.78,283.08,13,91,9
2025-08-08,SKU_006,3,STORE_03,0,0,Sunny,20.9,Home & Kitchen,34.27,61.62,116,37,13
2025-08-08,SKU_007,9,STORE_01,0,0,Sunny,20.9,Groceries,63.35,111.77,59,50,13
2025-08-08,SKU_008,29,STORE_03,0,0,Sunny,20.9,Apparel,77.29,104.6,103,100,13
2025-08-08,SKU_009,26,STORE_03,0,0,Sunny,20.9,Electronics,13.65,22.2,97,26,5
2025-08-08,SKU_010,24,STORE_02,0,0,Sunny,20.9,Apparel,54.66,105.41,220,66,9
2025-08-08,SKU_011,18,STORE_02,0,0,Sunny,20.9,Home & Kitchen,41.13,78.19,257,73,13
2025-08-08,SKU_012,15,STORE_03,0,0,Sunny,20.9,Home & Kitchen,138.43,215.85,73,53,5
2025-08-08,SKU_013,23,STORE_01,0,0,Sunny,20.9,Groceries,63.38,95.43,292,53,8
2025-08-08,SKU_014,2,STORE_01,0,0,Sunny,20.9,Groceries,114.03,157.27,120,69,7
2025-08-08,SKU_015,15,STORE_02,0,0,Sunny,20.9,Home & Kitchen,28.9,40.43,190,49,3
2025-08-08,SKU_016,72,STORE_01,0,0,Sunny,20.9,Home & Kitchen,66.47,120.94,211,98,3
2025-08-08,SKU_017,35,STORE_02,0,0,Sunny,20.9,Electronics,97.91,176.78,209,72,3
2025-08-08,SKU_018,25,STORE_01,0,0,Sunny,20.9,Groceries,129.16,218.5,226,56,14
2025-08-08,SKU_019,21,STORE_02,0,0,Sunny,20.9,Apparel,107.94,154.53,202,92,8
2025-08-08,SKU_020,31,STORE_03,0,0,Sunny,20.9,Apparel,91.87,157.08,203,69,8
2025-08-09,SKU_001,19,STORE_02,0,0,Stormy,26.7,Groceries,89.11,173.34,225,59,3
2025-08-09,SKU_002,28,STORE_02,0,0,Stormy,26.7,Groceries,93.67,139.52,92,48,10
2025-08-09,SKU_003,13,STORE_01,0,0,Stormy,26.7,Apparel,76.77,144.31,39,57,13
2025-08-09,SKU_004,38,STORE_03,0,0,Stormy,26.7,Apparel,50.71,93.58,178,31,14
2025-08-09,SKU_005,19,STORE_03,0,0,Stormy,26.7,Home & Kitchen,144.78,283.08,13,91,9
2025-08-09,SKU_006,20,STORE_03,0,0,Stormy,26.7,Home & Kitchen,34.27,61.62,116,37,13
2025-08-09,SKU_007,14,STORE_01,0,0,Stormy,26.7,Groceries,63.35,111.77,59,50,13
2025-08-09,SKU_008,80,STORE_03,0,0,Stormy,26.7,Apparel,77.29,104.6,103,100,13
2025-08-09,SKU_009,3,STORE_02,0,0,Stormy,26.7,Electronics,13.65,22.2,97,26,5
2025-08-09,SKU_010,19,STORE_02,0,0,Stormy,26.7,Apparel,54.66,105.41,220,66,9
2025-08-09,SKU_011,14,STORE_03,0,0,Stormy,26.7,Home & Kitchen,41.13,78.19,257,73,13
2025-08-09,SKU_012,15,STORE_03,0,0,Stormy,26.7,Home & Kitchen,138.43,215.85,73,53,5
2025-08-09,SKU_013,31,STORE_02,0,0,Stormy,26.7,Groceries,63.38,95.43,292,53,8
2025-08-09,SKU_014,15,STORE_02,0,0,Stormy,26.7,Groceries,114.03,157.27,120,69,7
2025-08-09,SKU_015,34,STORE_01,0,0,Stormy,26.7,Home & Kitchen,28.9,40.43,190,49,3
2025-08-09,SKU_016,40,STORE_02,0,0,Stormy,26.7,Home & Kitchen,66.47,120.94,211,98,3
2025-08-09,SKU_017,15,STORE_02,0,0,Stormy,26.7,Electronics,97.91,176.78,209,72,3
2025-08-09,SKU_018,17,STORE_03,0,0,Stormy,26.7,Groceries,129.16,218.5,226,56,14
2025-08-09,SKU_019,12,STORE_02,0,0,Stormy,26.7,Apparel,107.94,154.53,202,92,8
2025-08-09,SKU_020,36,STORE_01,0,0,Stormy,26.7,Apparel,91.87,157.08,203,69,8
2025-08-10,SKU_001,23,STORE_03,0,0,Stormy,29.6,Groceries,89.11,173.34,225,59,3
2025-08-10,SKU_002,17,STORE_03,0,0,Stormy,29.6,Groceries,93.67,139.52,92,48,10
2025-08-10,SKU_003,39,STORE_02,0,0,Stormy,29.6,Apparel,76.77,144.31,39,57,13
2025-08-10,SKU_004,41,STORE_01,0,0,Stormy,29.6,Apparel,50.71,93.58,178,31,14
2025-08-10,SKU_005,23,STORE_01,0,0,Stormy,29.6,Home & Kitchen,144.78,283.08,13,91,9
2025-08-10,SKU_006,23,STORE_01,0,0,Stormy,29.6,Home & Kitchen,34.27,61.62,116,37,13
2025-08-10,SKU_007,43,STORE_01,0,0,Stormy,29.6,Groceries,63.35,111.77,59,50,13
2025-08-10,SKU_008,22,STORE_02,0,0,Stormy,29.6,Apparel,77.29,104.6,103,100,13
2025-08-10,SKU_009,21,STORE_01,0,0,Stormy,29.6,Electronics,13.65,22.2,97,26,5
2025-08-10,SKU_010,10,STORE_03,0,0,Stormy,29.6,Apparel,54.66,105.41,220,66,9
2025-08-10,SKU_011,12,STORE_02,0,0,Stormy,29.6,Home & Kitchen,41.13,78.19,257,73,13
2025-08-10,SKU_012,12,STORE_03,0,0,Stormy,29.6,Home & Kitchen,138.43,215.85,73,53,5
2025-08-10,SKU_013,23,STORE_03,0,0,Stormy,29.6,Groceries,63.38,95.43,292,53,8
2025-08-10,SKU_014,25,STORE_01,0,0,Stormy,29.6,Groceries,114.03,157.27,120,69,7
2025-08-10,SKU_015,27,STORE_01,0,0,Stormy,29.6,Home & Kitchen,28.9,40.43,190,49,3
2025-08-10,SKU_016,25,STORE_01,0,0,Stormy,29.6,Home & Kitchen,66.47,120.94,211,98,3
2025-08-10,SKU_017,8,STORE_03,0,0,Stormy,29.6,Electronics,97.91,176.78,209,72,3
2025-08-10,SKU_018,5,STORE_02,0,0,Stormy,29.6,Groceries,129.16,218.5,226,56,14
2025-08-10,SKU_019,37,STORE_01,0,0,Stormy,29.6,Apparel,107.94,154.53,202,92,8
2025-08-10,SKU_020,28,STORE_03,0,0,Stormy,29.6,Apparel,91.87,157.08,203,69,8
2025-08-11,SKU_001,10,STORE_02,0,0,Rainy,17.3,Groceries,89.11,173.34,225,59,3
2025-08-11,SKU_002,23,STORE_01,0,0,Rainy,17.3,Groceries,93.67,139.52,92,48,10
2025-08-11,SKU_003,32,STORE_03,0,0,Rainy,17.3,Apparel,76.77,144.31,39,57,13
2025-08-11,SKU_004,5,STORE_02,0,0,Rainy,17.3,Apparel,50.71,93.58,178,31,14
2025-08-11,SKU_005,14,STORE_03,0,0,Rainy,17.3,Home & Kitchen,144.78,283.08,13,91,9
2025-08-11,SKU_006,17,STORE_02,0,0,Rainy,17.3,Home & Kitchen,34.27,61.62,116,37,13
2025-08-11,SKU_007,8,STORE_03,0,0,Rainy,17.3,Groceries,63.35,111.77,59,50,13
2025-08-11,SKU_008,21,STORE_02,0,0,Rainy,17.3,Apparel,77.29,104.6,103,100,13
2025-08-11,SKU_009,20,STORE_03,0,0,Rainy,17.3,Electronics,13.65,22.2,97,26,5
2025-08-11,SKU_010,10,STORE_03,0,0,Rainy,17.3,Apparel,54.66,105.41,220,66,9
2025-08-11,SKU_011,13,STORE_03,0,0,Rainy,17.3,Home & Kitchen,41.13,78.19,257,73,13
2025-08-11,SKU_012,6,STORE_01,0,0,Rainy,17.3,Home & Kitchen,138.43,215.85,73,53,5
2025-08-11,SKU_013,7,STORE_02,0,0,Rainy,17.3,Groceries,63.38,95.43,292,53,8
2025-08-11,SKU_014,3,STORE_02,0,0,Rainy,17.3,Groceries,114.03,157.27,120,69,7
2025-08-11,SKU_015,8,STORE_01,0,0,Rainy,17.3,Home & Kitchen,28.9,40.43,190,49,3
2025-08-11,SKU_016,6,STORE_01,0,0,Rainy,17.3,Home & Kitchen,66.47,120.94,211,98,3
2025-08-11,SKU_017,14,STORE_02,0,0,Rainy,17.3,Electronics,97.91,176.78,209,72,3
2025-08-11,SKU_018,7,STORE_01,0,0,Rainy,17.3,Groceries,129.16,218.5,226,56,14
2025-08-11,SKU_019,3,STORE_01,0,0,Rainy,17.3,Apparel,107.94,154.53,202,92,8
2025-08-11,SKU_020,27,STORE_03,0,0,Rainy,17.3,Apparel,91.87,157.08,203,69,8
2025-08-12,SKU_001,21,STORE_02,0,0,Stormy,30.8,Groceries,89.11,173.34,225,59,3
2025-08-12,SKU_002,31,STORE_03,0,0,Stormy,30.8,Groceries,93.67,139.52,92,48,10
2025-08-12,SKU_003,19,STORE_03,0,0,Stormy,30.8,Apparel,76.77,144.31,39,57,13
2025-08-12,SKU_004,17,STORE_02,0,0,Stormy,30.8,Apparel,50.71,93.58,178,31,14
2025-08-12,SKU_005,9,STORE_01,0,0,Stormy,30.8,Home & Kitchen,144.78,283.08,13,91,9
2025-08-12,SKU_006,32,STORE_01,0,0,Stormy,30.8,Home & Kitchen,34.27,61.62,116,37,13
2025-08-12,SKU_007,29,STORE_03,0,0,Stormy,30.8,Groceries,63.35,111.77,59,50,13
2025-08-12,SKU_008,7,STORE_01,0,0,Stormy,30.8,Apparel,77.29,104.6,103,100,13
2025-08-12,SKU_009,20,STORE_02,0,0,Stormy,30.8,Electronics,13.65,22.2,97,26,5
2025-08-12,SKU_010,22,STORE_03,0,0,Stormy,30.8,Apparel,54.66,105.41,220,66,9
2025-08-12,SKU_011,9,STORE_03,0,0,Stormy,30.8,Home & Kitchen,41.13,78.19,257,73,13
2025-08-12,SKU_012,27,STORE_01,0,0,Stormy,30.8,Home & Kitchen,138.43,215.85,73,53,5
2025-08-12,SKU_013,11,STORE_01,0,0,Stormy,30.8,Groceries,63.38,95.43,292,53,8
2025-08-12,SKU_014,27,STORE_01,0,0,Stormy,30.8,Groceries,114.03,157.27,120,69,7
2025-08-12,SKU_015,11,STORE_03,0,0,Stormy,30.8,Home & Kitchen,28.9,40.43,190,49,3
2025-08-12,SKU_016,17,STORE_01,0,0,Stormy,30.8,Home & Kitchen,66.47,120.94,211,98,3
2025-08-12,SKU_017,11,STORE_01,0,0,Stormy,30.8,Electronics,97.91,176.78,209,72,3
2025-08-12,SKU_018,20,STORE_02,0,0,Stormy,30.8,Groceries,129.16,218.5,226,56,14
2025-08-12,SKU_019,25,STORE_01,0,0,Stormy,30.8,Apparel,107.94,154.53,202,92,8
2025-08-12,SKU_020,24,STORE_01,0,0,Stormy,30.8,Apparel,91.87,157.08,203,69,8
2025-08-13,SKU_001,5,STORE_02,0,0,Sunny,22.9,Groceries,89.11,173.34,225,59,3
2025-08-13,SKU_002,13,STORE_03,0,0,Sunny,22.9,Groceries,93.67,139.52,92,48,10
2025-08-13,SKU_003,19,STORE_02,0,0,Sunny,22.9,Apparel,76.77,144.31,39,57,13
2025-08-13,SKU_004,9,STORE_01,0,0,Sunny,22.9,Apparel,50.71,93.58,178,31,14
2025-08-13,SKU_005,19,STORE_01,0,0,Sunny,22.9,Home & Kitchen,144.78,283.08,13,91,9
2025-08-13,SKU_006,8,STORE_03,0,0,Sunny,22.9,Home & Kitchen,34.27,61.62,116,37,13
2025-08-13,SKU_007,25,STORE_02,0,0,Sunny,22.9,Groceries,63.35,111.77,59,50,13
2025-08-13,SKU_008,25,STORE_02,0,0,Sunny,22.9,Apparel,77.29,104.6,103,100,13
2025-08-13,SKU_009,18,STORE_03,0,0,Sunny,22.9,Electronics,13.65,22.2,97,26,5
2025-08-13,SKU_010,3,STORE_01,0,0,Sunny,22.9,Apparel,54.66,105.41,220,66,9
2025-08-13,SKU_011,5,STORE_03,0,0,Sunny,22.9,Home & Kitchen,41.13,78.19,257,73,13
2025-08-13,SKU_012,26,STORE_03,0,0,Sunny,22.9,Home & Kitchen,138.43,215.85,73,53,5
2025-08-13,SKU_013,13,STORE_01,0,0,Sunny,22.9,Groceries,63.38,95.43,292,53,8
2025-08-13,SKU_014,7,STORE_03,0,0,Sunny,22.9,Groceries,114.03,157.27,120,69,7
2025-08-13,SKU_015,13,STORE_03,0,0,Sunny,22.9,Home & Kitchen,28.9,40.43,190,49,3
2025-08-13,SKU_016,16,STORE_01,0,0,Sunny,22.9,Home & Kitchen,66.47,120.94,211,98,3
2025-08-13,SKU_017,20,STORE_01,0,0,Sunny,22.9,Electronics,97.91,176.78,209,72,3
2025-08-13,SKU_018,8,STORE_03,0,0,Sunny,22.9,Groceries,129.16,218.5,226,56,14
2025-08-13,SKU_019,26,STORE_02,0,0,Sunny,22.9,Apparel,107.94,154.53,202,92,8
2025-08-13,SKU_020,24,STORE_02,0,0,Sunny,22.9,Apparel,91.87,157.08,203,69,8
2025-08-14,SKU_001,12,STORE_02,0,0,Rainy,33.0,Groceries,89.11,173.34,225,59,3
2025-08-14,SKU_002,28,STORE_03,0,0,Rainy,33.0,Groceries,93.67,139.52,92,48,10
2025-08-14,SKU_003,10,STORE_02,0,0,Rainy,33.0,Apparel,76.77,144.31,39,57,13
2025-08-14,SKU_004,18,STORE_02,0,0,Rainy,33.0,Apparel,50.71,93.58,178,31,14
2025-08-14,SKU_005,16,STORE_02,0,0,Rainy,33.0,Home & Kitchen,144.78,283.08,13,91,9
2025-08-14,SKU_006,17,STORE_01,0,0,Rainy,33.0,Home & Kitchen,34.27,61.62,116,37,13
2025-08-14,SKU_007,13,STORE_01,0,0,Rainy,33.0,Groceries,63.35,111.77,59,50,13
2025-08-14,SKU_008,22,STORE_03,0,0,Rainy,33.0,Apparel,77.29,104.6,103,100,13
2025-08-14,SKU_009,15,STORE_02,0,0,Rainy,33.0,Electronics,13.65,22.2,97,26,5
2025-08-14,SKU_010,22,STORE_01,0,0,Rainy,33.0,Apparel,54.66,105.41,220,66,9
2025-08-14,SKU_011,17,STORE_03,0,0,Rainy,33.0,Home & Kitchen,41.13,78.19,257,73,13
2025-08-14,SKU_012,8,STORE_03,0,0,Rainy,33.0,Home & Kitchen,138.43,215.85,73,53,5
2025-08-14,SKU_013,19,STORE_02,0,0,Rainy,33.0,Groceries,63.38,95.43,292,53,8
2025-08-14,SKU_014,82,STORE_03,0,0,Rainy,33.0,Groceries,114.03,157.27,120,69,7
2025-08-14,SKU_015,6,STORE_01,0,0,Rainy,33.0,Home & Kitchen,28.9,40.43,190,49,3
2025-08-14,SKU_016,21,STORE_03,0,0,Rainy,33.0,Home & Kitchen,66.47,120.94,211,98,3
2025-08-14,SKU_017,8,STORE_03,0,0,Rainy,33.0,Electronics,97.91,176.78,209,72,3
2025-08-14,SKU_018,22,STORE_02,0,0,Rainy,33.0,Groceries,129.16,218.5,226,56,14
2025-08-14,SKU_019,0,STORE_03,0,0,Rainy,33.0,Apparel,107.94,154.53,202,92,8
2025-08-14,SKU_020,31,STORE_03,0,0,Rainy,33.0,Apparel,91.87,157.08,203,69,8
2025-08-15,SKU_001,24,STORE_02,1,20,Stormy,26.4,Groceries,89.11,173.34,225,59,3
2025-08-15,SKU_002,28,STORE_03,1,20,Stormy,26.4,Groceries,93.67,139.52,92,48,10
2025-08-15,SKU_003,27,STORE_02,1,20,Stormy,26.4,Apparel,76.77,144.31,39,57,13
2025-08-15,SKU_004,25,STORE_03,1,20,Stormy,26.4,Apparel,50.71,93.58,178,31,14
2025-08-15,SKU_005,4,STORE_02,1,20,Stormy,26.4,Home & Kitchen,144.78,283.08,13,91,9
2025-08-15,SKU_006,9,STORE_03,1,20,Stormy,26.4,Home & Kitchen,34.27,61.62,116,37,13
2025-08-15,SKU_007,21,STORE_01,1,20,Stormy,26.4,Groceries,63.35,111.77,59,50,13
2025-08-15,SKU_008,24,STORE_01,1,20,Stormy,26.4,Apparel,77.29,104.6,103,100,13
2025-08-15,SKU_009,30,STORE_02,1,20,Stormy,26.4,Electronics,13.65,22.2,97,26,5
2025-08-15,SKU_010,16,STORE_03,1,20,Stormy,26.4,Apparel,54.66,105.41,220,66,9
2025-08-15,SKU_011,24,STORE_01,1,20,Stormy,26.4,Home & Kitchen,41.13,78.19,257,73,13
2025-08-15,SKU_012,8,STORE_02,1,20,Stormy,26.4,Home & Kitchen,138.43,215.85,73,53,5
2025-08-15,SKU_013,12,STORE_03,1,20,Stormy,26.4,Groceries,63.38,95.43,292,53,8
2025-08-15,SKU_014,17,STORE_02,1,20,Stormy,26.4,Groceries,114.03,157.27,120,69,7
2025-08-15,SKU_015,15,STORE_03,1,20,Stormy,26.4,Home & Kitchen,28.9,40.43,190,49,3
2025-08-15,SKU_016,8,STORE_03,1,20,Stormy,26.4,Home & Kitchen,66.47,120.94,211,98,3
2025-08-15,SKU_017,22,STORE_01,1,20,Stormy,26.4,Electronics,97.91,176.78,209,72,3
2025-08-15,SKU_018,19,STORE_02,1,20,Stormy,26.4,Groceries,129.16,218.5,226,56,14
2025-08-15,SKU_019,10,STORE_03,1,20,Stormy,26.4,Apparel,107.94,154.53,202,92,8
2025-08-15,SKU_020,9,STORE_01,1,20,Stormy,26.4,Apparel,91.87,157.08,203,69,8
2025-08-16,SKU_001,39,STORE_03,0,0,Clear,20.7,Groceries,89.11,173.34,225,59,3
2025-08-16,SKU_002,9,STORE_03,0,0,Clear,20.7,Groceries,93.67,139.52,92,48,10
2025-08-16,SKU_003,31,STORE_02,0,0,Clear,20.7,Apparel,76.77,144.31,39,57,13
2025-08-16,SKU_004,14,STORE_01,0,0,Clear,20.7,Apparel,50.71,93.58,178,31,14
2025-08-16,SKU_005,13,STORE_03,0,0,Clear,20.7,Home & Kitchen,144.78,283.08,13,91,9
2025-08-16,SKU_006,88,STORE_02,0,0,Clear,20.7,Home & Kitchen,34.27,61.62,116,37,13
2025-08-16,SKU_007,26,STORE_02,0,0,Clear,20.7,Groceries,63.35,111.77,59,50,13
2025-08-16,SKU_008,5,STORE_02,0,0,Clear,20.7,Apparel,77.29,104.6,103,100,13
2025-08-16,SKU_009,15,STORE_02,0,0,Clear,20.7,Electronics,13.65,22.2,97,26,5
2025-08-16,SKU_010,41,STORE_01,0,0,Clear,20.7,Apparel,54.66,105.41,220,66,9
2025-08-16,SKU_011,33,STORE_03,0,0,Clear,20.7,Home & Kitchen,41.13,78.19,257,73,13
2025-08-16,SKU_012,23,STORE_01,0,0,Clear,20.7,Home & Kitchen,138.43,215.85,73,53,5
2025-08-16,SKU_013,32,STORE_01,0,0,Clear,20.7,Groceries,63.38,95.43,292,53,8
2025-08-16,SKU_014,15,STORE_03,0,0,Clear,20.7,Groceries,114.03,157.27,120,69,7
2025-08-16,SKU_015,19,STORE_03,0,0,Clear,20.7,Home & Kitchen,28.9,40.43,190,49,3
2025-08-16,SKU_016,15,STORE_03,0,0,Clear,20.7,Home & Kitchen,66.47,120.94,211,98,3
2025-08-16,SKU_017,36,STORE_02,0,0,Clear,20.7,Electronics,97.91,176.78,209,72,3
2025-08-16,SKU_018,11,STORE_03,0,0,Clear,20.7,Groceries,129.16,218.5,226,56,14
2025-08-16,SKU_019,13,STORE_01,0,0,Clear,20.7,Apparel,107.94,154.53,202,92,8
2025-08-16,SKU_020,17,STORE_02,0,0,Clear,20.7,Apparel,91.87,157.08,203,69,8
2025-08-17,SKU_001,18,STORE_02,0,0,Rainy,17.3,Groceries,89.11,173.34,225,59,3
2025-08-17,SKU_002,17,STORE_01,0,0,Rainy,17.3,Groceries,93.67,139.52,92,48,10
2025-08-17,SKU_003,9,STORE_02,0,0,Rainy,17.3,Apparel,76.77,144.31,39,57,13
2025-08-17,SKU_004,80,STORE_02,0,0,Rainy,17.3,Apparel,50.71,93.58,178,31,14
2025-08-17,SKU_005,12,STORE_03,0,0,Rainy,17.3,Home & Kitchen,144.78,283.08,13,91,9
2025-08-17,SKU_006,14,STORE_01,0,0,Rainy,17.3,Home & Kitchen,34.27,61.62,116,37,13
2025-08-17,SKU_007,19,STORE_03,0,0,Rainy,17.3,Groceries,63.35,111.77,59,50,13
2025-08-17,SKU_008,34,STORE_02,0,0,Rainy,17.3,Apparel,77.29,104.6,103,100,13
2025-08-17,SKU_009,18,STORE_01,0,0,Rainy,17.3,Electronics,13.65,22.2,97,26,5
2025-08-17,SKU_010,37,STORE_01,0,0,Rainy,17.3,Apparel,54.66,105.41,220,66,9
2025-08-17,SKU_011,20,STORE_01,0,0,Rainy,17.3,Home & Kitchen,41.13,78.19,257,73,13
2025-08-17,SKU_012,29,STORE_03,0,0,Rainy,17.3,Home & Kitchen,138.43,215.85,73,53,5
2025-08-17,SKU_013,20,STORE_01,0,0,Rainy,17.3,Groceries,63.38,95.43,292,53,8
2025-08-17,SKU_014,22,STORE_02,0,0,Rainy,17.3,Groceries,114.03,157.27,120,69,7
2025-08-17,SKU_015,9,STORE_01,0,0,Rainy,17.3,Home & Kitchen,28.9,40.43,190,49,3
2025-08-17,SKU_016,10,STORE_02,0,0,Rainy,17.3,Home & Kitchen,66.47,120.94,211,98,3
2025-08-17,SKU_017,38,STORE_01,0,0,Rainy,17.3,Electronics,97.91,176.78,209,72,3
2025-08-17,SKU_018,16,STORE_01,0,0,Rainy,17.3,Groceries,129.16,218.5,226,56,14
2025-08-17,SKU_019,34,STORE_03,0,0,Rainy,17.3,Apparel,107.94,154.53,202,92,8
2025-08-17,SKU_020,22,STORE_01,0,0,Rainy,17.3,Apparel,91.87,157.08,203,69,8
2025-08-18,SKU_001,27,STORE_02,0,0,Sunny,26.2,Groceries,89.11,173.34,225,59,3
2025-08-18,SKU_002,17,STORE_03,0,0,Sunny,26.2,Groceries,93.67,139.52,92,48,10
2025-08-18,SKU_003,6,STORE_01,0,0,Sunny,26.2,Apparel,76.77,144.31,39,57,13
2025-08-18,SKU_004,20,STORE_03,0,0,Sunny,26.2,Apparel,50.71,93.58,178,31,14
2025-08-18,SKU_005,27,STORE_02,0,0,Sunny,26.2,Home & Kitchen,144.78,283.08,13,91,9
2025-08-18,SKU_006,2,STORE_02,0,0,Sunny,26.2,Home & Kitchen,34.27,61.62,116,37,13
2025-08-18,SKU_007,15,STORE_02,0,0,Sunny,26.2,Groceries,63.35,111.77,59,50,13
2025-08-18,SKU_008,28,STORE_03,0,0,Sunny,26.2,Apparel,77.29,104.6,103,100,13
2025-08-18,SKU_009,15,STORE_01,0,0,Sunny,26.2,Electronics,13.65,22.2,97,26,5
2025-08-18,SKU_010,23,STORE_02,0,0,Sunny,26.2,Apparel,54.66,105.41,220,66,9
2025-08-18,SKU_011,7,STORE_01,0,0,Sunny,26.2,Home & Kitchen,41.13,78.19,257,73,13
2025-08-18,SKU_012,53,STORE_02,0,0,Sunny,26.2,Home & Kitchen,138.43,215.85,73,53,5
2025-08-18,SKU_013,5,STORE_01,0,0,Sunny,26.2,Groceries,63.38,95.43,292,53,8
2025-08-18,SKU_014,16,STORE_03,0,0,Sunny,26.2,Groceries,114.03,157.27,120,69,7
2025-08-18,SKU_015,22,STORE_01,0,0,Sunny,26.2,Home & Kitchen,28.9,40.43,190,49,3
2025-08-18,SKU_016,6,STORE_01,0,0,Sunny,26.2,Home & Kitchen,66.47,120.94,211,98,3
2025-08-18,SKU_017,25,STORE_02,0,0,Sunny,26.2,Electronics,97.91,176.78,209,72,3
2025-08-18,SKU_018,25,STORE_03,0,0,Sunny,26.2,Groceries,129.16,218.5,226,56,14
2025-08-18,SKU_019,12,STORE_01,0,0,Sunny,26.2,Apparel,107.94,154.53,202,92,8
2025-08-18,SKU_020,9,STORE_01,0,0,Sunny,26.2,Apparel,91.87,157.08,203,69,8
2025-08-19,SKU_001,3,STORE_01,0,0,Sunny,27.4,Groceries,89.11,173.34,225,59,3
2025-08-19,SKU_002,11,STORE_02,0,0,Sunny,27.4,Groceries,93.67,139.52,92,48,10
2025-08-19,SKU_003,65,STORE_02,0,0,Sunny,27.4,Apparel,76.77,144.31,39,57,13
2025-08-19,SKU_004,10,STORE_01,0,0,Sunny,27.4,Apparel,50.71,93.58,178,31,14
2025-08-19,SKU_005,23,STORE_03,0,0,Sunny,27.4,Home & Kitchen,144.78,283.08,13,91,9
2025-08-19,SKU_006,28,STORE_03,0,0,Sunny,27.4,Home & Kitchen,34.27,61.62,116,37,13
2025-08-19,SKU_007,18,STORE_03,0,0,Sunny,27.4,Groceries,63.35,111.77,59,50,13
2025-08-19,SKU_008,64,STORE_02,0,0,Sunny,27.4,Apparel,77.29,104.6,103,100,13
2025-08-19,SKU_009,14,STORE_02,0,0,Sunny,27.4,Electronics,13.65,22.2,97,26,5
2025-08-19,SKU_010,19,STORE_02,0,0,Sunny,27.4,Apparel,54.66,105.41,220,66,9
2025-08-19,SKU_011,17,STORE_03,0,0,Sunny,27.4,Home & Kitchen,41.13,78.19,257,73,13
2025-08-19,SKU_012,27,STORE_03,0,0,Sunny,27.4,Home & Kitchen,138.43,215.85,73,53,5
2025-08-19,SKU_013,29,STORE_02,0,0,Sunny,27.4,Groceries,63.38,95.43,292,53,8
2025-08-19,SKU_014,9,STORE_02,0,0,Sunny,27.4,Groceries,114.03,157.27,120,69,7
2025-08-19,SKU_015,5,STORE_03,0,0,Sunny,27.4,Home & Kitchen,28.9,40.43,190,49,3
2025-08-19,SKU_016,11,STORE_01,0,0,Sunny,27.4,Home & Kitchen,66.47,120.94,211,98,3
2025-08-19,SKU_017,17,STORE_01,0,0,Sunny,27.4,Electronics,97.91,176.78,209,72,3
2025-08-19,SKU_018,27,STORE_02,0,0,Sunny,27.4,Groceries,129.16,218.5,226,56,14
2025-08-19,SKU_019,25,STORE_03,0,0,Sunny,27.4,Apparel,107.94,154.53,202,92,8
2025-08-19,SKU_020,24,STORE_01,0,0,Sunny,27.4,Apparel,91.87,157.08,203,69,8
2025-08-20,SKU_001,23,STORE_02,0,0,Sunny,17.1,Groceries,89.11,173.34,225,59,3
2025-08-20,SKU_002,6,STORE_02,0,0,Sunny,17.1,Groceries,93.67,139.52,92,48,10
2025-08-20,SKU_003,24,STORE_03,0,0,Sunny,17.1,Apparel,76.77,144.31,39,57,13
2025-08-20,SKU_004,12,STORE_01,0,0,Sunny,17.1,Apparel,50.71,93.58,178,31,14
2025-08-20,SKU_005,5,STORE_01,0,0,Sunny,17.1,Home & Kitchen,144.78,283.08,13,91,9
2025-08-20,SKU_006,22,STORE_02,0,0,Sunny,17.1,Home & Kitchen,34.27,61.62,116,37,13
2025-08-20,SKU_007,24,STORE_02,0,0,Sunny,17.1,Groceries,63.35,111.77,59,50,13
2025-08-20,SKU_008,8,STORE_01,0,0,Sunny,17.1,Apparel,77.29,104.6,103,100,13
2025-08-20,SKU_009,16,STORE_03,0,0,Sunny,17.1,Electronics,13.65,22.2,97,26,5
2025-08-20,SKU_010,27,STORE_03,0,0,Sunny,17.1,Apparel,54.66,105.41,220,66,9
2025-08-20,SKU_011,29,STORE_03,0,0,Sunny,17.1,Home & Kitchen,41.13,78.19,257,73,13
2025-08-20,SKU_012,11,STORE_03,0,0,Sunny,17.1,Home & Kitchen,138.43,215.85,73,53,5
2025-08-20,SKU_013,20,STORE_02,0,0,Sunny,17.1,Groceries,63.38,95.43,292,53,8
2025-08-20,SKU_014,6,STORE_01,0,0,Sunny,17.1,Groceries,114.03,157.27,120,69,7
2025-08-20,SKU_015,28,STORE_01,0,0,Sunny,17.1,Home & Kitchen,28.9,40.43,190,49,3
2025-08-20,SKU_016,31,STORE_01,0,0,Sunny,17.1,Home & Kitchen,66.47,120.94,211,98,3
2025-08-20,SKU_017,13,STORE_02,0,0,Sunny,17.1,Electronics,97.91,176.78,209,72,3
2025-08-20,SKU_018,6,STORE_02,0,0,Sunny,17.1,Groceries,129.16,218.5,226,56,14
2025-08-20,SKU_019,15,STORE_02,0,0,Sunny,17.1,Apparel,107.94,154.53,202,92,8
2025-08-20,SKU_020,15,STORE_02,0,0,Sunny,17.1,Apparel,91.87,157.08,203,69,8
2025-08-21,SKU_001,11,STORE_03,0,0,Clear,22.8,Groceries,89.11,173.34,225,59,3
2025-08-21,SKU_002,8,STORE_01,0,0,Clear,22.8,Groceries,93.67,139.52,92,48,10
2025-08-21,SKU_003,13,STORE_01,0,0,Clear,22.8,Apparel,76.77,144.31,39,57,13
2025-08-21,SKU_004,5,STORE_01,0,0,Clear,22.8,Apparel,50.71,93.58,178,31,14
2025-08-21,SKU_005,28,STORE_03,0,0,Clear,22.8,Home & Kitchen,144.78,283.08,13,91,9
2025-08-21,SKU_006,13,STORE_03,0,0,Clear,22.8,Home & Kitchen,34.27,61.62,116,37,13
2025-08-21,SKU_007,14,STORE_01,0,0,Clear,22.8,Groceries,63.35,111.77,59,50,13
2025-08-21,SKU_008,20,STORE_01,0,0,Clear,22.8,Apparel,77.29,104.6,103,100,13
2025-08-21,SKU_009,26,STORE_02,0,0,Clear,22.8,Electronics,13.65,22.2,97,26,5
2025-08-21,SKU_010,24,STORE_02,0,0,Clear,22.8,Apparel,54.66,105.41,220,66,9
2025-08-21,SKU_011,10,STORE_02,0,0,Clear,22.8,Home & Kitchen,41.13,78.19,257,73,13
2025-08-21,SKU_012,20,STORE_03,0,0,Clear,22.8,Home & Kitchen,138.43,215.85,73,53,5
2025-08-21,SKU_013,10,STORE_03,0,0,Clear,22.8,Groceries,63.38,95.43,292,53,8
2025-08-21,SKU_014,25,STORE_03,0,0,Clear,22.8,Groceries,114.03,157.27,120,69,7
2025-08-21,SKU_015,5,STORE_01,0,0,Clear,22.8,Home & Kitchen,28.9,40.43,190,49,3
2025-08-21,SKU_016,12,STORE_03,0,0,Clear,22.8,Home & Kitchen,66.47,120.94,211,98,3
2025-08-21,SKU_017,5,STORE_01,0,0,Clear,22.8,Electronics,97.91,176.78,209,72,3
2025-08-21,SKU_018,21,STORE_03,0,0,Clear,22.8,Groceries,129.16,218.5,226,56,14
2025-08-21,SKU_019,7,STORE_03,0,0,Clear,22.8,Apparel,107.94,154.53,202,92,8
2025-08-21,SKU_020,23,STORE_01,0,0,Clear,22.8,Apparel,91.87,157.08,203,69,8
2025-08-22,SKU_001,19,STORE_03,0,0,Rainy,25.0,Groceries,89.11,173.34,225,59,3
2025-08-22,SKU_002,6,STORE_03,0,0,Rainy,25.0,Groceries,93.67,139.52,92,48,10
2025-08-22,SKU_003,23,STORE_02,0,0,Rainy,25.0,Apparel,76.77,144.31,39,57,13
2025-08-22,SKU_004,11,STORE_01,0,0,Rainy,25.0,Apparel,50.71,93.58,178,31,14
2025-08-22,SKU_005,9,STORE_03,0,0,Rainy,25.0,Home & Kitchen,144.78,283.08,13,91,9
2025-08-22,SKU_006,16,STORE_02,0,0,Rainy,25.0,Home & Kitchen,34.27,61.62,116,37,13
2025-08-22,SKU_007,76,STORE_03,0,0,Rainy,25.0,Groceries,63.35,111.77,59,50,13
2025-08-22,SKU_008,23,STORE_01,0,0,Rainy,25.0,Apparel,77.29,104.6,103,100,13
2025-08-22,SKU_009,27,STORE_01,0,0,Rainy,25.0,Electronics,13.65,22.2,97,26,5
2025-08-22,SKU_010,4,STORE_03,0,0,Rainy,25.0,Apparel,54.66,105.41,220,66,9
2025-08-22,SKU_011,96,STORE_01,0,0,Rainy,25.0,Home & Kitchen,41.13,78.19,257,73,13
2025-08-22,SKU_012,12,STORE_03,0,0,Rainy,25.0,Home & Kitchen,138.43,215.85,73,53,5
2025-08-22,SKU_013,23,STORE_03,0,0,Rainy,25.0,Groceries,63.38,95.43,292,53,8
2025-08-22,SKU_014,13,STORE_02,0,0,Rainy,25.0,Groceries,114.03,157.27,120,69,7
2025-08-22,SKU_015,23,STORE_02,0,0,Rainy,25.0,Home & Kitchen,28.9,40.43,190,49,3
2025-08-22,SKU_016,27,STORE_03,0,0,Rainy,25.0,Home & Kitchen,66.47,120.94,211,98,3
2025-08-22,SKU_017,10,STORE_03,0,0,Rainy,25.0,Electronics,97.91,176.78,209,72,3
2025-08-22,SKU_018,30,STORE_03,0,0,Rainy,25.0,Groceries,129.16,218.5,226,56,14
2025-08-22,SKU_019,23,STORE_03,0,0,Rainy,25.0,Apparel,107.94,154.53,202,92,8
2025-08-22,SKU_020,6,STORE_03,0,0,Rainy,25.0,Apparel,91.87,157.08,203,69,8
2025-08-23,SKU_001,24,STORE_03,0,0,Clear,18.9,Groceries,89.11,173.34,225,59,3
2025-08-23,SKU_002,24,STORE_01,0,0,Clear,18.9,Groceries,93.67,139.52,92,48,10
2025-08-23,SKU_003,4,STORE_03,0,0,Clear,18.9,Apparel,76.77,144.31,39,57,13
2025-08-23,SKU_004,35,STORE_03,0,0,Clear,18.9,Apparel,50.71,93.58,178,31,14
2025-08-23,SKU_005,23,STORE_01,0,0,Clear,18.9,Home & Kitchen,144.78,283.08,13,91,9
2025-08-23,SKU_006,13,STORE_03,0,0,Clear,18.9,Home & Kitchen,34.27,61.62,116,37,13
2025-08-23,SKU_007,22,STORE_03,0,0,Clear,18.9,Groceries,63.35,111.77,59,50,13
2025-08-23,SKU_008,34,STORE_03,0,0,Clear,18.9,Apparel,77.29,104.6,103,100,13
2025-08-23,SKU_009,20,STORE_02,0,0,Clear,18.9,Electronics,13.65,22.2,97,26,5
2025-08-23,SKU_010,36,STORE_03,0,0,Clear,18.9,Apparel,54.66,105.41,220,66,9
2025-08-23,SKU_011,28,STORE_02,0,0,Clear,18.9,Home & Kitchen,41.13,78.19,257,73,13
2025-08-23,SKU_012,34,STORE_01,0,0,Clear,18.9,Home & Kitchen,138.43,215.85,73,53,5
2025-08-23,SKU_013,32,STORE_01,0,0,Clear,18.9,Groceries,63.38,95.43,292,53,8
2025-08-23,SKU_014,16,STORE_02,0,0,Clear,18.9,Groceries,114.03,157.27,120,69,7
2025-08-23,SKU_015,40,STORE_01,0,0,Clear,18.9,Home & Kitchen,28.9,40.43,190,49,3
2025-08-23,SKU_016,21,STORE_01,0,0,Clear,18.9,Home & Kitchen,66.47,120.94,211,98,3
2025-08-23,SKU_017,6,STORE_03,0,0,Clear,18.9,Electronics,97.91,176.78,209,72,3
2025-08-23,SKU_018,20,STORE_01,0,0,Clear,18.9,Groceries,129.16,218.5,226,56,14
2025-08-23,SKU_019,24,STORE_03,0,0,Clear,18.9,Apparel,107.94,154.53,202,92,8
2025-08-23,SKU_020,27,STORE_01,0,0,Clear,18.9,Apparel,91.87,157.08,203,69,8
2025-08-24,SKU_001,26,STORE_03,0,0,Rainy,31.3,Groceries,89.11,173.34,225,59,3
2025-08-24,SKU_002,38,STORE_01,0,0,Rainy,31.3,Groceries,93.67,139.52,92,48,10
2025-08-24,SKU_003,25,STORE_03,0,0,Rainy,31.3,Apparel,76.77,144.31,39,57,13
2025-08-24,SKU_004,39,STORE_03,0,0,Rainy,31.3,Apparel,50.71,93.58,178,31,14
2025-08-24,SKU_005,1,STORE_03,0,0,Rainy,31.3,Home & Kitchen,144.78,283.08,13,91,9
2025-08-24,SKU_006,19,STORE_03,0,0,Rainy,31.3,Home & Kitchen,34.27,61.62,116,37,13
2025-08-24,SKU_007,36,STORE_02,0,0,Rainy,31.3,Groceries,63.35,111.77,59,50,13
2025-08-24,SKU_008,17,STORE_01,0,0,Rainy,31.3,Apparel,77.29,104.6,103,100,13
2025-08-24,SKU_009,30,STORE_03,0,0,Rainy,31.3,Electronics,13.65,22.2,97,26,5
2025-08-24,SKU_010,17,STORE_03,0,0,Rainy,31.3,Apparel,54.66,105.41,220,66,9
2025-08-24,SKU_011,95,STORE_02,0,0,Rainy,31.3,Home & Kitchen,41.13,78.19,257,73,13
2025-08-24,SKU_012,6,STORE_01,0,0,Rainy,31.3,Home & Kitchen,138.43,215.85,73,53,5
2025-08-24,SKU_013,20,STORE_02,0,0,Rainy,31.3,Groceries,63.38,95.43,292,53,8
2025-08-24,SKU_014,24,STORE_02,0,0,Rainy,31.3,Groceries,114.03,157.27,120,69,7
2025-08-24,SKU_015,16,STORE_02,0,0,Rainy,31.3,Home & Kitchen,28.9,40.43,190,49,3
2025-08-24,SKU_016,32,STORE_01,0,0,Rainy,31.3,Home & Kitchen,66.47,120.94,211,98,3
2025-08-24,SKU_017,23,STORE_02,0,0,Rainy,31.3,Electronics,97.91,176.78,209,72,3
2025-08-24,SKU_018,29,STORE_02,0,0,Rainy,31.3,Groceries,129.16,218.5,226,56,14
2025-08-24,SKU_019,70,STORE_01,0,0,Rainy,31.3,Apparel,107.94,154.53,202,92,8
2025-08-24,SKU_020,21,STORE_03,0,0,Rainy,31.3,Apparel,91.87,157.08,203,69,8
2025-08-25,SKU_001,19,STORE_01,0,0,Clear,20.7,Groceries,89.11,173.34,225,59,3
2025-08-25,SKU_002,32,STORE_01,0,0,Clear,20.7,Groceries,93.67,139.52,92,48,10
2025-08-25,SKU_003,20,STORE_02,0,0,Clear,20.7,Apparel,76.77,144.31,39,57,13
2025-08-25,SKU_004,25,STORE_02,0,0,Clear,20.7,Apparel,50.71,93.58,178,31,14
2025-08-25,SKU_005,19,STORE_02,0,0,Clear,20.7,Home & Kitchen,144.78,283.08,13,91,9
2025-08-25,SKU_006,14,STORE_03,0,0,Clear,20.7,Home & Kitchen,34.27,61.62,116,37,13
2025-08-25,SKU_007,31,STORE_01,0,0,Clear,20.7,Groceries,63.35,111.77,59,50,13
2025-08-25,SKU_008,17,STORE_01,0,0,Clear,20.7,Apparel,77.29,104.6,103,100,13
2025-08-25,SKU_009,14,STORE_02,0,0,Clear,20.7,Electronics,13.65,22.2,97,26,5
2025-08-25,SKU_010,14,STORE_02,0,0,Clear,20.7,Apparel,54.66,105.41,220,66,9
2025-08-25,SKU_011,13,STORE_01,0,0,Clear,20.7,Home & Kitchen,41.13,78.19,257,73,13
2025-08-25,SKU_012,7,STORE_02,0,0,Clear,20.7,Home & Kitchen,138.43,215.85,73,53,5
2025-08-25,SKU_013,42,STORE_01,0,0,Clear,20.7,Groceries,63.38,95.43,292,53,8
2025-08-25,SKU_014,10,STORE_02,0,0,Clear,20.7,Groceries,114.03,157.27,120,69,7
2025-08-25,SKU_015,20,STORE_03,0,0,Clear,20.7,Home & Kitchen,28.9,40.43,190,49,3
2025-08-25,SKU_016,20,STORE_03,0,0,Clear,20.7,Home & Kitchen,66.47,120.94,211,98,3
2025-08-25,SKU_017,31,STORE_02,0,0,Clear,20.7,Electronics,97.91,176.78,209,72,3
2025-08-25,SKU_018,13,STORE_02,0,0,Clear,20.7,Groceries,129.16,218.5,226,56,14
2025-08-25,SKU_019,4,STORE_01,0,0,Clear,20.7,Apparel,107.94,154.53,202,92,8
2025-08-25,SKU_020,16,STORE_03,0,0,Clear,20.7,Apparel,91.87,157.08,203,69,8
2025-08-26,SKU_001,5,STORE_01,0,0,Clear,29.3,Groceries,89.11,173.34,225,59,3
2025-08-26,SKU_002,9,STORE_02,0,0,Clear,29.3,Groceries,93.67,139.52,92,48,10
2025-08-26,SKU_003,9,STORE_02,0,0,Clear,29.3,Apparel,76.77,144.31,39,57,13
2025-08-26,SKU_004,17,STORE_02,0,0,Clear,29.3,Apparel,50.71,93.58,178,31,14
2025-08-26,SKU_005,9,STORE_02,0,0,Clear,29.3,Home & Kitchen,144.78,283.08,13,91,9
2025-08-26,SKU_006,12,STORE_01,0,0,Clear,29.3,Home & Kitchen,34.27,61.62,116,37,13
2025-08-26,SKU_007,28,STORE_03,0,0,Clear,29.3,Groceries,63.35,111.77,59,50,13
2025-08-26,SKU_008,23,STORE_01,0,0,Clear,29.3,Apparel,77.29,104.6,103,100,13
2025-08-26,SKU_009,19,STORE_01,0,0,Clear,29.3,Electronics,13.65,22.2,97,26,5
2025-08-26,SKU_010,23,STORE_01,0,0,Clear,29.3,Apparel,54.66,105.41,220,66,9
2025-08-26,SKU_011,3,STORE_01,0,0,Clear,29.3,Home & Kitchen,41.13,78.19,257,73,13
2025-08-26,SKU_012,31,STORE_02,0,0,Clear,29.3,Home & Kitchen,138.43,215.85,73,53,5
2025-08-26,SKU_013,19,STORE_01,0,0,Clear,29.3,Groceries,63.38,95.43,292,53,8
2025-08-26,SKU_014,9,STORE_01,0,0,Clear,29.3,Groceries,114.03,157.27,120,69,7
2025-08-26,SKU_015,23,STORE_01,0,0,Clear,29.3,Home & Kitchen,28.9,40.43,190,49,3
2025-08-26,SKU_016,6,STORE_01,0,0,Clear,29.3,Home & Kitchen,66.47,120.94,211,98,3
2025-08-26,SKU_017,6,STORE_03,0,0,Clear,29.3,Electronics,97.91,176.78,209,72,3
2025-08-26,SKU_018,16,STORE_01,0,0,Clear,29.3,Groceries,129.16,218.5,226,56,14
2025-08-26,SKU_019,32,STORE_02,0,0,Clear,29.3,Apparel,107.94,154.53,202,92,8
2025-08-26,SKU_020,1,STORE_03,0,0,Clear,29.3,Apparel,91.87,157.08,203,69,8
2025-08-27,SKU_001,4,STORE_01,0,0,Rainy,33.5,Groceries,89.11,173.34,225,59,3
2025-08-27,SKU_002,31,STORE_01,0,0,Rainy,33.5,Groceries,93.67,139.52,92,48,10
2025-08-27,SKU_003,18,STORE_03,0,0,Rainy,33.5,Apparel,76.77,144.31,39,57,13
2025-08-27,SKU_004,6,STORE_03,0,0,Rainy,33.5,Apparel,50.71,93.58,178,31,14
2025-08-27,SKU_005,21,STORE_02,0,0,Rainy,33.5,Home & Kitchen,144.78,283.08,13,91,9
2025-08-27,SKU_006,71,STORE_03,0,0,Rainy,33.5,Home & Kitchen,34.27,61.62,116,37,13
2025-08-27,SKU_007,23,STORE_02,0,0,Rainy,33.5,Groceries,63.35,111.77,59,50,13
2025-08-27,SKU_008,23,STORE_02,0,0,Rainy,33.5,Apparel,77.29,104.6,103,100,13
2025-08-27,SKU_009,20,STORE_01,0,0,Rainy,33.5,Electronics,13.65,22.2,97,26,5
2025-08-27,SKU_010,12,STORE_03,0,0,Rainy,33.5,Apparel,54.66,105.41,220,66,9
2025-08-27,SKU_011,17,STORE_01,0,0,Rainy,33.5,Home & Kitchen,41.13,78.19,257,73,13
2025-08-27,SKU_012,14,STORE_01,0,0,Rainy,33.5,Home & Kitchen,138.43,215.85,73,53,5
2025-08-27,SKU_013,9,STORE_02,0,0,Rainy,33.5,Groceries,63.38,95.43,292,53,8
2025-08-27,SKU_014,18,STORE_03,0,0,Rainy,33.5,Groceries,114.03,157.27,120,69,7
2025-08-27,SKU_015,10,STORE_03,0,0,Rainy,33.5,Home & Kitchen,28.9,40.43,190,49,3
2025-08-27,SKU_016,28,STORE_02,0,0,Rainy,33.5,Home & Kitchen,66.47,120.94,211,98,3
2025-08-27,SKU_017,12,STORE_03,0,0,Rainy,33.5,Electronics,97.91,176.78,209,72,3
2025-08-27,SKU_018,14,STORE_02,0,0,Rainy,33.5,Groceries,129.16,218.5,226,56,14
2025-08-27,SKU_019,4,STORE_03,0,0,Rainy,33.5,Apparel,107.94,154.53,202,92,8
2025-08-27,SKU_020,11,STORE_03,0,0,Rainy,33.5,Apparel,91.87,157.08,203,69,8
2025-08-28,SKU_001,24,STORE_01,0,0,Rainy,15.9,Groceries,89.11,173.34,225,59,3
2025-08-28,SKU_002,15,STORE_01,0,0,Rainy,15.9,Groceries,93.67,139.52,92,48,10
2025-08-28,SKU_003,13,STORE_01,0,0,Rainy,15.9,Apparel,76.77,144.31,39,57,13
2025-08-28,SKU_004,22,STORE_02,0,0,Rainy,15.9,Apparel,50.71,93.58,178,31,14
2025-08-28,SKU_005,23,STORE_02,0,0,Rainy,15.9,Home & Kitchen,144.78,283.08,13,91,9
2025-08-28,SKU_006,16,STORE_03,0,0,Rainy,15.9,Home & Kitchen,34.27,61.62,116,37,13
2025-08-28,SKU_007,9,STORE_01,0,0,Rainy,15.9,Groceries,63.35,111.77,59,50,13
2025-08-28,SKU_008,13,STORE_01,0,0,Rainy,15.9,Apparel,77.29,104.6,103,100,13
2025-08-28,SKU_009,29,STORE_02,0,0,Rainy,15.9,Electronics,13.65,22.2,97,26,5
2025-08-28,SKU_010,14,STORE_01,0,0,Rainy,15.9,Apparel,54.66,105.41,220,66,9
2025-08-28,SKU_011,31,STORE_03,0,0,Rainy,15.9,Home & Kitchen,41.13,78.19,257,73,13
2025-08-28,SKU_012,34,STORE_03,0,0,Rainy,15.9,Home & Kitchen,138.43,215.85,73,53,5
2025-08-28,SKU_013,5,STORE_01,0,0,Rainy,15.9,Groceries,63.38,95.43,292,53,8
2025-08-28,SKU_014,15,STORE_01,0,0,Rainy,15.9,Groceries,114.03,157.27,120,69,7
2025-08-28,SKU_015,15,STORE_02,0,0,Rainy,15.9,Home & Kitchen,28.9,40.43,190,49,3
2025-08-28,SKU_016,5,STORE_01,0,0,Rainy,15.9,Home & Kitchen,66.47,120.94,211,98,3
2025-08-28,SKU_017,23,STORE_01,0,0,Rainy,15.9,Electronics,97.91,176.78,209,72,3
2025-08-28,SKU_018,18,STORE_01,0,0,Rainy,15.9,Groceries,129.16,218.5,226,56,14
2025-08-28,SKU_019,31,STORE_01,0,0,Rainy,15.9,Apparel,107.94,154.53,202,92,8
2025-08-28,SKU_020,23,STORE_02,0,0,Rainy,15.9,Apparel,91.87,157.08,203,69,8
2025-08-29,SKU_001,74,STORE_01,0,0,Sunny,18.7,Groceries,89.11,173.34,225,59,3
2025-08-29,SKU_002,33,STORE_01,0,0,Sunny,18.7,Groceries,93.67,139.52,92,48,10
2025-08-29,SKU_003,10,STORE_03,0,0,Sunny,18.7,Apparel,76.77,144.31,39,57,13
2025-08-29,SKU_004,23,STORE_02,0,0,Sunny,18.7,Apparel,50.71,93.58,178,31,14
2025-08-29,SKU_005,24,STORE_01,0,0,Sunny,18.7,Home & Kitchen,144.78,283.08,13,91,9
2025-08-29,SKU_006,23,STORE_01,0,0,Sunny,18.7,Home & Kitchen,34.27,61.62,116,37,13
2025-08-29,SKU_007,18,STORE_01,0,0,Sunny,18.7,Groceries,63.35,111.77,59,50,13
2025-08-29,SKU_008,16,STORE_01,0,0,Sunny,18.7,Apparel,77.29,104.6,103,100,13
2025-08-29,SKU_009,15,STORE_03,0,0,Sunny,18.7,Electronics,13.65,22.2,97,26,5
2025-08-29,SKU_010,15,STORE_02,0,0,Sunny,18.7,Apparel,54.66,105.41,220,66,9
2025-08-29,SKU_011,20,STORE_03,0,0,Sunny,18.7,Home & Kitchen,41.13,78.19,257,73,13
2025-08-29,SKU_012,15,STORE_01,0,0,Sunny,18.7,Home & Kitchen,138.43,215.85,73,53,5
2025-08-29,SKU_013,77,STORE_01,0,0,Sunny,18.7,Groceries,63.38,95.43,292,53,8
2025-08-29,SKU_014,9,STORE_02,0,0,Sunny,18.7,Groceries,114.03,157.27,120,69,7
2025-08-29,SKU_015,28,STORE_02,0,0,Sunny,18.7,Home & Kitchen,28.9,40.43,190,49,3
2025-08-29,SKU_016,16,STORE_01,0,0,Sunny,18.7,Home & Kitchen,66.47,120.94,211,98,3
2025-08-29,SKU_017,3,STORE_03,0,0,Sunny,18.7,Electronics,97.91,176.78,209,72,3
2025-08-29,SKU_018,26,STORE_03,0,0,Sunny,18.7,Groceries,129.16,218.5,226,56,14
2025-08-29,SKU_019,15,STORE_01,0,0,Sunny,18.7,Apparel,107.94,154.53,202,92,8
2025-08-29,SKU_020,16,STORE_02,0,0,Sunny,18.7,Apparel,91.87,157.08,203,69,8
2025-08-30,SKU_001,34,STORE_02,0,0,Rainy,20.1,Groceries,89.11,173.34,225,59,3
2025-08-30,SKU_002,16,STORE_03,0,0,Rainy,20.1,Groceries,93.67,139.52,92,48,10
2025-08-30,SKU_003,14,STORE_03,0,0,Rainy,20.1,Apparel,76.77,144.31,39,57,13
2025-08-30,SKU_004,4,STORE_01,0,0,Rainy,20.1,Apparel,50.71,93.58,178,31,14
2025-08-30,SKU_005,4,STORE_02,0,0,Rainy,20.1,Home & Kitchen,144.78,283.08,13,91,9
2025-08-30,SKU_006,39,STORE_02,0,0,Rainy,20.1,Home & Kitchen,34.27,61.62,116,37,13
2025-08-30,SKU_007,28,STORE_01,0,0,Rainy,20.1,Groceries,63.35,111.77,59,50,13
2025-08-30,SKU_008,33,STORE_01,0,0,Rainy,20.1,Apparel,77.29,104.6,103,100,13
2025-08-30,SKU_009,40,STORE_01,0,0,Rainy,20.1,Electronics,13.65,22.2,97,26,5
2025-08-30,SKU_010,60,STORE_02,0,0,Rainy,20.1,Apparel,54.66,105.41,220,66,9
2025-08-30,SKU_011,11,STORE_01,0,0,Rainy,20.1,Home & Kitchen,41.13,78.19,257,73,13
2025-08-30,SKU_012,15,STORE_02,0,0,Rainy,20.1,Home & Kitchen,138.43,215.85,73,53,5
2025-08-30,SKU_013,18,STORE_02,0,0,Rainy,20.1,Groceries,63.38,95.43,292,53,8
2025-08-30,SKU_014,21,STORE_03,0,0,Rainy,20.1,Groceries,114.03,157.27,120,69,7
2025-08-30,SKU_015,26,STORE_01,0,0,Rainy,20.1,Home & Kitchen,28.9,40.43,190,49,3
2025-08-30,SKU_016,8,STORE_02,0,0,Rainy,20.1,Home & Kitchen,66.47,120.94,211,98,3
2025-08-30,SKU_017,27,STORE_02,0,0,Rainy,20.1,Electronics,97.91,176.78,209,72,3
2025-08-30,SKU_018,33,STORE_02,0,0,Rainy,20.1,Groceries,129.16,218.5,226,56,14
2025-08-30,SKU_019,37,STORE_01,0,0,Rainy,20.1,Apparel,107.94,154.53,202,92,8
2025-08-30,SKU_020,18,STORE_02,0,0,Rainy,20.1,Apparel,91.87,157.08,203,69,8
2025-08-31,SKU_001,36,STORE_01,0,0,Stormy,17.2,Groceries,89.11,173.34,225,59,3
2025-08-31,SKU_002,11,STORE_02,0,0,Stormy,17.2,Groceries,93.67,139.52,92,48,10
2025-08-31,SKU_003,22,STORE_02,0,0,Stormy,17.2,Apparel,76.77,144.31,39,57,13
2025-08-31,SKU_004,25,STORE_01,0,0,Stormy,17.2,Apparel,50.71,93.58,178,31,14
2025-08-31,SKU_005,23,STORE_03,0,0,Stormy,17.2,Home & Kitchen,144.78,283.08,13,91,9
2025-08-31,SKU_006,4,STORE_03,0,0,Stormy,17.2,Home & Kitchen,34.27,61.62,116,37,13
2025-08-31,SKU_007,8,STORE_02,0,0,Stormy,17.2,Groceries,63.35,111.77,59,50,13
2025-08-31,SKU_008,43,STORE_02,0,0,Stormy,17.2,Apparel,77.29,104.6,103,100,13
2025-08-31,SKU_009,21,STORE_02,0,0,Stormy,17.2,Electronics,13.65,22.2,97,26,5
2025-08-31,SKU_010,35,STORE_03,0,0,Stormy,17.2,Apparel,54.66,105.41,220,66,9
2025-08-31,SKU_011,31,STORE_03,0,0,Stormy,17.2,Home & Kitchen,41.13,78.19,257,73,13
2025-08-31,SKU_012,13,STORE_01,0,0,Stormy,17.2,Home & Kitchen,138.43,215.85,73,53,5
2025-08-31,SKU_013,52,STORE_01,0,0,Stormy,17.2,Groceries,63.38,95.43,292,53,8
2025-08-31,SKU_014,11,STORE_01,0,0,Stormy,17.2,Groceries,114.03,157.27,120,69,7
2025-08-31,SKU_015,22,STORE_02,0,0,Stormy,17.2,Home & Kitchen,28.9,40.43,190,49,3
2025-08-31,SKU_016,13,STORE_03,0,0,Stormy,17.2,Home & Kitchen,66.47,120.94,211,98,3
2025-08-31,SKU_017,33,STORE_03,0,0,Stormy,17.2,Electronics,97.91,176.78,209,72,3
2025-08-31,SKU_018,38,STORE_01,0,0,Stormy,17.2,Groceries,129.16,218.5,226,56,14
2025-08-31,SKU_019,33,STORE_01,0,0,Stormy,17.2,Apparel,107.94,154.53,202,92,8
2025-08-31,SKU_020,32,STORE_01,0,0,Stormy,17.2,Apparel,91.87,157.08,203,69,8
2025-09-01,SKU_001,14,STORE_02,0,0,Clear,26.3,Groceries,89.11,173.34,225,59,3
2025-09-01,SKU_002,29,STORE_01,0,0,Clear,26.3,Groceries,93.67,139.52,92,48,10
2025-09-01,SKU_003,5,STORE_01,0,0,Clear,26.3,Apparel,76.77,144.31,39,57,13
2025-09-01,SKU_004,1,STORE_02,0,0,Clear,26.3,Apparel,50.71,93.58,178,31,14
2025-09-01,SKU_005,25,STORE_01,0,0,Clear,26.3,Home & Kitchen,144.78,283.08,13,91,9
2025-09-01,SKU_006,19,STORE_02,0,0,Clear,26.3,Home & Kitchen,34.27,61.62,116,37,13
2025-09-01,SKU_007,5,STORE_03,0,0,Clear,26.3,Groceries,63.35,111.77,59,50,13
2025-09-01,SKU_008,23,STORE_03,0,0,Clear,26.3,Apparel,77.29,104.6,103,100,13
2025-09-01,SKU_009,20,STORE_01,0,0,Clear,26.3,Electronics,13.65,22.2,97,26,5
2025-09-01,SKU_010,75,STORE_01,0,0,Clear,26.3,Apparel,54.66,105.41,220,66,9
2025-09-01,SKU_011,19,STORE_01,0,0,Clear,26.3,Home & Kitchen,41.13,78.19,257,73,13
2025-09-01,SKU_012,31,STORE_02,0,0,Clear,26.3,Home & Kitchen,138.43,215.85,73,53,5
2025-09-01,SKU_013,19,STORE_01,0,0,Clear,26.3,Groceries,63.38,95.43,292,53,8
2025-09-01,SKU_014,15,STORE_03,0,0,Clear,26.3,Groceries,114.03,157.27,120,69,7
2025-09-01,SKU_015,6,STORE_01,0,0,Clear,26.3,Home & Kitchen,28.9,40.43,190,49,3
2025-09-01,SKU_016,18,STORE_03,0,0,Clear,26.3,Home & Kitchen,66.47,120.94,211,98,3
2025-09-01,SKU_017,30,STORE_01,0,0,Clear,26.3,Electronics,97.91,176.78,209,72,3
2025-09-01,SKU_018,25,STORE_03,0,0,Clear,26.3,Groceries,129.16,218.5,226,56,14
2025-09-01,SKU_019,21,STORE_03,0,0,Clear,26.3,Apparel,107.94,154.53,202,92,8
2025-09-01,SKU_020,18,STORE_01,0,0,Clear,26.3,Apparel,91.87,157.08,203,69,8
2025-09-02,SKU_001,24,STORE_03,0,0,Sunny,18.4,Groceries,89.11,173.34,225,59,3
2025-09-02,SKU_002,7,STORE_01,0,0,Sunny,18.4,Groceries,93.67,139.52,92,48,10
2025-09-02,SKU_003,17,STORE_01,0,0,Sunny,18.4,Apparel,76.77,144.31,39,57,13
2025-09-02,SKU_004,18,STORE_03,0,0,Sunny,18.4,Apparel,50.71,93.58,178,31,14
2025-09-02,SKU_005,13,STORE_01,0,0,Sunny,18.4,Home & Kitchen,144.78,283.08,13,91,9
2025-09-02,SKU_006,7,STORE_02,0,0,Sunny,18.4,Home & Kitchen,34.27,61.62,116,37,13
2025-09-02,SKU_007,28,STORE_01,0,0,Sunny,18.4,Groceries,63.35,111.77,59,50,13
2025-09-02,SKU_008,29,STORE_02,0,0,Sunny,18.4,Apparel,77.29,104.6,103,100,13
2025-09-02,SKU_009,24,STORE_02,0,0,Sunny,18.4,Electronics,13.65,22.2,97,26,5
2025-09-02,SKU_010,10,STORE_03,0,0,Sunny,18.4,Apparel,54.66,105.41,220,66,9
2025-09-02,SKU_011,28,STORE_03,0,0,Sunny,18.4,Home & Kitchen,41.13,78.19,257,73,13
2025-09-02,SKU_012,25,STORE_01,0,0,Sunny,18.4,Home & Kitchen,138.43,215.85,73,53,5
2025-09-02,SKU_013,19,STORE_03,0,0,Sunny,18.4,Groceries,63.38,95.43,292,53,8
2025-09-02,SKU_014,19,STORE_03,0,0,Sunny,18.4,Groceries,114.03,157.27,120,69,7
2025-09-02,SKU_015,17,STORE_03,0,0,Sunny,18.4,Home & Kitchen,28.9,40.43,190,49,3
2025-09-02,SKU_016,22,STORE_03,0,0,Sunny,18.4,Home & Kitchen,66.47,120.94,211,98,3
2025-09-02,SKU_017,33,STORE_01,0,0,Sunny,18.4,Electronics,97.91,176.78,209,72,3
2025-09-02,SKU_018,12,STORE_03,0,0,Sunny,18.4,Groceries,129.16,218.5,226,56,14
2025-09-02,SKU_019,11,STORE_03,0,0,Sunny,18.4,Apparel,107.94,154.53,202,92,8
2025-09-02,SKU_020,4,STORE_01,0,0,Sunny,18.4,Apparel,91.87,157.08,203,69,8
2025-09-03,SKU_001,28,STORE_01,0,0,Rainy,20.3,Groceries,89.11,173.34,225,59,3
2025-09-03,SKU_002,19,STORE_02,0,0,Rainy,20.3,Groceries,93.67,139.52,92,48,10
2025-09-03,SKU_003,19,STORE_01,0,0,Rainy,20.3,Apparel,76.77,144.31,39,57,13
2025-09-03,SKU_004,21,STORE_03,0,0,Rainy,20.3,Apparel,50.71,93.58,178,31,14
2025-09-03,SKU_005,7,STORE_01,0,0,Rainy,20.3,Home & Kitchen,144.78,283.08,13,91,9
2025-09-03,SKU_006,4,STORE_03,0,0,Rainy,20.3,Home & Kitchen,34.27,61.62,116,37,13
2025-09-03,SKU_007,18,STORE_01,0,0,Rainy,20.3,Groceries,63.35,111.77,59,50,13
2025-09-03,SKU_008,17,STORE_01,0,0,Rainy,20.3,Apparel,77.29,104.6,103,100,13
2025-09-03,SKU_009,5,STORE_03,0,0,Rainy,20.3,Electronics,13.65,22.2,97,26,5
2025-09-03,SKU_010,14,STORE_03,0,0,Rainy,20.3,Apparel,54.66,105.41,220,66,9
2025-09-03,SKU_011,9,STORE_03,0,0,Rainy,20.3,Home & Kitchen,41.13,78.19,257,73,13
2025-09-03,SKU_012,10,STORE_03,0,0,Rainy,20.3,Home & Kitchen,138.43,215.85,73,53,5
2025-09-03,SKU_013,27,STORE_03,0,0,Rainy,20.3,Groceries,63.38,95.43,292,53,8
2025-09-03,SKU_014,94,STORE_02,0,0,Rainy,20.3,Groceries,114.03,157.27,120,69,7
2025-09-03,SKU_015,15,STORE_02,0,0,Rainy,20.3,Home & Kitchen,28.9,40.43,190,49,3
2025-09-03,SKU_016,17,STORE_03,0,0,Rainy,20.3,Home & Kitchen,66.47,120.94,211,98,3
2025-09-03,SKU_017,13,STORE_02,0,0,Rainy,20.3,Electronics,97.91,176.78,209,72,3
2025-09-03,SKU_018,23,STORE_01,0,0,Rainy,20.3,Groceries,129.16,218.5,226,56,14
2025-09-03,SKU_019,18,STORE_02,0,0,Rainy,20.3,Apparel,107.94,154.53,202,92,8
2025-09-03,SKU_020,10,STORE_01,0,0,Rainy,20.3,Apparel,91.87,157.08,203,69,8
2025-09-04,SKU_001,2,STORE_03,0,0,Rainy,24.8,Groceries,89.11,173.34,225,59,3
2025-09-04,SKU_002,19,STORE_03,0,0,Rainy,24.8,Groceries,93.67,139.52,92,48,10
2025-09-04,SKU_003,13,STORE_03,0,0,Rainy,24.8,Apparel,76.77,144.31,39,57,13
2025-09-04,SKU_004,11,STORE_02,0,0,Rainy,24.8,Apparel,50.71,93.58,178,31,14
2025-09-04,SKU_005,17,STORE_03,0,0,Rainy,24.8,Home & Kitchen,144.78,283.08,13,91,9
2025-09-04,SKU_006,27,STORE_01,0,0,Rainy,24.8,Home & Kitchen,34.27,61.62,116,37,13
2025-09-04,SKU_007,18,STORE_03,0,0,Rainy,24.8,Groceries,63.35,111.77,59,50,13
2025-09-04,SKU_008,12,STORE_02,0,0,Rainy,24.8,Apparel,77.29,104.6,103,100,13
2025-09-04,SKU_009,19,STORE_01,0,0,Rainy,24.8,Electronics,13.65,22.2,97,26,5
2025-09-04,SKU_010,21,STORE_02,0,0,Rainy,24.8,Apparel,54.66,105.41,220,66,9
2025-09-04,SKU_011,17,STORE_02,0,0,Rainy,24.8,Home & Kitchen,41.13,78.19,257,73,13
2025-09-04,SKU_012,24,STORE_02,0,0,Rainy,24.8,Home & Kitchen,138.43,215.85,73,53,5
2025-09-04,SKU_013,13,STORE_03,0,0,Rainy,24.8,Groceries,63.38,95.43,292,53,8
2025-09-04,SKU_014,25,STORE_03,0,0,Rainy,24.8,Groceries,114.03,157.27,120,69,7
2025-09-04,SKU_015,11,STORE_02,0,0,Rainy,24.8,Home & Kitchen,28.9,40.43,190,49,3
2025-09-04,SKU_016,10,STORE_02,0,0,Rainy,24.8,Home & Kitchen,66.47,120.94,211,98,3
2025-09-04,SKU_017,20,STORE_03,0,0,Rainy,24.8,Electronics,97.91,176.78,209,72,3
2025-09-04,SKU_018,7,STORE_01,0,0,Rainy,24.8,Groceries,129.16,218.5,226,56,14
2025-09-04,SKU_019,8,STORE_01,0,0,Rainy,24.8,Apparel,107.94,154.53,202,92,8
2025-09-04,SKU_020,24,STORE_03,0,0,Rainy,24.8,Apparel,91.87,157.08,203,69,8
2025-09-05,SKU_001,16,STORE_02,0,0,Sunny,16.7,Groceries,89.11,173.34,225,59,3
2025-09-05,SKU_002,26,STORE_01,0,0,Sunny,16.7,Groceries,93.67,139.52,92,48,10
2025-09-05,SKU_003,18,STORE_02,0,0,Sunny,16.7,Apparel,76.77,144.31,39,57,13
2025-09-05,SKU_004,68,STORE_02,0,0,Sunny,16.7,Apparel,50.71,93.58,178,31,14
2025-09-05,SKU_005,18,STORE_02,0,0,Sunny,16.7,Home & Kitchen,144.78,283.08,13,91,9
2025-09-05,SKU_006,10,STORE_01,0,0,Sunny,16.7,Home & Kitchen,34.27,61.62,116,37,13
2025-09-05,SKU_007,27,STORE_03,0,0,Sunny,16.7,Groceries,63.35,111.77,59,50,13
2025-09-05,SKU_008,28,STORE_03,0,0,Sunny,16.7,Apparel,77.29,104.6,103,100,13
2025-09-05,SKU_009,10,STORE_01,0,0,Sunny,16.7,Electronics,13.65,22.2,97,26,5
2025-09-05,SKU_010,22,STORE_02,0,0,Sunny,16.7,Apparel,54.66,105.41,220,66,9
2025-09-05,SKU_011,8,STORE_03,0,0,Sunny,16.7,Home & Kitchen,41.13,78.19,257,73,13
2025-09-05,SKU_012,6,STORE_03,0,0,Sunny,16.7,Home & Kitchen,138.43,215.85,73,53,5
2025-09-05,SKU_013,7,STORE_02,0,0,Sunny,16.7,Groceries,63.38,95.43,292,53,8
2025-09-05,SKU_014,11,STORE_01,0,0,Sunny,16.7,Groceries,114.03,157.27,120,69,7
2025-09-05,SKU_015,15,STORE_01,0,0,Sunny,16.7,Home & Kitchen,28.9,40.43,190,49,3
2025-09-05,SKU_016,16,STORE_03,0,0,Sunny,16.7,Home & Kitchen,66.47,120.94,211,98,3
2025-09-05,SKU_017,18,STORE_01,0,0,Sunny,16.7,Electronics,97.91,176.78,209,72,3
2025-09-05,SKU_018,9,STORE_01,0,0,Sunny,16.7,Groceries,129.16,218.5,226,56,14
2025-09-05,SKU_019,12,STORE_01,0,0,Sunny,16.7,Apparel,107.94,154.53,202,92,8
2025-09-05,SKU_020,11,STORE_01,0,0,Sunny,16.7,Apparel,91.87,157.08,203,69,8
2025-09-06,SKU_001,34,STORE_01,0,0,Stormy,29.7,Groceries,89.11,173.34,225,59,3
2025-09-06,SKU_002,21,STORE_03,0,0,Stormy,29.7,Groceries,93.67,139.52,92,48,10
2025-09-06,SKU_003,26,STORE_02,0,0,Stormy,29.7,Apparel,76.77,144.31,39,57,13
2025-09-06,SKU_004,17,STORE_02,0,0,Stormy,29.7,Apparel,50.71,93.58,178,31,14
2025-09-06,SKU_005,30,STORE_02,0,0,Stormy,29.7,Home & Kitchen,144.78,283.08,13,91,9
2025-09-06,SKU_006,36,STORE_03,0,0,Stormy,29.7,Home & Kitchen,34.27,61.62,116,37,13
2025-09-06,SKU_007,35,STORE_02,0,0,Stormy,29.7,Groceries,63.35,111.77,59,50,13
2025-09-06,SKU_008,37,STORE_02,0,0,Stormy,29.7,Apparel,77.29,104.6,103,100,13
2025-09-06,SKU_009,35,STORE_01,0,0,Stormy,29.7,Electronics,13.65,22.2,97,26,5
2025-09-06,SKU_010,39,STORE_03,0,0,Stormy,29.7,Apparel,54.66,105.41,220,66,9
2025-09-06,SKU_011,22,STORE_03,0,0,Stormy,29.7,Home & Kitchen,41.13,78.19,257,73,13
2025-09-06,SKU_012,18,STORE_01,0,0,Stormy,29.7,Home & Kitchen,138.43,215.85,73,53,5
2025-09-06,SKU_013,9,STORE_03,0,0,Stormy,29.7,Groceries,63.38,95.43,292,53,8
2025-09-06,SKU_014,11,STORE_03,0,0,Stormy,29.7,Groceries,114.03,157.27,120,69,7
2025-09-06,SKU_015,37,STORE_01,0,0,Stormy,29.7,Home & Kitchen,28.9,40.43,190,49,3
2025-09-06,SKU_016,23,STORE_03,0,0,Stormy,29.7,Home & Kitchen,66.47,120.94,211,98,3
2025-09-06,SKU_017,25,STORE_03,0,0,Stormy,29.7,Electronics,97.91,176.78,209,72,3
2025-09-06,SKU_018,41,STORE_01,0,0,Stormy,29.7,Groceries,129.16,218.5,226,56,14
2025-09-06,SKU_019,42,STORE_01,0,0,Stormy,29.7,Apparel,107.94,154.53,202,92,8
2025-09-06,SKU_020,35,STORE_03,0,0,Stormy,29.7,Apparel,91.87,157.08,203,69,8
2025-09-07,SKU_001,28,STORE_01,0,0,Sunny,25.2,Groceries,89.11,173.34,225,59,3
2025-09-07,SKU_002,10,STORE_01,0,0,Sunny,25.2,Groceries,93.67,139.52,92,48,10
2025-09-07,SKU_003,34,STORE_03,0,0,Sunny,25.2,Apparel,76.77,144.31,39,57,13
2025-09-07,SKU_004,35,STORE_03,0,0,Sunny,25.2,Apparel,50.71,93.58,178,31,14
2025-09-07,SKU_005,28,STORE_01,0,0,Sunny,25.2,Home & Kitchen,144.78,283.08,13,91,9
2025-09-07,SKU_006,28,STORE_01,0,0,Sunny,25.2,Home & Kitchen,34.27,61.62,116,37,13
2025-09-07,SKU_007,13,STORE_01,0,0,Sunny,25.2,Groceries,63.35,111.77,59,50,13
2025-09-07,SKU_008,32,STORE_03,0,0,Sunny,25.2,Apparel,77.29,104.6,103,100,13
2025-09-07,SKU_009,17,STORE_01,0,0,Sunny,25.2,Electronics,13.65,22.2,97,26,5
2025-09-07,SKU_010,13,STORE_03,0,0,Sunny,25.2,Apparel,54.66,105.41,220,66,9
2025-09-07,SKU_011,32,STORE_01,0,0,Sunny,25.2,Home & Kitchen,41.13,78.19,257,73,13
2025-09-07,SKU_012,35,STORE_02,0,0,Sunny,25.2,Home & Kitchen,138.43,215.85,73,53,5
2025-09-07,SKU_013,25,STORE_03,0,0,Sunny,25.2,Groceries,63.38,95.43,292,53,8
2025-09-07,SKU_014,19,STORE_03,0,0,Sunny,25.2,Groceries,114.03,157.27,120,69,7
2025-09-07,SKU_015,18,STORE_03,0,0,Sunny,25.2,Home & Kitchen,28.9,40.43,190,49,3
2025-09-07,SKU_016,35,STORE_03,0,0,Sunny,25.2,Home & Kitchen,66.47,120.94,211,98,3
2025-09-07,SKU_017,6,STORE_03,0,0,Sunny,25.2,Electronics,97.91,176.78,209,72,3
2025-09-07,SKU_018,11,STORE_03,0,0,Sunny,25.2,Groceries,129.16,218.5,226,56,14
2025-09-07,SKU_019,28,STORE_02,0,0,Sunny,25.2,Apparel,107.94,154.53,202,92,8
2025-09-07,SKU_020,116,STORE_01,0,0,Sunny,25.2,Apparel,91.87,157.08,203,69,8
2025-09-08,SKU_001,24,STORE_02,1,20,Sunny,17.0,Groceries,89.11,173.34,225,59,3
2025-09-08,SKU_002,26,STORE_03,1,20,Sunny,17.0,Groceries,93.67,139.52,92,48,10
2025-09-08,SKU_003,21,STORE_01,1,20,Sunny,17.0,Apparel,76.77,144.31,39,57,13
2025-09-08,SKU_004,31,STORE_02,1,20,Sunny,17.0,Apparel,50.71,93.58,178,31,14
2025-09-08,SKU_005,16,STORE_02,1,20,Sunny,17.0,Home & Kitchen,144.78,283.08,13,91,9
2025-09-08,SKU_006,16,STORE_02,1,20,Sunny,17.0,Home & Kitchen,34.27,61.62,116,37,13
2025-09-08,SKU_007,17,STORE_01,1,20,Sunny,17.0,Groceries,63.35,111.77,59,50,13
2025-09-08,SKU_008,16,STORE_01,1,20,Sunny,17.0,Apparel,77.29,104.6,103,100,13
2025-09-08,SKU_009,8,STORE_01,1,20,Sunny,17.0,Electronics,13.65,22.2,97,26,5
2025-09-08,SKU_010,16,STORE_03,1,20,Sunny,17.0,Apparel,54.66,105.41,220,66,9
2025-09-08,SKU_011,53,STORE_01,1,20,Sunny,17.0,Home & Kitchen,41.13,78.19,257,73,13
2025-09-08,SKU_012,28,STORE_03,1,20,Sunny,17.0,Home & Kitchen,138.43,215.85,73,53,5
2025-09-08,SKU_013,26,STORE_01,1,20,Sunny,17.0,Groceries,63.38,95.43,292,53,8
2025-09-08,SKU_014,7,STORE_01,1,20,Sunny,17.0,Groceries,114.03,157.27,120,69,7
2025-09-08,SKU_015,24,STORE_01,1,20,Sunny,17.0,Home & Kitchen,28.9,40.43,190,49,3
2025-09-08,SKU_016,13,STORE_03,1,20,Sunny,17.0,Home & Kitchen,66.47,120.94,211,98,3
2025-09-08,SKU_017,15,STORE_03,1,20,Sunny,17.0,Electronics,97.91,176.78,209,72,3
2025-09-08,SKU_018,19,STORE_03,1,20,Sunny,17.0,Groceries,129.16,218.5,226,56,14
2025-09-08,SKU_019,4,STORE_01,1,20,Sunny,17.0,Apparel,107.94,154.53,202,92,8
2025-09-08,SKU_020,21,STORE_02,1,20,Sunny,17.0,Apparel,91.87,157.08,203,69,8
2025-09-09,SKU_001,25,STORE_01,0,0,Stormy,33.5,Groceries,89.11,173.34,225,59,3
2025-09-09,SKU_002,16,STORE_02,0,0,Stormy,33.5,Groceries,93.67,139.52,92,48,10
2025-09-09,SKU_003,7,STORE_03,0,0,Stormy,33.5,Apparel,76.77,144.31,39,57,13
2025-09-09,SKU_004,15,STORE_02,0,0,Stormy,33.5,Apparel,50.71,93.58,178,31,14
2025-09-09,SKU_005,13,STORE_02,0,0,Stormy,33.5,Home & Kitchen,144.78,283.08,13,91,9
2025-09-09,SKU_006,5,STORE_01,0,0,Stormy,33.5,Home & Kitchen,34.27,61.62,116,37,13
2025-09-09,SKU_007,26,STORE_03,0,0,Stormy,33.5,Groceries,63.35,111.77,59,50,13
2025-09-09,SKU_008,14,STORE_02,0,0,Stormy,33.5,Apparel,77.29,104.6,103,100,13
2025-09-09,SKU_009,47,STORE_02,0,0,Stormy,33.5,Electronics,13.65,22.2,97,26,5
2025-09-09,SKU_010,17,STORE_01,0,0,Stormy,33.5,Apparel,54.66,105.41,220,66,9
2025-09-09,SKU_011,19,STORE_01,0,0,Stormy,33.5,Home & Kitchen,41.13,78.19,257,73,13
2025-09-09,SKU_012,19,STORE_01,0,0,Stormy,33.5,Home & Kitchen,138.43,215.85,73,53,5
2025-09-09,SKU_013,12,STORE_02,0,0,Stormy,33.5,Groceries,63.38,95.43,292,53,8
2025-09-09,SKU_014,9,STORE_02,0,0,Stormy,33.5,Groceries,114.03,157.27,120,69,7
2025-09-09,SKU_015,8,STORE_03,0,0,Stormy,33.5,Home & Kitchen,28.9,40.43,190,49,3
2025-09-09,SKU_016,32,STORE_01,0,0,Stormy,33.5,Home & Kitchen,66.47,120.94,211,98,3
2025-09-09,SKU_017,12,STORE_01,0,0,Stormy,33.5,Electronics,97.91,176.78,209,72,3
2025-09-09,SKU_018,13,STORE_01,0,0,Stormy,33.5,Groceries,129.16,218.5,226,56,14
2025-09-09,SKU_019,25,STORE_02,0,0,Stormy,33.5,Apparel,107.94,154.53,202,92,8
2025-09-09,SKU_020,24,STORE_02,0,0,Stormy,33.5,Apparel,91.87,157.08,203,69,8
2025-09-10,SKU_001,10,STORE_01,1,20,Stormy,31.1,Groceries,89.11,173.34,225,59,3
2025-09-10,SKU_002,25,STORE_02,1,20,Stormy,31.1,Groceries,93.67,139.52,92,48,10
2025-09-10,SKU_003,10,STORE_01,1,20,Stormy,31.1,Apparel,76.77,144.31,39,57,13
2025-09-10,SKU_004,29,STORE_03,1,20,Stormy,31.1,Apparel,50.71,93.58,178,31,14
2025-09-10,SKU_005,7,STORE_01,1,20,Stormy,31.1,Home & Kitchen,144.78,283.08,13,91,9
2025-09-10,SKU_006,29,STORE_03,1,20,Stormy,31.1,Home & Kitchen,34.27,61.62,116,37,13
2025-09-10,SKU_007,27,STORE_03,1,20,Stormy,31.1,Groceries,63.35,111.77,59,50,13
2025-09-10,SKU_008,6,STORE_02,1,20,Stormy,31.1,Apparel,77.29,104.6,103,100,13
2025-09-10,SKU_009,13,STORE_03,1,20,Stormy,31.1,Electronics,13.65,22.2,97,26,5
2025-09-10,SKU_010,16,STORE_02,1,20,Stormy,31.1,Apparel,54.66,105.41,220,66,9
2025-09-10,SKU_011,10,STORE_03,1,20,Stormy,31.1,Home & Kitchen,41.13,78.19,257,73,13
2025-09-10,SKU_012,29,STORE_03,1,20,Stormy,31.1,Home & Kitchen,138.43,215.85,73,53,5
2025-09-10,SKU_013,9,STORE_01,1,20,Stormy,31.1,Groceries,63.38,95.43,292,53,8
2025-09-10,SKU_014,13,STORE_01,1,20,Stormy,31.1,Groceries,114.03,157.27,120,69,7
2025-09-10,SKU_015,8,STORE_02,1,20,Stormy,31.1,Home & Kitchen,28.9,40.43,190,49,3
2025-09-10,SKU_016,9,STORE_01,1,20,Stormy,31.1,Home & Kitchen,66.47,120.94,211,98,3
2025-09-10,SKU_017,13,STORE_01,1,20,Stormy,31.1,Electronics,97.91,176.78,209,72,3
2025-09-10,SKU_018,22,STORE_03,1,20,Stormy,31.1,Groceries,129.16,218.5,226,56,14
2025-09-10,SKU_019,15,STORE_02,1,20,Stormy,31.1,Apparel,107.94,154.53,202,92,8
2025-09-10,SKU_020,14,STORE_03,1,20,Stormy,31.1,Apparel,91.87,157.08,203,69,8
2025-09-11,SKU_001,17,STORE_01,1,30,Sunny,23.5,Groceries,89.11,173.34,225,59,3
2025-09-11,SKU_002,18,STORE_03,1,30,Sunny,23.5,Groceries,93.67,139.52,92,48,10
2025-09-11,SKU_003,5,STORE_03,1,30,Sunny,23.5,Apparel,76.77,144.31,39,57,13
2025-09-11,SKU_004,37,STORE_01,1,30,Sunny,23.5,Apparel,50.71,93.58,178,31,14
2025-09-11,SKU_005,28,STORE_03,1,30,Sunny,23.5,Home & Kitchen,144.78,283.08,13,91,9
2025-09-11,SKU_006,8,STORE_02,1,30,Sunny,23.5,Home & Kitchen,34.27,61.62,116,37,13
2025-09-11,SKU_007,25,STORE_03,1,30,Sunny,23.5,Groceries,63.35,111.77,59,50,13
2025-09-11,SKU_008,16,STORE_02,1,30,Sunny,23.5,Apparel,77.29,104.6,103,100,13
2025-09-11,SKU_009,19,STORE_02,1,30,Sunny,23.5,Electronics,13.65,22.2,97,26,5
2025-09-11,SKU_010,10,STORE_03,1,30,Sunny,23.5,Apparel,54.66,105.41,220,66,9
2025-09-11,SKU_011,19,STORE_01,1,30,Sunny,23.5,Home & Kitchen,41.13,78.19,257,73,13
2025-09-11,SKU_012,7,STORE_03,1,30,Sunny,23.5,Home & Kitchen,138.43,215.85,73,53,5
2025-09-11,SKU_013,23,STORE_02,1,30,Sunny,23.5,Groceries,63.38,95.43,292,53,8
2025-09-11,SKU_014,30,STORE_02,1,30,Sunny,23.5,Groceries,114.03,157.27,120,69,7
2025-09-11,SKU_015,6,STORE_03,1,30,Sunny,23.5,Home & Kitchen,28.9,40.43,190,49,3
2025-09-11,SKU_016,4,STORE_02,1,30,Sunny,23.5,Home & Kitchen,66.47,120.94,211,98,3
2025-09-11,SKU_017,18,STORE_03,1,30,Sunny,23.5,Electronics,97.91,176.78,209,72,3
2025-09-11,SKU_018,27,STORE_01,1,30,Sunny,23.5,Groceries,129.16,218.5,226,56,14
2025-09-11,SKU_019,11,STORE_01,1,30,Sunny,23.5,Apparel,107.94,154.53,202,92,8
2025-09-11,SKU_020,24,STORE_01,1,30,Sunny,23.5,Apparel,91.87,157.08,203,69,8
2025-09-12,SKU_001,43,STORE_02,0,0,Stormy,17.8,Groceries,89.11,173.34,225,59,3
2025-09-12,SKU_002,11,STORE_01,0,0,Stormy,17.8,Groceries,93.67,139.52,92,48,10
2025-09-12,SKU_003,6,STORE_01,0,0,Stormy,17.8,Apparel,76.77,144.31,39,57,13
2025-09-12,SKU_004,15,STORE_03,0,0,Stormy,17.8,Apparel,50.71,93.58,178,31,14
2025-09-12,SKU_005,1,STORE_02,0,0,Stormy,17.8,Home & Kitchen,144.78,283.08,13,91,9
2025-09-12,SKU_006,15,STORE_02,0,0,Stormy,17.8,Home & Kitchen,34.27,61.62,116,37,13
2025-09-12,SKU_007,21,STORE_03,0,0,Stormy,17.8,Groceries,63.35,111.77,59,50,13
2025-09-12,SKU_008,30,STORE_02,0,0,Stormy,17.8,Apparel,77.29,104.6,103,100,13
2025-09-12,SKU_009,8,STORE_02,0,0,Stormy,17.8,Electronics,13.65,22.2,97,26,5
2025-09-12,SKU_010,15,STORE_02,0,0,Stormy,17.8,Apparel,54.66,105.41,220,66,9
2025-09-12,SKU_011,23,STORE_01,0,0,Stormy,17.8,Home & Kitchen,41.13,78.19,257,73,13
2025-09-12,SKU_012,78,STORE_01,0,0,Stormy,17.8,Home & Kitchen,138.43,215.85,73,53,5
2025-09-12,SKU_013,21,STORE_01,0,0,Stormy,17.8,Groceries,63.38,95.43,292,53,8
2025-09-12,SKU_014,33,STORE_02,0,0,Stormy,17.8,Groceries,114.03,157.27,120,69,7
2025-09-12,SKU_015,23,STORE_02,0,0,Stormy,17.8,Home & Kitchen,28.9,40.43,190,49,3
2025-09-12,SKU_016,15,STORE_03,0,0,Stormy,17.8,Home & Kitchen,66.47,120.94,211,98,3
2025-09-12,SKU_017,24,STORE_02,0,0,Stormy,17.8,Electronics,97.91,176.78,209,72,3
2025-09-12,SKU_018,9,STORE_02,0,0,Stormy,17.8,Groceries,129.16,218.5,226,56,14
2025-09-12,SKU_019,31,STORE_02,0,0,Stormy,17.8,Apparel,107.94,154.53,202,92,8
2025-09-12,SKU_020,10,STORE_03,0,0,Stormy,17.8,Apparel,91.87,157.08,203,69,8
2025-09-13,SKU_001,8,STORE_02,1,10,Stormy,28.9,Groceries,89.11,173.34,225,59,3
2025-09-13,SKU_002,10,STORE_03,1,10,Stormy,28.9,Groceries,93.67,139.52,92,48,10
2025-09-13,SKU_003,4,STORE_03,1,10,Stormy,28.9,Apparel,76.77,144.31,39,57,13
2025-09-13,SKU_004,8,STORE_03,1,10,Stormy,28.9,Apparel,50.71,93.58,178,31,14
2025-09-13,SKU_005,24,STORE_01,1,10,Stormy,28.9,Home & Kitchen,144.78,283.08,13,91,9
2025-09-13,SKU_006,7,STORE_03,1,10,Stormy,28.9,Home & Kitchen,34.27,61.62,116,37,13
2025-09-13,SKU_007,13,STORE_02,1,10,Stormy,28.9,Groceries,63.35,111.77,59,50,13
2025-09-13,SKU_008,7,STORE_03,1,10,Stormy,28.9,Apparel,77.29,104.6,103,100,13
2025-09-13,SKU_009,33,STORE_02,1,10,Stormy,28.9,Electronics,13.65,22.2,97,26,5
2025-09-13,SKU_010,17,STORE_02,1,10,Stormy,28.9,Apparel,54.66,105.41,220,66,9
2025-09-13,SKU_011,23,STORE_02,1,10,Stormy,28.9,Home & Kitchen,41.13,78.19,257,73,13
2025-09-13,SKU_012,34,STORE_02,1,10,Stormy,28.9,Home & Kitchen,138.43,215.85,73,53,5
2025-09-13,SKU_013,24,STORE_01,1,10,Stormy,28.9,Groceries,63.38,95.43,292,53,8
2025-09-13,SKU_014,38,STORE_01,1,10,Stormy,28.9,Groceries,114.03,157.27,120,69,7
2025-09-13,SKU_015,30,STORE_03,1,10,Stormy,28.9,Home & Kitchen,28.9,40.43,190,49,3
2025-09-13,SKU_016,10,STORE_01,1,10,Stormy,28.9,Home & Kitchen,66.47,120.94,211,98,3
2025-09-13,SKU_017,24,STORE_02,1,10,Stormy,28.9,Electronics,97.91,176.78,209,72,3
2025-09-13,SKU_018,30,STORE_03,1,10,Stormy,28.9,Groceries,129.16,218.5,226,56,14
2025-09-13,SKU_019,37,STORE_03,1,10,Stormy,28.9,Apparel,107.94,154.53,202,92,8
2025-09-13,SKU_020,90,STORE_02,1,10,Stormy,28.9,Apparel,91.87,157.08,203,69,8
2025-09-14,SKU_001,33,STORE_02,0,0,Stormy,20.1,Groceries,89.11,173.34,225,59,3
2025-09-14,SKU_002,9,STORE_02,0,0,Stormy,20.1,Groceries,93.67,139.52,92,48,10
2025-09-14,SKU_003,12,STORE_01,0,0,Stormy,20.1,Apparel,76.77,144.31,39,57,13
2025-09-14,SKU_004,26,STORE_03,0,0,Stormy,20.1,Apparel,50.71,93.58,178,31,14
2025-09-14,SKU_005,9,STORE_01,0,0,Stormy,20.1,Home & Kitchen,144.78,283.08,13,91,9
2025-09-14,SKU_006,9,STORE_01,0,0,Stormy,20.1,Home & Kitchen,34.27,61.62,116,37,13
2025-09-14,SKU_007,36,STORE_03,0,0,Stormy,20.1,Groceries,63.35,111.77,59,50,13
2025-09-14,SKU_008,38,STORE_01,0,0,Stormy,20.1,Apparel,77.29,104.6,103,100,13
2025-09-14,SKU_009,9,STORE_03,0,0,Stormy,20.1,Electronics,13.65,22.2,97,26,5
2025-09-14,SKU_010,5,STORE_03,0,0,Stormy,20.1,Apparel,54.66,105.41,220,66,9
2025-09-14,SKU_011,40,STORE_01,0,0,Stormy,20.1,Home & Kitchen,41.13,78.19,257,73,13
2025-09-14,SKU_012,2,STORE_02,0,0,Stormy,20.1,Home & Kitchen,138.43,215.85,73,53,5
2025-09-14,SKU_013,17,STORE_01,0,0,Stormy,20.1,Groceries,63.38,95.43,292,53,8
2025-09-14,SKU_014,25,STORE_01,0,0,Stormy,20.1,Groceries,114.03,157.27,120,69,7
2025-09-14,SKU_015,35,STORE_01,0,0,Stormy,20.1,Home & Kitchen,28.9,40.43,190,49,3
2025-09-14,SKU_016,9,STORE_02,0,0,Stormy,20.1,Home & Kitchen,66.47,120.94,211,98,3
2025-09-14,SKU_017,22,STORE_01,0,0,Stormy,20.1,Electronics,97.91,176.78,209,72,3
2025-09-14,SKU_018,31,STORE_03,0,0,Stormy,20.1,Groceries,129.16,218.5,226,56,14
2025-09-14,SKU_019,18,STORE_03,0,0,Stormy,20.1,Apparel,107.94,154.53,202,92,8
2025-09-14,SKU_020,7,STORE_01,0,0,Stormy,20.1,Apparel,91.87,157.08,203,69,8
2025-09-15,SKU_001,32,STORE_01,0,0,Stormy,32.4,Groceries,89.11,173.34,225,59,3
2025-09-15,SKU_002,18,STORE_01,0,0,Stormy,32.4,Groceries,93.67,139.52,92,48,10
2025-09-15,SKU_003,10,STORE_02,0,0,Stormy,32.4,Apparel,76.77,144.31,39,57,13
2025-09-15,SKU_004,17,STORE_03,0,0,Stormy,32.4,Apparel,50.71,93.58,178,31,14
2025-09-15,SKU_005,22,STORE_03,0,0,Stormy,32.4,Home & Kitchen,144.78,283.08,13,91,9
2025-09-15,SKU_006,22,STORE_01,0,0,Stormy,32.4,Home & Kitchen,34.27,61.62,116,37,13
2025-09-15,SKU_007,19,STORE_02,0,0,Stormy,32.4,Groceries,63.35,111.77,59,50,13
2025-09-15,SKU_008,12,STORE_02,0,0,Stormy,32.4,Apparel,77.29,104.6,103,100,13
2025-09-15,SKU_009,13,STORE_01,0,0,Stormy,32.4,Electronics,13.65,22.2,97,26,5
2025-09-15,SKU_010,12,STORE_01,0,0,Stormy,32.4,Apparel,54.66,105.41,220,66,9
2025-09-15,SKU_011,26,STORE_03,0,0,Stormy,32.4,Home & Kitchen,41.13,78.19,257,73,13
2025-09-15,SKU_012,29,STORE_03,0,0,Stormy,32.4,Home & Kitchen,138.43,215.85,73,53,5
2025-09-15,SKU_013,76,STORE_03,0,0,Stormy,32.4,Groceries,63.38,95.43,292,53,8
2025-09-15,SKU_014,10,STORE_01,0,0,Stormy,32.4,Groceries,114.03,157.27,120,69,7
2025-09-15,SKU_015,17,STORE_03,0,0,Stormy,32.4,Home & Kitchen,28.9,40.43,190,49,3
2025-09-15,SKU_016,32,STORE_03,0,0,Stormy,32.4,Home & Kitchen,66.47,120.94,211,98,3
2025-09-15,SKU_017,30,STORE_03,0,0,Stormy,32.4,Electronics,97.91,176.78,209,72,3
2025-09-15,SKU_018,13,STORE_03,0,0,Stormy,32.4,Groceries,129.16,218.5,226,56,14
2025-09-15,SKU_019,23,STORE_01,0,0,Stormy,32.4,Apparel,107.94,154.53,202,92,8
2025-09-15,SKU_020,4,STORE_02,0,0,Stormy,32.4,Apparel,91.87,157.08,203,69,8
2025-09-16,SKU_001,26,STORE_03,0,0,Clear,19.0,Groceries,89.11,173.34,225,59,3
2025-09-16,SKU_002,5,STORE_02,0,0,Clear,19.0,Groceries,93.67,139.52,92,48,10
2025-09-16,SKU_003,7,STORE_01,0,0,Clear,19.0,Apparel,76.77,144.31,39,57,13
2025-09-16,SKU_004,20,STORE_02,0,0,Clear,19.0,Apparel,50.71,93.58,178,31,14
2025-09-16,SKU_005,27,STORE_02,0,0,Clear,19.0,Home & Kitchen,144.78,283.08,13,91,9
2025-09-16,SKU_006,30,STORE_02,0,0,Clear,19.0,Home & Kitchen,34.27,61.62,116,37,13
2025-09-16,SKU_007,17,STORE_01,0,0,Clear,19.0,Groceries,63.35,111.77,59,50,13
2025-09-16,SKU_008,17,STORE_02,0,0,Clear,19.0,Apparel,77.29,104.6,103,100,13
2025-09-16,SKU_009,17,STORE_02,0,0,Clear,19.0,Electronics,13.65,22.2,97,26,5
2025-09-16,SKU_010,19,STORE_01,0,0,Clear,19.0,Apparel,54.66,105.41,220,66,9
2025-09-16,SKU_011,6,STORE_02,0,0,Clear,19.0,Home & Kitchen,41.13,78.19,257,73,13
2025-09-16,SKU_012,27,STORE_03,0,0,Clear,19.0,Home & Kitchen,138.43,215.85,73,53,5
2025-09-16,SKU_013,8,STORE_03,0,0,Clear,19.0,Groceries,63.38,95.43,292,53,8
2025-09-16,SKU_014,25,STORE_03,0,0,Clear,19.0,Groceries,114.03,157.27,120,69,7
2025-09-16,SKU_015,4,STORE_02,0,0,Clear,19.0,Home & Kitchen,28.9,40.43,190,49,3
2025-09-16,SKU_016,23,STORE_03,0,0,Clear,19.0,Home & Kitchen,66.47,120.94,211,98,3
2025-09-16,SKU_017,19,STORE_03,0,0,Clear,19.0,Electronics,97.91,176.78,209,72,3
2025-09-16,SKU_018,7,STORE_03,0,0,Clear,19.0,Groceries,129.16,218.5,226,56,14
2025-09-16,SKU_019,48,STORE_01,0,0,Clear,19.0,Apparel,107.94,154.53,202,92,8
2025-09-16,SKU_020,8,STORE_03,0,0,Clear,19.0,Apparel,91.87,157.08,203,69,8
2025-09-17,SKU_001,11,STORE_01,0,0,Clear,15.1,Groceries,89.11,173.34,225,59,3
2025-09-17,SKU_002,3,STORE_03,0,0,Clear,15.1,Groceries,93.67,139.52,92,48,10
2025-09-17,SKU_003,48,STORE_03,0,0,Clear,15.1,Apparel,76.77,144.31,39,57,13
2025-09-17,SKU_004,18,STORE_01,0,0,Clear,15.1,Apparel,50.71,93.58,178,31,14
2025-09-17,SKU_005,16,STORE_03,0,0,Clear,15.1,Home & Kitchen,144.78,283.08,13,91,9
2025-09-17,SKU_006,12,STORE_02,0,0,Clear,15.1,Home & Kitchen,34.27,61.62,116,37,13
2025-09-17,SKU_007,17,STORE_02,0,0,Clear,15.1,Groceries,63.35,111.77,59,50,13
2025-09-17,SKU_008,22,STORE_02,0,0,Clear,15.1,Apparel,77.29,104.6,103,100,13
2025-09-17,SKU_009,26,STORE_02,0,0,Clear,15.1,Electronics,13.65,22.2,97,26,5
2025-09-17,SKU_010,23,STORE_01,0,0,Clear,15.1,Apparel,54.66,105.41,220,66,9
2025-09-17,SKU_011,33,STORE_01,0,0,Clear,15.1,Home & Kitchen,41.13,78.19,257,73,13
2025-09-17,SKU_012,16,STORE_02,0,0,Clear,15.1,Home & Kitchen,138.43,215.85,73,53,5
2025-09-17,SKU_013,8,STORE_03,0,0,Clear,15.1,Groceries,63.38,95.43,292,53,8
2025-09-17,SKU_014,10,STORE_01,0,0,Clear,15.1,Groceries,114.03,157.27,120,69,7
2025-09-17,SKU_015,25,STORE_03,0,0,Clear,15.1,Home & Kitchen,28.9,40.43,190,49,3
2025-09-17,SKU_016,14,STORE_02,0,0,Clear,15.1,Home & Kitchen,66.47,120.94,211,98,3
2025-09-17,SKU_017,12,STORE_01,0,0,Clear,15.1,Electronics,97.91,176.78,209,72,3
2025-09-17,SKU_018,28,STORE_01,0,0,Clear,15.1,Groceries,129.16,218.5,226,56,14
2025-09-17,SKU_019,12,STORE_01,0,0,Clear,15.1,Apparel,107.94,154.53,202,92,8
2025-09-17,SKU_020,26,STORE_02,0,0,Clear,15.1,Apparel,91.87,157.08,203,69,8
2025-09-18,SKU_001,20,STORE_01,1,10,Rainy,22.0,Groceries,89.11,173.34,225,59,3
2025-09-18,SKU_002,23,STORE_02,1,10,Rainy,22.0,Groceries,93.67,139.52,92,48,10
2025-09-18,SKU_003,36,STORE_01,1,10,Rainy,22.0,Apparel,76.77,144.31,39,57,13
2025-09-18,SKU_004,16,STORE_02,1,10,Rainy,22.0,Apparel,50.71,93.58,178,31,14
2025-09-18,SKU_005,14,STORE_02,1,10,Rainy,22.0,Home & Kitchen,144.78,283.08,13,91,9
2025-09-18,SKU_006,22,STORE_01,1,10,Rainy,22.0,Home & Kitchen,34.27,61.62,116,37,13
2025-09-18,SKU_007,11,STORE_03,1,10,Rainy,22.0,Groceries,63.35,111.77,59,50,13
2025-09-18,SKU_008,26,STORE_03,1,10,Rainy,22.0,Apparel,77.29,104.6,103,100,13
2025-09-18,SKU_009,17,STORE_03,1,10,Rainy,22.0,Electronics,13.65,22.2,97,26,5
2025-09-18,SKU_010,22,STORE_03,1,10,Rainy,22.0,Apparel,54.66,105.41,220,66,9
2025-09-18,SKU_011,14,STORE_02,1,10,Rainy,22.0,Home & Kitchen,41.13,78.19,257,73,13
2025-09-18,SKU_012,16,STORE_02,1,10,Rainy,22.0,Home & Kitchen,138.43,215.85,73,53,5
2025-09-18,SKU_013,18,STORE_01,1,10,Rainy,22.0,Groceries,63.38,95.43,292,53,8
2025-09-18,SKU_014,11,STORE_01,1,10,Rainy,22.0,Groceries,114.03,157.27,120,69,7
2025-09-18,SKU_015,16,STORE_03,1,10,Rainy,22.0,Home & Kitchen,28.9,40.43,190,49,3
2025-09-18,SKU_016,26,STORE_02,1,10,Rainy,22.0,Home & Kitchen,66.47,120.94,211,98,3
2025-09-18,SKU_017,3,STORE_03,1,10,Rainy,22.0,Electronics,97.91,176.78,209,72,3
2025-09-18,SKU_018,19,STORE_01,1,10,Rainy,22.0,Groceries,129.16,218.5,226,56,14
2025-09-18,SKU_019,22,STORE_02,1,10,Rainy,22.0,Apparel,107.94,154.53,202,92,8
2025-09-18,SKU_020,46,STORE_02,1,10,Rainy,22.0,Apparel,91.87,157.08,203,69,8
2025-09-19,SKU_001,12,STORE_03,0,0,Sunny,24.7,Groceries,89.11,173.34,225,59,3
2025-09-19,SKU_002,31,STORE_01,0,0,Sunny,24.7,Groceries,93.67,139.52,92,48,10
2025-09-19,SKU_003,22,STORE_03,0,0,Sunny,24.7,Apparel,76.77,144.31,39,57,13
2025-09-19,SKU_004,24,STORE_01,0,0,Sunny,24.7,Apparel,50.71,93.58,178,31,14
2025-09-19,SKU_005,22,STORE_02,0,0,Sunny,24.7,Home & Kitchen,144.78,283.08,13,91,9
2025-09-19,SKU_006,77,STORE_01,0,0,Sunny,24.7,Home & Kitchen,34.27,61.62,116,37,13
2025-09-19,SKU_007,10,STORE_03,0,0,Sunny,24.7,Groceries,63.35,111.77,59,50,13
2025-09-19,SKU_008,25,STORE_02,0,0,Sunny,24.7,Apparel,77.29,104.6,103,100,13
2025-09-19,SKU_009,11,STORE_02,0,0,Sunny,24.7,Electronics,13.65,22.2,97,26,5
2025-09-19,SKU_010,11,STORE_01,0,0,Sunny,24.7,Apparel,54.66,105.41,220,66,9
2025-09-19,SKU_011,23,STORE_02,0,0,Sunny,24.7,Home & Kitchen,41.13,78.19,257,73,13
2025-09-19,SKU_012,31,STORE_02,0,0,Sunny,24.7,Home & Kitchen,138.43,215.85,73,53,5
2025-09-19,SKU_013,8,STORE_01,0,0,Sunny,24.7,Groceries,63.38,95.43,292,53,8
2025-09-19,SKU_014,17,STORE_01,0,0,Sunny,24.7,Groceries,114.03,157.27,120,69,7
2025-09-19,SKU_015,4,STORE_02,0,0,Sunny,24.7,Home & Kitchen,28.9,40.43,190,49,3
2025-09-19,SKU_016,27,STORE_01,0,0,Sunny,24.7,Home & Kitchen,66.47,120.94,211,98,3
2025-09-19,SKU_017,7,STORE_03,0,0,Sunny,24.7,Electronics,97.91,176.78,209,72,3
2025-09-19,SKU_018,3,STORE_01,0,0,Sunny,24.7,Groceries,129.16,218.5,226,56,14
2025-09-19,SKU_019,15,STORE_02,0,0,Sunny,24.7,Apparel,107.94,154.53,202,92,8
2025-09-19,SKU_020,15,STORE_02,0,0,Sunny,24.7,Apparel,91.87,157.08,203,69,8
2025-09-20,SKU_001,19,STORE_02,0,0,Stormy,19.4,Groceries,89.11,173.34,225,59,3
2025-09-20,SKU_002,26,STORE_02,0,0,Stormy,19.4,Groceries,93.67,139.52,92,48,10
2025-09-20,SKU_003,9,STORE_03,0,0,Stormy,19.4,Apparel,76.77,144.31,39,57,13
2025-09-20,SKU_004,26,STORE_03,0,0,Stormy,19.4,Apparel,50.71,93.58,178,31,14
2025-09-20,SKU_005,32,STORE_03,0,0,Stormy,19.4,Home & Kitchen,144.78,283.08,13,91,9
2025-09-20,SKU_006,26,STORE_01,0,0,Stormy,19.4,Home & Kitchen,34.27,61.62,116,37,13
2025-09-20,SKU_007,16,STORE_01,0,0,Stormy,19.4,Groceries,63.35,111.77,59,50,13
2025-09-20,SKU_008,20,STORE_01,0,0,Stormy,19.4,Apparel,77.29,104.6,103,100,13
2025-09-20,SKU_009,35,STORE_01,0,0,Stormy,19.4,Electronics,13.65,22.2,97,26,5
2025-09-20,SKU_010,40,STORE_02,0,0,Stormy,19.4,Apparel,54.66,105.41,220,66,9
2025-09-20,SKU_011,17,STORE_01,0,0,Stormy,19.4,Home & Kitchen,41.13,78.19,257,73,13
2025-09-20,SKU_012,7,STORE_03,0,0,Stormy,19.4,Home & Kitchen,138.43,215.85,73,53,5
2025-09-20,SKU_013,36,STORE_01,0,0,Stormy,19.4,Groceries,63.38,95.43,292,53,8
2025-09-20,SKU_014,16,STORE_01,0,0,Stormy,19.4,Groceries,114.03,157.27,120,69,7
2025-09-20,SKU_015,39,STORE_01,0,0,Stormy,19.4,Home & Kitchen,28.9,40.43,190,49,3
2025-09-20,SKU_016,18,STORE_01,0,0,Stormy,19.4,Home & Kitchen,66.47,120.94,211,98,3
2025-09-20,SKU_017,14,STORE_03,0,0,Stormy,19.4,Electronics,97.91,176.78,209,72,3
2025-09-20,SKU_018,3,STORE_03,0,0,Stormy,19.4,Groceries,129.16,218.5,226,56,14
2025-09-20,SKU_019,28,STORE_03,0,0,Stormy,19.4,Apparel,107.94,154.53,202,92,8
2025-09-20,SKU_020,42,STORE_01,0,0,Stormy,19.4,Apparel,91.87,157.08,203,69,8
2025-09-21,SKU_001,24,STORE_01,0,0,Stormy,28.3,Groceries,89.11,173.34,225,59,3
2025-09-21,SKU_002,30,STORE_03,0,0,Stormy,28.3,Groceries,93.67,139.52,92,48,10
2025-09-21,SKU_003,14,STORE_02,0,0,Stormy,28.3,Apparel,76.77,144.31,39,57,13
2025-09-21,SKU_004,12,STORE_03,0,0,Stormy,28.3,Apparel,50.71,93.58,178,31,14
2025-09-21,SKU_005,10,STORE_01,0,0,Stormy,28.3,Home & Kitchen,144.78,283.08,13,91,9
2025-09-21,SKU_006,8,STORE_03,0,0,Stormy,28.3,Home & Kitchen,34.27,61.62,116,37,13
2025-09-21,SKU_007,34,STORE_03,0,0,Stormy,28.3,Groceries,63.35,111.77,59,50,13
2025-09-21,SKU_008,30,STORE_02,0,0,Stormy,28.3,Apparel,77.29,104.6,103,100,13
2025-09-21,SKU_009,12,STORE_02,0,0,Stormy,28.3,Electronics,13.65,22.2,97,26,5
2025-09-21,SKU_010,12,STORE_03,0,0,Stormy,28.3,Apparel,54.66,105.41,220,66,9
2025-09-21,SKU_011,36,STORE_02,0,0,Stormy,28.3,Home & Kitchen,41.13,78.19,257,73,13
2025-09-21,SKU_012,13,STORE_03,0,0,Stormy,28.3,Home & Kitchen,138.43,215.85,73,53,5
2025-09-21,SKU_013,17,STORE_01,0,0,Stormy,28.3,Groceries,63.38,95.43,292,53,8
2025-09-21,SKU_014,29,STORE_03,0,0,Stormy,28.3,Groceries,114.03,157.27,120,69,7
2025-09-21,SKU_015,11,STORE_01,0,0,Stormy,28.3,Home & Kitchen,28.9,40.43,190,49,3
2025-09-21,SKU_016,4,STORE_03,0,0,Stormy,28.3,Home & Kitchen,66.47,120.94,211,98,3
2025-09-21,SKU_017,27,STORE_01,0,0,Stormy,28.3,Electronics,97.91,176.78,209,72,3
2025-09-21,SKU_018,44,STORE_03,0,0,Stormy,28.3,Groceries,129.16,218.5,226,56,14
2025-09-21,SKU_019,28,STORE_01,0,0,Stormy,28.3,Apparel,107.94,154.53,202,92,8
2025-09-21,SKU_020,33,STORE_03,0,0,Stormy,28.3,Apparel,91.87,157.08,203,69,8
2025-09-22,SKU_001,20,STORE_03,0,0,Clear,31.2,Groceries,89.11,173.34,225,59,3
2025-09-22,SKU_002,21,STORE_03,0,0,Clear,31.2,Groceries,93.67,139.52,92,48,10
2025-09-22,SKU_003,20,STORE_03,0,0,Clear,31.2,Apparel,76.77,144.31,39,57,13
2025-09-22,SKU_004,0,STORE_01,0,0,Clear,31.2,Apparel,50.71,93.58,178,31,14
2025-09-22,SKU_005,13,STORE_02,0,0,Clear,31.2,Home & Kitchen,144.78,283.08,13,91,9
2025-09-22,SKU_006,30,STORE_02,0,0,Clear,31.2,Home & Kitchen,34.27,61.62,116,37,13
2025-09-22,SKU_007,17,STORE_02,0,0,Clear,31.2,Groceries,63.35,111.77,59,50,13
2025-09-22,SKU_008,7,STORE_03,0,0,Clear,31.2,Apparel,77.29,104.6,103,100,13
2025-09-22,SKU_009,3,STORE_01,0,0,Clear,31.2,Electronics,13.65,22.2,97,26,5
2025-09-22,SKU_010,14,STORE_01,0,0,Clear,31.2,Apparel,54.66,105.41,220,66,9
2025-09-22,SKU_011,19,STORE_02,0,0,Clear,31.2,Home & Kitchen,41.13,78.19,257,73,13
2025-09-22,SKU_012,11,STORE_03,0,0,Clear,31.2,Home & Kitchen,138.43,215.85,73,53,5
2025-09-22,SKU_013,10,STORE_01,0,0,Clear,31.2,Groceries,63.38,95.43,292,53,8
2025-09-22,SKU_014,91,STORE_01,0,0,Clear,31.2,Groceries,114.03,157.27,120,69,7
2025-09-22,SKU_015,31,STORE_01,0,0,Clear,31.2,Home & Kitchen,28.9,40.43,190,49,3
2025-09-22,SKU_016,12,STORE_01,0,0,Clear,31.2,Home & Kitchen,66.47,120.94,211,98,3
2025-09-22,SKU_017,15,STORE_01,0,0,Clear,31.2,Electronics,97.91,176.78,209,72,3
2025-09-22,SKU_018,18,STORE_02,0,0,Clear,31.2,Groceries,129.16,218.5,226,56,14
2025-09-22,SKU_019,33,STORE_01,0,0,Clear,31.2,Apparel,107.94,154.53,202,92,8
2025-09-22,SKU_020,7,STORE_02,0,0,Clear,31.2,Apparel,91.87,157.08,203,69,8
2025-09-23,SKU_001,29,STORE_01,0,0,Rainy,18.9,Groceries,89.11,173.34,225,59,3
2025-09-23,SKU_002,18,STORE_02,0,0,Rainy,18.9,Groceries,93.67,139.52,92,48,10
2025-09-23,SKU_003,20,STORE_03,0,0,Rainy,18.9,Apparel,76.77,144.31,39,57,13
2025-09-23,SKU_004,24,STORE_03,0,0,Rainy,18.9,Apparel,50.71,93.58,178,31,14
2025-09-23,SKU_005,30,STORE_02,0,0,Rainy,18.9,Home & Kitchen,144.78,283.08,13,91,9
2025-09-23,SKU_006,13,STORE_01,0,0,Rainy,18.9,Home & Kitchen,34.27,61.62,116,37,13
2025-09-23,SKU_007,18,STORE_03,0,0,Rainy,18.9,Groceries,63.35,111.77,59,50,13
2025-09-23,SKU_008,15,STORE_01,0,0,Rainy,18.9,Apparel,77.29,104.6,103,100,13
2025-09-23,SKU_009,12,STORE_01,0,0,Rainy,18.9,Electronics,13.65,22.2,97,26,5
2025-09-23,SKU_010,16,STORE_01,0,0,Rainy,18.9,Apparel,54.66,105.41,220,66,9
2025-09-23,SKU_011,14,STORE_01,0,0,Rainy,18.9,Home & Kitchen,41.13,78.19,257,73,13
2025-09-23,SKU_012,8,STORE_03,0,0,Rainy,18.9,Home & Kitchen,138.43,215.85,73,53,5
2025-09-23,SKU_013,24,STORE_02,0,0,Rainy,18.9,Groceries,63.38,95.43,292,53,8
2025-09-23,SKU_014,18,STORE_02,0,0,Rainy,18.9,Groceries,114.03,157.27,120,69,7
2025-09-23,SKU_015,21,STORE_02,0,0,Rainy,18.9,Home & Kitchen,28.9,40.43,190,49,3
2025-09-23,SKU_016,7,STORE_01,0,0,Rainy,18.9,Home & Kitchen,66.47,120.94,211,98,3
2025-09-23,SKU_017,25,STORE_01,0,0,Rainy,18.9,Electronics,97.91,176.78,209,72,3
2025-09-23,SKU_018,16,STORE_03,0,0,Rainy,18.9,Groceries,129.16,218.5,226,56,14
2025-09-23,SKU_019,10,STORE_02,0,0,Rainy,18.9,Apparel,107.94,154.53,202,92,8
2025-09-23,SKU_020,12,STORE_02,0,0,Rainy,18.9,Apparel,91.87,157.08,203,69,8
2025-09-24,SKU_001,1,STORE_01,0,0,Rainy,29.8,Groceries,89.11,173.34,225,59,3
2025-09-24,SKU_002,28,STORE_01,0,0,Rainy,29.8,Groceries,93.67,139.52,92,48,10
2025-09-24,SKU_003,10,STORE_02,0,0,Rainy,29.8,Apparel,76.77,144.31,39,57,13
2025-09-24,SKU_004,8,STORE_03,0,0,Rainy,29.8,Apparel,50.71,93.58,178,31,14
2025-09-24,SKU_005,6,STORE_03,0,0,Rainy,29.8,Home & Kitchen,144.78,283.08,13,91,9
2025-09-24,SKU_006,28,STORE_02,0,0,Rainy,29.8,Home & Kitchen,34.27,61.62,116,37,13
2025-09-24,SKU_007,0,STORE_01,0,0,Rainy,29.8,Groceries,63.35,111.77,59,50,13
2025-09-24,SKU_008,15,STORE_03,0,0,Rainy,29.8,Apparel,77.29,104.6,103,100,13
2025-09-24,SKU_009,6,STORE_02,0,0,Rainy,29.8,Electronics,13.65,22.2,97,26,5
2025-09-24,SKU_010,15,STORE_02,0,0,Rainy,29.8,Apparel,54.66,105.41,220,66,9
2025-09-24,SKU_011,22,STORE_01,0,0,Rainy,29.8,Home & Kitchen,41.13,78.19,257,73,13
2025-09-24,SKU_012,19,STORE_02,0,0,Rainy,29.8,Home & Kitchen,138.43,215.85,73,53,5
2025-09-24,SKU_013,13,STORE_01,0,0,Rainy,29.8,Groceries,63.38,95.43,292,53,8
2025-09-24,SKU_014,9,STORE_02,0,0,Rainy,29.8,Groceries,114.03,157.27,120,69,7
2025-09-24,SKU_015,14,STORE_01,0,0,Rainy,29.8,Home & Kitchen,28.9,40.43,190,49,3
2025-09-24,SKU_016,18,STORE_03,0,0,Rainy,29.8,Home & Kitchen,66.47,120.94,211,98,3
2025-09-24,SKU_017,21,STORE_02,0,0,Rainy,29.8,Electronics,97.91,176.78,209,72,3
2025-09-24,SKU_018,9,STORE_02,0,0,Rainy,29.8,Groceries,129.16,218.5,226,56,14
2025-09-24,SKU_019,22,STORE_01,0,0,Rainy,29.8,Apparel,107.94,154.53,202,92,8
2025-09-24,SKU_020,20,STORE_02,0,0,Rainy,29.8,Apparel,91.87,157.08,203,69,8
2025-09-25,SKU_001,21,STORE_02,0,0,Clear,17.4,Groceries,89.11,173.34,225,59,3
2025-09-25,SKU_002,9,STORE_03,0,0,Clear,17.4,Groceries,93.67,139.52,92,48,10
2025-09-25,SKU_003,13,STORE_02,0,0,Clear,17.4,Apparel,76.77,144.31,39,57,13
2025-09-25,SKU_004,25,STORE_01,0,0,Clear,17.4,Apparel,50.71,93.58,178,31,14
2025-09-25,SKU_005,9,STORE_02,0,0,Clear,17.4,Home & Kitchen,144.78,283.08,13,91,9
2025-09-25,SKU_006,14,STORE_02,0,0,Clear,17.4,Home & Kitchen,34.27,61.62,116,37,13
2025-09-25,SKU_007,5,STORE_02,0,0,Clear,17.4,Groceries,63.35,111.77,59,50,13
2025-09-25,SKU_008,19,STORE_01,0,0,Clear,17.4,Apparel,77.29,104.6,103,100,13
2025-09-25,SKU_009,5,STORE_02,0,0,Clear,17.4,Electronics,13.65,22.2,97,26,5
2025-09-25,SKU_010,20,STORE_03,0,0,Clear,17.4,Apparel,54.66,105.41,220,66,9
2025-09-25,SKU_011,15,STORE_01,0,0,Clear,17.4,Home & Kitchen,41.13,78.19,257,73,13
2025-09-25,SKU_012,87,STORE_03,0,0,Clear,17.4,Home & Kitchen,138.43,215.85,73,53,5
2025-09-25,SKU_013,32,STORE_03,0,0,Clear,17.4,Groceries,63.38,95.43,292,53,8
2025-09-25,SKU_014,13,STORE_03,0,0,Clear,17.4,Groceries,114.03,157.27,120,69,7
2025-09-25,SKU_015,58,STORE_03,0,0,Clear,17.4,Home & Kitchen,28.9,40.43,190,49,3
2025-09-25,SKU_016,7,STORE_03,0,0,Clear,17.4,Home & Kitchen,66.47,120.94,211,98,3
2025-09-25,SKU_017,12,STORE_01,0,0,Clear,17.4,Electronics,97.91,176.78,209,72,3
2025-09-25,SKU_018,11,STORE_03,0,0,Clear,17.4,Groceries,129.16,218.5,226,56,14
2025-09-25,SKU_019,111,STORE_02,0,0,Clear,17.4,Apparel,107.94,154.53,202,92,8
2025-09-25,SKU_020,30,STORE_02,0,0,Clear,17.4,Apparel,91.87,157.08,203,69,8
2025-09-26,SKU_001,34,STORE_01,0,0,Rainy,18.1,Groceries,89.11,173.34,225,59,3
2025-09-26,SKU_002,64,STORE_02,0,0,Rainy,18.1,Groceries,93.67,139.52,92,48,10
2025-09-26,SKU_003,23,STORE_02,0,0,Rainy,18.1,Apparel,76.77,144.31,39,57,13
2025-09-26,SKU_004,10,STORE_03,0,0,Rainy,18.1,Apparel,50.71,93.58,178,31,14
2025-09-26,SKU_005,14,STORE_03,0,0,Rainy,18.1,Home & Kitchen,144.78,283.08,13,91,9
2025-09-26,SKU_006,22,STORE_01,0,0,Rainy,18.1,Home & Kitchen,34.27,61.62,116,37,13
2025-09-26,SKU_007,29,STORE_02,0,0,Rainy,18.1,Groceries,63.35,111.77,59,50,13
2025-09-26,SKU_008,42,STORE_03,0,0,Rainy,18.1,Apparel,77.29,104.6,103,100,13
2025-09-26,SKU_009,17,STORE_03,0,0,Rainy,18.1,Electronics,13.65,22.2,97,26,5
2025-09-26,SKU_010,14,STORE_01,0,0,Rainy,18.1,Apparel,54.66,105.41,220,66,9
2025-09-26,SKU_011,29,STORE_02,0,0,Rainy,18.1,Home & Kitchen,41.13,78.19,257,73,13
2025-09-26,SKU_012,8,STORE_03,0,0,Rainy,18.1,Home & Kitchen,138.43,215.85,73,53,5
2025-09-26,SKU_013,6,STORE_03,0,0,Rainy,18.1,Groceries,63.38,95.43,292,53,8
2025-09-26,SKU_014,19,STORE_03,0,0,Rainy,18.1,Groceries,114.03,157.27,120,69,7
2025-09-26,SKU_015,22,STORE_01,0,0,Rainy,18.1,Home & Kitchen,28.9,40.43,190,49,3
2025-09-26,SKU_016,23,STORE_03,0,0,Rainy,18.1,Home & Kitchen,66.47,120.94,211,98,3
2025-09-26,SKU_017,35,STORE_02,0,0,Rainy,18.1,Electronics,97.91,176.78,209,72,3
2025-09-26,SKU_018,16,STORE_01,0,0,Rainy,18.1,Groceries,129.16,218.5,226,56,14
2025-09-26,SKU_019,11,STORE_01,0,0,Rainy,18.1,Apparel,107.94,154.53,202,92,8
2025-09-26,SKU_020,13,STORE_03,0,0,Rainy,18.1,Apparel,91.87,157.08,203,69,8
2025-09-27,SKU_001,22,STORE_02,0,0,Stormy,16.6,Groceries,89.11,173.34,225,59,3
2025-09-27,SKU_002,24,STORE_02,0,0,Stormy,16.6,Groceries,93.67,139.52,92,48,10
2025-09-27,SKU_003,43,STORE_03,0,0,Stormy,16.6,Apparel,76.77,144.31,39,57,13
2025-09-27,SKU_004,14,STORE_02,0,0,Stormy,16.6,Apparel,50.71,93.58,178,31,14
2025-09-27,SKU_005,8,STORE_03,0,0,Stormy,16.6,Home & Kitchen,144.78,283.08,13,91,9
2025-09-27,SKU_006,6,STORE_01,0,0,Stormy,16.6,Home & Kitchen,34.27,61.62,116,37,13
2025-09-27,SKU_007,24,STORE_01,0,0,Stormy,16.6,Groceries,63.35,111.77,59,50,13
2025-09-27,SKU_008,36,STORE_02,0,0,Stormy,16.6,Apparel,77.29,104.6,103,100,13
2025-09-27,SKU_009,3,STORE_02,0,0,Stormy,16.6,Electronics,13.65,22.2,97,26,5
2025-09-27,SKU_010,6,STORE_02,0,0,Stormy,16.6,Apparel,54.66,105.41,220,66,9
2025-09-27,SKU_011,19,STORE_01,0,0,Stormy,16.6,Home & Kitchen,41.13,78.19,257,73,13
2025-09-27,SKU_012,15,STORE_01,0,0,Stormy,16.6,Home & Kitchen,138.43,215.85,73,53,5
2025-09-27,SKU_013,28,STORE_03,0,0,Stormy,16.6,Groceries,63.38,95.43,292,53,8
2025-09-27,SKU_014,5,STORE_02,0,0,Stormy,16.6,Groceries,114.03,157.27,120,69,7
2025-09-27,SKU_015,6,STORE_01,0,0,Stormy,16.6,Home & Kitchen,28.9,40.43,190,49,3
2025-09-27,SKU_016,9,STORE_03,0,0,Stormy,16.6,Home & Kitchen,66.47,120.94,211,98,3
2025-09-27,SKU_017,9,STORE_01,0,0,Stormy,16.6,Electronics,97.91,176.78,209,72,3
2025-09-27,SKU_018,16,STORE_02,0,0,Stormy,16.6,Groceries,129.16,218.5,226,56,14
2025-09-27,SKU_019,37,STORE_01,0,0,Stormy,16.6,Apparel,107.94,154.53,202,92,8
2025-09-27,SKU_020,30,STORE_03,0,0,Stormy,16.6,Apparel,91.87,157.08,203,69,8
2025-09-28,SKU_001,5,STORE_02,0,0,Rainy,32.4,Groceries,89.11,173.34,225,59,3
2025-09-28,SKU_002,13,STORE_03,0,0,Rainy,32.4,Groceries,93.67,139.52,92,48,10
2025-09-28,SKU_003,29,STORE_02,0,0,Rainy,32.4,Apparel,76.77,144.31,39,57,13
2025-09-28,SKU_004,9,STORE_01,0,0,Rainy,32.4,Apparel,50.71,93.58,178,31,14
2025-09-28,SKU_005,40,STORE_02,0,0,Rainy,32.4,Home & Kitchen,144.78,283.08,13,91,9
2025-09-28,SKU_006,15,STORE_02,0,0,Rainy,32.4,Home & Kitchen,34.27,61.62,116,37,13
2025-09-28,SKU_007,37,STORE_03,0,0,Rainy,32.4,Groceries,63.35,111.77,59,50,13
2025-09-28,SKU_008,53,STORE_03,0,0,Rainy,32.4,Apparel,77.29,104.6,103,100,13
2025-09-28,SKU_009,27,STORE_02,0,0,Rainy,32.4,Electronics,13.65,22.2,97,26,5
2025-09-28,SKU_010,16,STORE_03,0,0,Rainy,32.4,Apparel,54.66,105.41,220,66,9
2025-09-28,SKU_011,23,STORE_03,0,0,Rainy,32.4,Home & Kitchen,41.13,78.19,257,73,13
2025-09-28,SKU_012,29,STORE_01,0,0,Rainy,32.4,Home & Kitchen,138.43,215.85,73,53,5
2025-09-28,SKU_013,19,STORE_01,0,0,Rainy,32.4,Groceries,63.38,95.43,292,53,8
2025-09-28,SKU_014,4,STORE_01,0,0,Rainy,32.4,Groceries,114.03,157.27,120,69,7
2025-09-28,SKU_015,22,STORE_02,0,0,Rainy,32.4,Home & Kitchen,28.9,40.43,190,49,3
2025-09-28,SKU_016,14,STORE_02,0,0,Rainy,32.4,Home & Kitchen,66.47,120.94,211,98,3
2025-09-28,SKU_017,29,STORE_02,0,0,Rainy,32.4,Electronics,97.91,176.78,209,72,3
2025-09-28,SKU_018,114,STORE_02,0,0,Rainy,32.4,Groceries,129.16,218.5,226,56,14
2025-09-28,SKU_019,8,STORE_01,0,0,Rainy,32.4,Apparel,107.94,154.53,202,92,8
2025-09-28,SKU_020,16,STORE_01,0,0,Rainy,32.4,Apparel,91.87,157.08,203,69,8
2025-09-29,SKU_001,19,STORE_01,0,0,Clear,15.7,Groceries,89.11,173.34,225,59,3
2025-09-29,SKU_002,12,STORE_02,0,0,Clear,15.7,Groceries,93.67,139.52,92,48,10
2025-09-29,SKU_003,7,STORE_03,0,0,Clear,15.7,Apparel,76.77,144.31,39,57,13
2025-09-29,SKU_004,25,STORE_03,0,0,Clear,15.7,Apparel,50.71,93.58,178,31,14
2025-09-29,SKU_005,6,STORE_01,0,0,Clear,15.7,Home & Kitchen,144.78,283.08,13,91,9
2025-09-29,SKU_006,9,STORE_02,0,0,Clear,15.7,Home & Kitchen,34.27,61.62,116,37,13
2025-09-29,SKU_007,18,STORE_01,0,0,Clear,15.7,Groceries,63.35,111.77,59,50,13
2025-09-29,SKU_008,21,STORE_02,0,0,Clear,15.7,Apparel,77.29,104.6,103,100,13
2025-09-29,SKU_009,25,STORE_01,0,0,Clear,15.7,Electronics,13.65,22.2,97,26,5
2025-09-29,SKU_010,23,STORE_02,0,0,Clear,15.7,Apparel,54.66,105.41,220,66,9
2025-09-29,SKU_011,7,STORE_02,0,0,Clear,15.7,Home & Kitchen,41.13,78.19,257,73,13
2025-09-29,SKU_012,24,STORE_02,0,0,Clear,15.7,Home & Kitchen,138.43,215.85,73,53,5
2025-09-29,SKU_013,30,STORE_03,0,0,Clear,15.7,Groceries,63.38,95.43,292,53,8
2025-09-29,SKU_014,19,STORE_03,0,0,Clear,15.7,Groceries,114.03,157.27,120,69,7
2025-09-29,SKU_015,7,STORE_02,0,0,Clear,15.7,Home & Kitchen,28.9,40.43,190,49,3
2025-09-29,SKU_016,9,STORE_02,0,0,Clear,15.7,Home & Kitchen,66.47,120.94,211,98,3
2025-09-29,SKU_017,15,STORE_01,0,0,Clear,15.7,Electronics,97.91,176.78,209,72,3
2025-09-29,SKU_018,2,STORE_03,0,0,Clear,15.7,Groceries,129.16,218.5,226,56,14
2025-09-29,SKU_019,25,STORE_02,0,0,Clear,15.7,Apparel,107.94,154.53,202,92,8
2025-09-29,SKU_020,7,STORE_03,0,0,Clear,15.7,Apparel,91.87,157.08,203,69,8
2025-09-30,SKU_001,27,STORE_02,0,0,Sunny,29.5,Groceries,89.11,173.34,225,59,3
2025-09-30,SKU_002,7,STORE_01,0,0,Sunny,29.5,Groceries,93.67,139.52,92,48,10
2025-09-30,SKU_003,15,STORE_03,0,0,Sunny,29.5,Apparel,76.77,144.31,39,57,13
2025-09-30,SKU_004,22,STORE_01,0,0,Sunny,29.5,Apparel,50.71,93.58,178,31,14
2025-09-30,SKU_005,9,STORE_01,0,0,Sunny,29.5,Home & Kitchen,144.78,283.08,13,91,9
2025-09-30,SKU_006,29,STORE_02,0,0,Sunny,29.5,Home & Kitchen,34.27,61.62,116,37,13
2025-09-30,SKU_007,4,STORE_03,0,0,Sunny,29.5,Groceries,63.35,111.77,59,50,13
2025-09-30,SKU_008,10,STORE_02,0,0,Sunny,29.5,Apparel,77.29,104.6,103,100,13
2025-09-30,SKU_009,18,STORE_03,0,0,Sunny,29.5,Electronics,13.65,22.2,97,26,5
2025-09-30,SKU_010,38,STORE_03,0,0,Sunny,29.5,Apparel,54.66,105.41,220,66,9
2025-09-30,SKU_011,8,STORE_02,0,0,Sunny,29.5,Home & Kitchen,41.13,78.19,257,73,13
2025-09-30,SKU_012,16,STORE_02,0,0,Sunny,29.5,Home & Kitchen,138.43,215.85,73,53,5
2025-09-30,SKU_013,29,STORE_02,0,0,Sunny,29.5,Groceries,63.38,95.43,292,53,8
2025-09-30,SKU_014,26,STORE_01,0,0,Sunny,29.5,Groceries,114.03,157.27,120,69,7
2025-09-30,SKU_015,30,STORE_01,0,0,Sunny,29.5,Home & Kitchen,28.9,40.43,190,49,3
2025-09-30,SKU_016,55,STORE_03,0,0,Sunny,29.5,Home & Kitchen,66.47,120.94,211,98,3
2025-09-30,SKU_017,30,STORE_01,0,0,Sunny,29.5,Electronics,97.91,176.78,209,72,3
2025-09-30,SKU_018,24,STORE_03,0,0,Sunny,29.5,Groceries,129.16,218.5,226,56,14
2025-09-30,SKU_019,6,STORE_01,0,0,Sunny,29.5,Apparel,107.94,154.53,202,92,8
2025-09-30,SKU_020,26,STORE_02,0,0,Sunny,29.5,Apparel,91.87,157.08,203,69,8
2025-10-01,SKU_001,18,STORE_02,0,0,Sunny,23.8,Groceries,89.11,173.34,225,59,3
2025-10-01,SKU_002,21,STORE_02,0,0,Sunny,23.8,Groceries,93.67,139.52,92,48,10
2025-10-01,SKU_003,32,STORE_02,0,0,Sunny,23.8,Apparel,76.77,144.31,39,57,13
2025-10-01,SKU_004,7,STORE_03,0,0,Sunny,23.8,Apparel,50.71,93.58,178,31,14
2025-10-01,SKU_005,21,STORE_01,0,0,Sunny,23.8,Home & Kitchen,144.78,283.08,13,91,9
2025-10-01,SKU_006,21,STORE_03,0,0,Sunny,23.8,Home & Kitchen,34.27,61.62,116,37,13
2025-10-01,SKU_007,0,STORE_02,0,0,Sunny,23.8,Groceries,63.35,111.77,59,50,13
2025-10-01,SKU_008,21,STORE_03,0,0,Sunny,23.8,Apparel,77.29,104.6,103,100,13
2025-10-01,SKU_009,18,STORE_02,0,0,Sunny,23.8,Electronics,13.65,22.2,97,26,5
2025-10-01,SKU_010,0,STORE_03,0,0,Sunny,23.8,Apparel,54.66,105.41,220,66,9
2025-10-01,SKU_011,29,STORE_03,0,0,Sunny,23.8,Home & Kitchen,41.13,78.19,257,73,13
2025-10-01,SKU_012,16,STORE_03,0,0,Sunny,23.8,Home & Kitchen,138.43,215.85,73,53,5
2025-10-01,SKU_013,26,STORE_01,0,0,Sunny,23.8,Groceries,63.38,95.43,292,53,8
2025-10-01,SKU_014,25,STORE_02,0,0,Sunny,23.8,Groceries,114.03,157.27,120,69,7
2025-10-01,SKU_015,19,STORE_02,0,0,Sunny,23.8,Home & Kitchen,28.9,40.43,190,49,3
2025-10-01,SKU_016,9,STORE_03,0,0,Sunny,23.8,Home & Kitchen,66.47,120.94,211,98,3
2025-10-01,SKU_017,6,STORE_03,0,0,Sunny,23.8,Electronics,97.91,176.78,209,72,3
2025-10-01,SKU_018,26,STORE_01,0,0,Sunny,23.8,Groceries,129.16,218.5,226,56,14
2025-10-01,SKU_019,12,STORE_01,0,0,Sunny,23.8,Apparel,107.94,154.53,202,92,8
2025-10-01,SKU_020,13,STORE_02,0,0,Sunny,23.8,Apparel,91.87,157.08,203,69,8
2025-10-02,SKU_001,25,STORE_03,0,0,Rainy,19.4,Groceries,89.11,173.34,225,59,3
2025-10-02,SKU_002,28,STORE_01,0,0,Rainy,19.4,Groceries,93.67,139.52,92,48,10
2025-10-02,SKU_003,13,STORE_01,0,0,Rainy,19.4,Apparel,76.77,144.31,39,57,13
2025-10-02,SKU_004,11,STORE_01,0,0,Rainy,19.4,Apparel,50.71,93.58,178,31,14
2025-10-02,SKU_005,10,STORE_01,0,0,Rainy,19.4,Home & Kitchen,144.78,283.08,13,91,9
2025-10-02,SKU_006,13,STORE_02,0,0,Rainy,19.4,Home & Kitchen,34.27,61.62,116,37,13
2025-10-02,SKU_007,17,STORE_02,0,0,Rainy,19.4,Groceries,63.35,111.77,59,50,13
2025-10-02,SKU_008,28,STORE_02,0,0,Rainy,19.4,Apparel,77.29,104.6,103,100,13
2025-10-02,SKU_009,10,STORE_03,0,0,Rainy,19.4,Electronics,13.65,22.2,97,26,5
2025-10-02,SKU_010,21,STORE_02,0,0,Rainy,19.4,Apparel,54.66,105.41,220,66,9
2025-10-02,SKU_011,20,STORE_01,0,0,Rainy,19.4,Home & Kitchen,41.13,78.19,257,73,13
2025-10-02,SKU_012,11,STORE_02,0,0,Rainy,19.4,Home & Kitchen,138.43,215.85,73,53,5
2025-10-02,SKU_013,18,STORE_01,0,0,Rainy,19.4,Groceries,63.38,95.43,292,53,8
2025-10-02,SKU_014,17,STORE_02,0,0,Rainy,19.4,Groceries,114.03,157.27,120,69,7
2025-10-02,SKU_015,19,STORE_02,0,0,Rainy,19.4,Home & Kitchen,28.9,40.43,190,49,3
2025-10-02,SKU_016,13,STORE_02,0,0,Rainy,19.4,Home & Kitchen,66.47,120.94,211,98,3
2025-10-02,SKU_017,18,STORE_02,0,0,Rainy,19.4,Electronics,97.91,176.78,209,72,3
2025-10-02,SKU_018,27,STORE_01,0,0,Rainy,19.4,Groceries,129.16,218.5,226,56,14
2025-10-02,SKU_019,12,STORE_01,0,0,Rainy,19.4,Apparel,107.94,154.53,202,92,8
2025-10-02,SKU_020,69,STORE_03,0,0,Rainy,19.4,Apparel,91.87,157.08,203,69,8
2025-10-03,SKU_001,22,STORE_02,0,0,Stormy,32.5,Groceries,89.11,173.34,225,59,3
2025-10-03,SKU_002,14,STORE_03,0,0,Stormy,32.5,Groceries,93.67,139.52,92,48,10
2025-10-03,SKU_003,4,STORE_01,0,0,Stormy,32.5,Apparel,76.77,144.31,39,57,13
2025-10-03,SKU_004,29,STORE_02,0,0,Stormy,32.5,Apparel,50.71,93.58,178,31,14
2025-10-03,SKU_005,23,STORE_03,0,0,Stormy,32.5,Home & Kitchen,144.78,283.08,13,91,9
2025-10-03,SKU_006,11,STORE_02,0,0,Stormy,32.5,Home & Kitchen,34.27,61.62,116,37,13
2025-10-03,SKU_007,15,STORE_01,0,0,Stormy,32.5,Groceries,63.35,111.77,59,50,13
2025-10-03,SKU_008,5,STORE_03,0,0,Stormy,32.5,Apparel,77.29,104.6,103,100,13
2025-10-03,SKU_009,12,STORE_03,0,0,Stormy,32.5,Electronics,13.65,22.2,97,26,5
2025-10-03,SKU_010,10,STORE_03,0,0,Stormy,32.5,Apparel,54.66,105.41,220,66,9
2025-10-03,SKU_011,25,STORE_03,0,0,Stormy,32.5,Home & Kitchen,41.13,78.19,257,73,13
2025-10-03,SKU_012,1,STORE_02,0,0,Stormy,32.5,Home & Kitchen,138.43,215.85,73,53,5
2025-10-03,SKU_013,20,STORE_03,0,0,Stormy,32.5,Groceries,63.38,95.43,292,53,8
2025-10-03,SKU_014,25,STORE_01,0,0,Stormy,32.5,Groceries,114.03,157.27,120,69,7
2025-10-03,SKU_015,11,STORE_03,0,0,Stormy,32.5,Home & Kitchen,28.9,40.43,190,49,3
2025-10-03,SKU_016,7,STORE_01,0,0,Stormy,32.5,Home & Kitchen,66.47,120.94,211,98,3
2025-10-03,SKU_017,19,STORE_03,0,0,Stormy,32.5,Electronics,97.91,176.78,209,72,3
2025-10-03,SKU_018,9,STORE_03,0,0,Stormy,32.5,Groceries,129.16,218.5,226,56,14
2025-10-03,SKU_019,27,STORE_03,0,0,Stormy,32.5,Apparel,107.94,154.53,202,92,8
2025-10-03,SKU_020,18,STORE_01,0,0,Stormy,32.5,Apparel,91.87,157.08,203,69,8
2025-10-04,SKU_001,27,STORE_03,0,0,Rainy,27.8,Groceries,89.11,173.34,225,59,3
2025-10-04,SKU_002,22,STORE_02,0,0,Rainy,27.8,Groceries,93.67,139.52,92,48,10
2025-10-04,SKU_003,65,STORE_03,0,0,Rainy,27.8,Apparel,76.77,144.31,39,57,13
2025-10-04,SKU_004,66,STORE_01,0,0,Rainy,27.8,Apparel,50.71,93.58,178,31,14
2025-10-04,SKU_005,28,STORE_02,0,0,Rainy,27.8,Home & Kitchen,144.78,283.08,13,91,9
2025-10-04,SKU_006,21,STORE_03,0,0,Rainy,27.8,Home & Kitchen,34.27,61.62,116,37,13
2025-10-04,SKU_007,28,STORE_03,0,0,Rainy,27.8,Groceries,63.35,111.77,59,50,13
2025-10-04,SKU_008,15,STORE_03,0,0,Rainy,27.8,Apparel,77.29,104.6,103,100,13
2025-10-04,SKU_009,8,STORE_03,0,0,Rainy,27.8,Electronics,13.65,22.2,97,26,5
2025-10-04,SKU_010,37,STORE_03,0,0,Rainy,27.8,Apparel,54.66,105.41,220,66,9
2025-10-04,SKU_011,5,STORE_02,0,0,Rainy,27.8,Home & Kitchen,41.13,78.19,257,73,13
2025-10-04,SKU_012,8,STORE_02,0,0,Rainy,27.8,Home & Kitchen,138.43,215.85,73,53,5
2025-10-04,SKU_013,28,STORE_01,0,0,Rainy,27.8,Groceries,63.38,95.43,292,53,8
2025-10-04,SKU_014,34,STORE_02,0,0,Rainy,27.8,Groceries,114.03,157.27,120,69,7
2025-10-04,SKU_015,13,STORE_03,0,0,Rainy,27.8,Home & Kitchen,28.9,40.43,190,49,3
2025-10-04,SKU_016,25,STORE_01,0,0,Rainy,27.8,Home & Kitchen,66.47,120.94,211,98,3
2025-10-04,SKU_017,18,STORE_03,0,0,Rainy,27.8,Electronics,97.91,176.78,209,72,3
2025-10-04,SKU_018,19,STORE_03,0,0,Rainy,27.8,Groceries,129.16,218.5,226,56,14
2025-10-04,SKU_019,5,STORE_02,0,0,Rainy,27.8,Apparel,107.94,154.53,202,92,8
2025-10-04,SKU_020,13,STORE_03,0,0,Rainy,27.8,Apparel,91.87,157.08,203,69,8
2025-10-05,SKU_001,35,STORE_03,0,0,Clear,34.4,Groceries,89.11,173.34,225,59,3
2025-10-05,SKU_002,24,STORE_01,0,0,Clear,34.4,Groceries,93.67,139.52,92,48,10
2025-10-05,SKU_003,29,STORE_02,0,0,Clear,34.4,Apparel,76.77,144.31,39,57,13
2025-10-05,SKU_004,27,STORE_02,0,0,Clear,34.4,Apparel,50.71,93.58,178,31,14
2025-10-05,SKU_005,28,STORE_01,0,0,Clear,34.4,Home & Kitchen,144.78,283.08,13,91,9
2025-10-05,SKU_006,34,STORE_01,0,0,Clear,34.4,Home & Kitchen,34.27,61.62,116,37,13
2025-10-05,SKU_007,19,STORE_02,0,0,Clear,34.4,Groceries,63.35,111.77,59,50,13
2025-10-05,SKU_008,38,STORE_03,0,0,Clear,34.4,Apparel,77.29,104.6,103,100,13
2025-10-05,SKU_009,24,STORE_02,0,0,Clear,34.4,Electronics,13.65,22.2,97,26,5
2025-10-05,SKU_010,19,STORE_03,0,0,Clear,34.4,Apparel,54.66,105.41,220,66,9
2025-10-05,SKU_011,9,STORE_01,0,0,Clear,34.4,Home & Kitchen,41.13,78.19,257,73,13
2025-10-05,SKU_012,32,STORE_02,0,0,Clear,34.4,Home & Kitchen,138.43,215.85,73,53,5
2025-10-05,SKU_013,15,STORE_02,0,0,Clear,34.4,Groceries,63.38,95.43,292,53,8
2025-10-05,SKU_014,37,STORE_01,0,0,Clear,34.4,Groceries,114.03,157.27,120,69,7
2025-10-05,SKU_015,8,STORE_01,0,0,Clear,34.4,Home & Kitchen,28.9,40.43,190,49,3
2025-10-05,SKU_016,63,STORE_01,0,0,Clear,34.4,Home & Kitchen,66.47,120.94,211,98,3
2025-10-05,SKU_017,86,STORE_02,0,0,Clear,34.4,Electronics,97.91,176.78,209,72,3
2025-10-05,SKU_018,33,STORE_02,0,0,Clear,34.4,Groceries,129.16,218.5,226,56,14
2025-10-05,SKU_019,32,STORE_03,0,0,Clear,34.4,Apparel,107.94,154.53,202,92,8
2025-10-05,SKU_020,11,STORE_03,0,0,Clear,34.4,Apparel,91.87,157.08,203,69,8
2025-10-06,SKU_001,8,STORE_01,0,0,Rainy,29.8,Groceries,89.11,173.34,225,59,3
2025-10-06,SKU_002,19,STORE_01,0,0,Rainy,29.8,Groceries,93.67,139.52,92,48,10
2025-10-06,SKU_003,23,STORE_03,0,0,Rainy,29.8,Apparel,76.77,144.31,39,57,13
2025-10-06,SKU_004,1,STORE_02,0,0,Rainy,29.8,Apparel,50.71,93.58,178,31,14
2025-10-06,SKU_005,18,STORE_03,0,0,Rainy,29.8,Home & Kitchen,144.78,283.08,13,91,9
2025-10-06,SKU_006,27,STORE_01,0,0,Rainy,29.8,Home & Kitchen,34.27,61.62,116,37,13
2025-10-06,SKU_007,7,STORE_03,0,0,Rainy,29.8,Groceries,63.35,111.77,59,50,13
2025-10-06,SKU_008,27,STORE_03,0,0,Rainy,29.8,Apparel,77.29,104.6,103,100,13
2025-10-06,SKU_009,19,STORE_02,0,0,Rainy,29.8,Electronics,13.65,22.2,97,26,5
2025-10-06,SKU_010,25,STORE_01,0,0,Rainy,29.8,Apparel,54.66,105.41,220,66,9
2025-10-06,SKU_011,0,STORE_02,0,0,Rainy,29.8,Home & Kitchen,41.13,78.19,257,73,13
2025-10-06,SKU_012,21,STORE_02,0,0,Rainy,29.8,Home & Kitchen,138.43,215.85,73,53,5
2025-10-06,SKU_013,13,STORE_03,0,0,Rainy,29.8,Groceries,63.38,95.43,292,53,8
2025-10-06,SKU_014,10,STORE_01,0,0,Rainy,29.8,Groceries,114.03,157.27,120,69,7
2025-10-06,SKU_015,19,STORE_01,0,0,Rainy,29.8,Home & Kitchen,28.9,40.43,190,49,3
2025-10-06,SKU_016,30,STORE_03,0,0,Rainy,29.8,Home & Kitchen,66.47,120.94,211,98,3
2025-10-06,SKU_017,6,STORE_02,0,0,Rainy,29.8,Electronics,97.91,176.78,209,72,3
2025-10-06,SKU_018,15,STORE_02,0,0,Rainy,29.8,Groceries,129.16,218.5,226,56,14
2025-10-06,SKU_019,10,STORE_03,0,0,Rainy,29.8,Apparel,107.94,154.53,202,92,8
2025-10-06,SKU_020,20,STORE_02,0,0,Rainy,29.8,Apparel,91.87,157.08,203,69,8
2025-10-07,SKU_001,31,STORE_03,0,0,Clear,33.1,Groceries,89.11,173.34,225,59,3
2025-10-07,SKU_002,23,STORE_01,0,0,Clear,33.1,Groceries,93.67,139.52,92,48,10
2025-10-07,SKU_003,26,STORE_02,0,0,Clear,33.1,Apparel,76.77,144.31,39,57,13
2025-10-07,SKU_004,26,STORE_02,0,0,Clear,33.1,Apparel,50.71,93.58,178,31,14
2025-10-07,SKU_005,29,STORE_01,0,0,Clear,33.1,Home & Kitchen,144.78,283.08,13,91,9
2025-10-07,SKU_006,9,STORE_03,0,0,Clear,33.1,Home & Kitchen,34.27,61.62,116,37,13
2025-10-07,SKU_007,20,STORE_02,0,0,Clear,33.1,Groceries,63.35,111.77,59,50,13
2025-10-07,SKU_008,8,STORE_03,0,0,Clear,33.1,Apparel,77.29,104.6,103,100,13
2025-10-07,SKU_009,18,STORE_02,0,0,Clear,33.1,Electronics,13.65,22.2,97,26,5
2025-10-07,SKU_010,8,STORE_03,0,0,Clear,33.1,Apparel,54.66,105.41,220,66,9
2025-10-07,SKU_011,12,STORE_01,0,0,Clear,33.1,Home & Kitchen,41.13,78.19,257,73,13
2025-10-07,SKU_012,5,STORE_01,0,0,Clear,33.1,Home & Kitchen,138.43,215.85,73,53,5
2025-10-07,SKU_013,11,STORE_02,0,0,Clear,33.1,Groceries,63.38,95.43,292,53,8
2025-10-07,SKU_014,16,STORE_02,0,0,Clear,33.1,Groceries,114.03,157.27,120,69,7
2025-10-07,SKU_015,1,STORE_02,0,0,Clear,33.1,Home & Kitchen,28.9,40.43,190,49,3
2025-10-07,SKU_016,3,STORE_01,0,0,Clear,33.1,Home & Kitchen,66.47,120.94,211,98,3
2025-10-07,SKU_017,22,STORE_03,0,0,Clear,33.1,Electronics,97.91,176.78,209,72,3
2025-10-07,SKU_018,9,STORE_01,0,0,Clear,33.1,Groceries,129.16,218.5,226,56,14
2025-10-07,SKU_019,4,STORE_03,0,0,Clear,33.1,Apparel,107.94,154.53,202,92,8
2025-10-07,SKU_020,14,STORE_02,0,0,Clear,33.1,Apparel,91.87,157.08,203,69,8
2025-10-08,SKU_001,16,STORE_01,0,0,Rainy,21.7,Groceries,89.11,173.34,225,59,3
2025-10-08,SKU_002,22,STORE_02,0,0,Rainy,21.7,Groceries,93.67,139.52,92,48,10
2025-10-08,SKU_003,29,STORE_03,0,0,Rainy,21.7,Apparel,76.77,144.31,39,57,13
2025-10-08,SKU_004,23,STORE_02,0,0,Rainy,21.7,Apparel,50.71,93.58,178,31,14
2025-10-08,SKU_005,29,STORE_03,0,0,Rainy,21.7,Home & Kitchen,144.78,283.08,13,91,9
2025-10-08,SKU_006,31,STORE_02,0,0,Rainy,21.7,Home & Kitchen,34.27,61.62,116,37,13
2025-10-08,SKU_007,7,STORE_01,0,0,Rainy,21.7,Groceries,63.35,111.77,59,50,13
2025-10-08,SKU_008,21,STORE_01,0,0,Rainy,21.7,Apparel,77.29,104.6,103,100,13
2025-10-08,SKU_009,19,STORE_02,0,0,Rainy,21.7,Electronics,13.65,22.2,97,26,5
2025-10-08,SKU_010,12,STORE_03,0,0,Rainy,21.7,Apparel,54.66,105.41,220,66,9
2025-10-08,SKU_011,15,STORE_03,0,0,Rainy,21.7,Home & Kitchen,41.13,78.19,257,73,13
2025-10-08,SKU_012,3,STORE_03,0,0,Rainy,21.7,Home & Kitchen,138.43,215.85,73,53,5
2025-10-08,SKU_013,31,STORE_02,0,0,Rainy,21.7,Groceries,63.38,95.43,292,53,8
2025-10-08,SKU_014,22,STORE_03,0,0,Rainy,21.7,Groceries,114.03,157.27,120,69,7
2025-10-08,SKU_015,12,STORE_01,0,0,Rainy,21.7,Home & Kitchen,28.9,40.43,190,49,3
2025-10-08,SKU_016,20,STORE_03,0,0,Rainy,21.7,Home & Kitchen,66.47,120.94,211,98,3
2025-10-08,SKU_017,6,STORE_03,0,0,Rainy,21.7,Electronics,97.91,176.78,209,72,3
2025-10-08,SKU_018,8,STORE_02,0,0,Rainy,21.7,Groceries,129.16,218.5,226,56,14
2025-10-08,SKU_019,31,STORE_01,0,0,Rainy,21.7,Apparel,107.94,154.53,202,92,8
2025-10-08,SKU_020,30,STORE_02,0,0,Rainy,21.7,Apparel,91.87,157.08,203,69,8
2025-10-09,SKU_001,11,STORE_03,0,0,Rainy,34.9,Groceries,89.11,173.34,225,59,3
2025-10-09,SKU_002,5,STORE_02,0,0,Rainy,34.9,Groceries,93.67,139.52,92,48,10
2025-10-09,SKU_003,15,STORE_01,0,0,Rainy,34.9,Apparel,76.77,144.31,39,57,13
2025-10-09,SKU_004,12,STORE_02,0,0,Rainy,34.9,Apparel,50.71,93.58,178,31,14
2025-10-09,SKU_005,9,STORE_02,0,0,Rainy,34.9,Home & Kitchen,144.78,283.08,13,91,9
2025-10-09,SKU_006,28,STORE_03,0,0,Rainy,34.9,Home & Kitchen,34.27,61.62,116,37,13
2025-10-09,SKU_007,7,STORE_01,0,0,Rainy,34.9,Groceries,63.35,111.77,59,50,13
2025-10-09,SKU_008,25,STORE_03,0,0,Rainy,34.9,Apparel,77.29,104.6,103,100,13
2025-10-09,SKU_009,9,STORE_02,0,0,Rainy,34.9,Electronics,13.65,22.2,97,26,5
2025-10-09,SKU_010,85,STORE_03,0,0,Rainy,34.9,Apparel,54.66,105.41,220,66,9
2025-10-09,SKU_011,21,STORE_03,0,0,Rainy,34.9,Home & Kitchen,41.13,78.19,257,73,13
2025-10-09,SKU_012,20,STORE_03,0,0,Rainy,34.9,Home & Kitchen,138.43,215.85,73,53,5
2025-10-09,SKU_013,13,STORE_01,0,0,Rainy,34.9,Groceries,63.38,95.43,292,53,8
2025-10-09,SKU_014,35,STORE_03,0,0,Rainy,34.9,Groceries,114.03,157.27,120,69,7
2025-10-09,SKU_015,10,STORE_03,0,0,Rainy,34.9,Home & Kitchen,28.9,40.43,190,49,3
2025-10-09,SKU_016,37,STORE_02,0,0,Rainy,34.9,Home & Kitchen,66.47,120.94,211,98,3
2025-10-09,SKU_017,22,STORE_03,0,0,Rainy,34.9,Electronics,97.91,176.78,209,72,3
2025-10-09,SKU_018,0,STORE_03,0,0,Rainy,34.9,Groceries,129.16,218.5,226,56,14
2025-10-09,SKU_019,17,STORE_03,0,0,Rainy,34.9,Apparel,107.94,154.53,202,92,8
2025-10-09,SKU_020,3,STORE_01,0,0,Rainy,34.9,Apparel,91.87,157.08,203,69,8
2025-10-10,SKU_001,12,STORE_03,1,50,Sunny,32.2,Groceries,89.11,173.34,225,59,3
2025-10-10,SKU_002,18,STORE_02,1,50,Sunny,32.2,Groceries,93.67,139.52,92,48,10
2025-10-10,SKU_003,11,STORE_03,1,50,Sunny,32.2,Apparel,76.77,144.31,39,57,13
2025-10-10,SKU_004,17,STORE_03,1,50,Sunny,32.2,Apparel,50.71,93.58,178,31,14
2025-10-10,SKU_005,22,STORE_03,1,50,Sunny,32.2,Home & Kitchen,144.78,283.08,13,91,9
2025-10-10,SKU_006,19,STORE_03,1,50,Sunny,32.2,Home & Kitchen,34.27,61.62,116,37,13
2025-10-10,SKU_007,20,STORE_03,1,50,Sunny,32.2,Groceries,63.35,111.77,59,50,13
2025-10-10,SKU_008,12,STORE_01,1,50,Sunny,32.2,Apparel,77.29,104.6,103,100,13
2025-10-10,SKU_009,21,STORE_01,1,50,Sunny,32.2,Electronics,13.65,22.2,97,26,5
2025-10-10,SKU_010,6,STORE_03,1,50,Sunny,32.2,Apparel,54.66,105.41,220,66,9
2025-10-10,SKU_011,20,STORE_02,1,50,Sunny,32.2,Home & Kitchen,41.13,78.19,257,73,13
2025-10-10,SKU_012,15,STORE_01,1,50,Sunny,32.2,Home & Kitchen,138.43,215.85,73,53,5
2025-10-10,SKU_013,21,STORE_02,1,50,Sunny,32.2,Groceries,63.38,95.43,292,53,8
2025-10-10,SKU_014,30,STORE_01,1,50,Sunny,32.2,Groceries,114.03,157.27,120,69,7
2025-10-10,SKU_015,9,STORE_02,1,50,Sunny,32.2,Home & Kitchen,28.9,40.43,190,49,3
2025-10-10,SKU_016,32,STORE_01,1,50,Sunny,32.2,Home & Kitchen,66.47,120.94,211,98,3
2025-10-10,SKU_017,33,STORE_03,1,50,Sunny,32.2,Electronics,97.91,176.78,209,72,3
2025-10-10,SKU_018,20,STORE_02,1,50,Sunny,32.2,Groceries,129.16,218.5,226,56,14
2025-10-10,SKU_019,30,STORE_01,1,50,Sunny,32.2,Apparel,107.94,154.53,202,92,8
2025-10-10,SKU_020,12,STORE_03,1,50,Sunny,32.2,Apparel,91.87,157.08,203,69,8
2025-10-11,SKU_001,31,STORE_02,0,0,Sunny,31.9,Groceries,89.11,173.34,225,59,3
2025-10-11,SKU_002,25,STORE_02,0,0,Sunny,31.9,Groceries,93.67,139.52,92,48,10
2025-10-11,SKU_003,92,STORE_01,0,0,Sunny,31.9,Apparel,76.77,144.31,39,57,13
2025-10-11,SKU_004,19,STORE_03,0,0,Sunny,31.9,Apparel,50.71,93.58,178,31,14
2025-10-11,SKU_005,15,STORE_01,0,0,Sunny,31.9,Home & Kitchen,144.78,283.08,13,91,9
2025-10-11,SKU_006,10,STORE_02,0,0,Sunny,31.9,Home & Kitchen,34.27,61.62,116,37,13
2025-10-11,SKU_007,30,STORE_02,0,0,Sunny,31.9,Groceries,63.35,111.77,59,50,13
2025-10-11,SKU_008,23,STORE_02,0,0,Sunny,31.9,Apparel,77.29,104.6,103,100,13
2025-10-11,SKU_009,24,STORE_02,0,0,Sunny,31.9,Electronics,13.65,22.2,97,26,5
2025-10-11,SKU_010,18,STORE_03,0,0,Sunny,31.9,Apparel,54.66,105.41,220,66,9
2025-10-11,SKU_011,13,STORE_03,0,0,Sunny,31.9,Home & Kitchen,41.13,78.19,257,73,13
2025-10-11,SKU_012,90,STORE_03,0,0,Sunny,31.9,Home & Kitchen,138.43,215.85,73,53,5
2025-10-11,SKU_013,1,STORE_03,0,0,Sunny,31.9,Groceries,63.38,95.43,292,53,8
2025-10-11,SKU_014,5,STORE_01,0,0,Sunny,31.9,Groceries,114.03,157.27,120,69,7
2025-10-11,SKU_015,35,STORE_01,0,0,Sunny,31.9,Home & Kitchen,28.9,40.43,190,49,3
2025-10-11,SKU_016,37,STORE_02,0,0,Sunny,31.9,Home & Kitchen,66.47,120.94,211,98,3
2025-10-11,SKU_017,24,STORE_03,0,0,Sunny,31.9,Electronics,97.91,176.78,209,72,3
2025-10-11,SKU_018,31,STORE_03,0,0,Sunny,31.9,Groceries,129.16,218.5,226,56,14
2025-10-11,SKU_019,12,STORE_01,0,0,Sunny,31.9,Apparel,107.94,154.53,202,92,8
2025-10-11,SKU_020,28,STORE_01,0,0,Sunny,31.9,Apparel,91.87,157.08,203,69,8
2025-10-12,SKU_001,15,STORE_02,0,0,Clear,21.0,Groceries,89.11,173.34,225,59,3
2025-10-12,SKU_002,21,STORE_03,0,0,Clear,21.0,Groceries,93.67,139.52,92,48,10
2025-10-12,SKU_003,20,STORE_01,0,0,Clear,21.0,Apparel,76.77,144.31,39,57,13
2025-10-12,SKU_004,3,STORE_02,0,0,Clear,21.0,Apparel,50.71,93.58,178,31,14
2025-10-12,SKU_005,22,STORE_02,0,0,Clear,21.0,Home & Kitchen,144.78,283.08,13,91,9
2025-10-12,SKU_006,13,STORE_02,0,0,Clear,21.0,Home & Kitchen,34.27,61.62,116,37,13
2025-10-12,SKU_007,20,STORE_03,0,0,Clear,21.0,Groceries,63.35,111.77,59,50,13
2025-10-12,SKU_008,30,STORE_01,0,0,Clear,21.0,Apparel,77.29,104.6,103,100,13
2025-10-12,SKU_009,38,STORE_02,0,0,Clear,21.0,Electronics,13.65,22.2,97,26,5
2025-10-12,SKU_010,26,STORE_01,0,0,Clear,21.0,Apparel,54.66,105.41,220,66,9
2025-10-12,SKU_011,23,STORE_02,0,0,Clear,21.0,Home & Kitchen,41.13,78.19,257,73,13
2025-10-12,SKU_012,80,STORE_02,0,0,Clear,21.0,Home & Kitchen,138.43,215.85,73,53,5
2025-10-12,SKU_013,25,STORE_02,0,0,Clear,21.0,Groceries,63.38,95.43,292,53,8
2025-10-12,SKU_014,38,STORE_01,0,0,Clear,21.0,Groceries,114.03,157.27,120,69,7
2025-10-12,SKU_015,18,STORE_03,0,0,Clear,21.0,Home & Kitchen,28.9,40.43,190,49,3
2025-10-12,SKU_016,28,STORE_03,0,0,Clear,21.0,Home & Kitchen,66.47,120.94,211,98,3
2025-10-12,SKU_017,19,STORE_02,0,0,Clear,21.0,Electronics,97.91,176.78,209,72,3
2025-10-12,SKU_018,25,STORE_02,0,0,Clear,21.0,Groceries,129.16,218.5,226,56,14
2025-10-12,SKU_019,34,STORE_03,0,0,Clear,21.0,Apparel,107.94,154.53,202,92,8
2025-10-12,SKU_020,15,STORE_02,0,0,Clear,21.0,Apparel,91.87,157.08,203,69,8
2025-10-13,SKU_001,15,STORE_01,0,0,Stormy,30.5,Groceries,89.11,173.34,225,59,3
2025-10-13,SKU_002,10,STORE_02,0,0,Stormy,30.5,Groceries,93.67,139.52,92,48,10
2025-10-13,SKU_003,25,STORE_03,0,0,Stormy,30.5,Apparel,76.77,144.31,39,57,13
2025-10-13,SKU_004,26,STORE_03,0,0,Stormy,30.5,Apparel,50.71,93.58,178,31,14
2025-10-13,SKU_005,17,STORE_03,0,0,Stormy,30.5,Home & Kitchen,144.78,283.08,13,91,9
2025-10-13,SKU_006,35,STORE_01,0,0,Stormy,30.5,Home & Kitchen,34.27,61.62,116,37,13
2025-10-13,SKU_007,23,STORE_02,0,0,Stormy,30.5,Groceries,63.35,111.77,59,50,13
2025-10-13,SKU_008,14,STORE_01,0,0,Stormy,30.5,Apparel,77.29,104.6,103,100,13
2025-10-13,SKU_009,18,STORE_02,0,0,Stormy,30.5,Electronics,13.65,22.2,97,26,5
2025-10-13,SKU_010,24,STORE_03,0,0,Stormy,30.5,Apparel,54.66,105.41,220,66,9
2025-10-13,SKU_011,17,STORE_01,0,0,Stormy,30.5,Home & Kitchen,41.13,78.19,257,73,13
2025-10-13,SKU_012,25,STORE_01,0,0,Stormy,30.5,Home & Kitchen,138.43,215.85,73,53,5
2025-10-13,SKU_013,11,STORE_01,0,0,Stormy,30.5,Groceries,63.38,95.43,292,53,8
2025-10-13,SKU_014,11,STORE_03,0,0,Stormy,30.5,Groceries,114.03,157.27,120,69,7
2025-10-13,SKU_015,11,STORE_02,0,0,Stormy,30.5,Home & Kitchen,28.9,40.43,190,49,3
2025-10-13,SKU_016,9,STORE_02,0,0,Stormy,30.5,Home & Kitchen,66.47,120.94,211,98,3
2025-10-13,SKU_017,15,STORE_03,0,0,Stormy,30.5,Electronics,97.91,176.78,209,72,3
2025-10-13,SKU_018,11,STORE_01,0,0,Stormy,30.5,Groceries,129.16,218.5,226,56,14
2025-10-13,SKU_019,11,STORE_03,0,0,Stormy,30.5,Apparel,107.94,154.53,202,92,8
2025-10-13,SKU_020,19,STORE_01,0,0,Stormy,30.5,Apparel,91.87,157.08,203,69,8
2025-10-14,SKU_001,11,STORE_02,0,0,Sunny,21.1,Groceries,89.11,173.34,225,59,3
2025-10-14,SKU_002,11,STORE_01,0,0,Sunny,21.1,Groceries,93.67,139.52,92,48,10
2025-10-14,SKU_003,7,STORE_01,0,0,Sunny,21.1,Apparel,76.77,144.31,39,57,13
2025-10-14,SKU_004,24,STORE_02,0,0,Sunny,21.1,Apparel,50.71,93.58,178,31,14
2025-10-14,SKU_005,14,STORE_02,0,0,Sunny,21.1,Home & Kitchen,144.78,283.08,13,91,9
2025-10-14,SKU_006,17,STORE_03,0,0,Sunny,21.1,Home & Kitchen,34.27,61.62,116,37,13
2025-10-14,SKU_007,20,STORE_03,0,0,Sunny,21.1,Groceries,63.35,111.77,59,50,13
2025-10-14,SKU_008,6,STORE_01,0,0,Sunny,21.1,Apparel,77.29,104.6,103,100,13
2025-10-14,SKU_009,27,STORE_02,0,0,Sunny,21.1,Electronics,13.65,22.2,97,26,5
2025-10-14,SKU_010,16,STORE_01,0,0,Sunny,21.1,Apparel,54.66,105.41,220,66,9
2025-10-14,SKU_011,5,STORE_01,0,0,Sunny,21.1,Home & Kitchen,41.13,78.19,257,73,13
2025-10-14,SKU_012,5,STORE_03,0,0,Sunny,21.1,Home & Kitchen,138.43,215.85,73,53,5
2025-10-14,SKU_013,21,STORE_02,0,0,Sunny,21.1,Groceries,63.38,95.43,292,53,8
2025-10-14,SKU_014,4,STORE_03,0,0,Sunny,21.1,Groceries,114.03,157.27,120,69,7
2025-10-14,SKU_015,11,STORE_03,0,0,Sunny,21.1,Home & Kitchen,28.9,40.43,190,49,3
2025-10-14,SKU_016,20,STORE_02,0,0,Sunny,21.1,Home & Kitchen,66.47,120.94,211,98,3
2025-10-14,SKU_017,11,STORE_03,0,0,Sunny,21.1,Electronics,97.91,176.78,209,72,3
2025-10-14,SKU_018,7,STORE_03,0,0,Sunny,21.1,Groceries,129.16,218.5,226,56,14
2025-10-14,SKU_019,95,STORE_02,0,0,Sunny,21.1,Apparel,107.94,154.53,202,92,8
2025-10-14,SKU_020,20,STORE_03,0,0,Sunny,21.1,Apparel,91.87,157.08,203,69,8
2025-10-15,SKU_001,8,STORE_03,0,0,Sunny,26.2,Groceries,89.11,173.34,225,59,3
2025-10-15,SKU_002,12,STORE_02,0,0,Sunny,26.2,Groceries,93.67,139.52,92,48,10
2025-10-15,SKU_003,18,STORE_03,0,0,Sunny,26.2,Apparel,76.77,144.31,39,57,13
2025-10-15,SKU_004,33,STORE_02,0,0,Sunny,26.2,Apparel,50.71,93.58,178,31,14
2025-10-15,SKU_005,26,STORE_02,0,0,Sunny,26.2,Home & Kitchen,144.78,283.08,13,91,9
2025-10-15,SKU_006,24,STORE_03,0,0,Sunny,26.2,Home & Kitchen,34.27,61.62,116,37,13
2025-10-15,SKU_007,5,STORE_03,0,0,Sunny,26.2,Groceries,63.35,111.77,59,50,13
2025-10-15,SKU_008,9,STORE_02,0,0,Sunny,26.2,Apparel,77.29,104.6,103,100,13
2025-10-15,SKU_009,19,STORE_01,0,0,Sunny,26.2,Electronics,13.65,22.2,97,26,5
2025-10-15,SKU_010,21,STORE_01,0,0,Sunny,26.2,Apparel,54.66,105.41,220,66,9
2025-10-15,SKU_011,15,STORE_03,0,0,Sunny,26.2,Home & Kitchen,41.13,78.19,257,73,13
2025-10-15,SKU_012,26,STORE_02,0,0,Sunny,26.2,Home & Kitchen,138.43,215.85,73,53,5
2025-10-15,SKU_013,23,STORE_02,0,0,Sunny,26.2,Groceries,63.38,95.43,292,53,8
2025-10-15,SKU_014,23,STORE_01,0,0,Sunny,26.2,Groceries,114.03,157.27,120,69,7
2025-10-15,SKU_015,14,STORE_02,0,0,Sunny,26.2,Home & Kitchen,28.9,40.43,190,49,3
2025-10-15,SKU_016,20,STORE_01,0,0,Sunny,26.2,Home & Kitchen,66.47,120.94,211,98,3
2025-10-15,SKU_017,23,STORE_01,0,0,Sunny,26.2,Electronics,97.91,176.78,209,72,3
2025-10-15,SKU_018,19,STORE_01,0,0,Sunny,26.2,Groceries,129.16,218.5,226,56,14
2025-10-15,SKU_019,14,STORE_03,0,0,Sunny,26.2,Apparel,107.94,154.53,202,92,8
2025-10-15,SKU_020,74,STORE_03,0,0,Sunny,26.2,Apparel,91.87,157.08,203,69,8
2025-10-16,SKU_001,18,STORE_01,0,0,Sunny,31.0,Groceries,89.11,173.34,225,59,3
2025-10-16,SKU_002,21,STORE_01,0,0,Sunny,31.0,Groceries,93.67,139.52,92,48,10
2025-10-16,SKU_003,21,STORE_03,0,0,Sunny,31.0,Apparel,76.77,144.31,39,57,13
2025-10-16,SKU_004,13,STORE_01,0,0,Sunny,31.0,Apparel,50.71,93.58,178,31,14
2025-10-16,SKU_005,29,STORE_02,0,0,Sunny,31.0,Home & Kitchen,144.78,283.08,13,91,9
2025-10-16,SKU_006,19,STORE_01,0,0,Sunny,31.0,Home & Kitchen,34.27,61.62,116,37,13
2025-10-16,SKU_007,30,STORE_01,0,0,Sunny,31.0,Groceries,63.35,111.77,59,50,13
2025-10-16,SKU_008,26,STORE_01,0,0,Sunny,31.0,Apparel,77.29,104.6,103,100,13
2025-10-16,SKU_009,11,STORE_03,0,0,Sunny,31.0,Electronics,13.65,22.2,97,26,5
2025-10-16,SKU_010,10,STORE_02,0,0,Sunny,31.0,Apparel,54.66,105.41,220,66,9
2025-10-16,SKU_011,21,STORE_02,0,0,Sunny,31.0,Home & Kitchen,41.13,78.19,257,73,13
2025-10-16,SKU_012,20,STORE_02,0,0,Sunny,31.0,Home & Kitchen,138.43,215.85,73,53,5
2025-10-16,SKU_013,9,STORE_01,0,0,Sunny,31.0,Groceries,63.38,95.43,292,53,8
2025-10-16,SKU_014,7,STORE_03,0,0,Sunny,31.0,Groceries,114.03,157.27,120,69,7
2025-10-16,SKU_015,8,STORE_01,0,0,Sunny,31.0,Home & Kitchen,28.9,40.43,190,49,3
2025-10-16,SKU_016,16,STORE_01,0,0,Sunny,31.0,Home & Kitchen,66.47,120.94,211,98,3
2025-10-16,SKU_017,19,STORE_03,0,0,Sunny,31.0,Electronics,97.91,176.78,209,72,3
2025-10-16,SKU_018,15,STORE_03,0,0,Sunny,31.0,Groceries,129.16,218.5,226,56,14
2025-10-16,SKU_019,21,STORE_01,0,0,Sunny,31.0,Apparel,107.94,154.53,202,92,8
2025-10-16,SKU_020,23,STORE_01,0,0,Sunny,31.0,Apparel,91.87,157.08,203,69,8
2025-10-17,SKU_001,23,STORE_02,1,10,Rainy,27.2,Groceries,89.11,173.34,225,59,3
2025-10-17,SKU_002,15,STORE_01,1,10,Rainy,27.2,Groceries,93.67,139.52,92,48,10
2025-10-17,SKU_003,27,STORE_02,1,10,Rainy,27.2,Apparel,76.77,144.31,39,57,13
2025-10-17,SKU_004,22,STORE_01,1,10,Rainy,27.2,Apparel,50.71,93.58,178,31,14
2025-10-17,SKU_005,11,STORE_03,1,10,Rainy,27.2,Home & Kitchen,144.78,283.08,13,91,9
2025-10-17,SKU_006,13,STORE_01,1,10,Rainy,27.2,Home & Kitchen,34.27,61.62,116,37,13
2025-10-17,SKU_007,18,STORE_03,1,10,Rainy,27.2,Groceries,63.35,111.77,59,50,13
2025-10-17,SKU_008,3,STORE_03,1,10,Rainy,27.2,Apparel,77.29,104.6,103,100,13
2025-10-17,SKU_009,11,STORE_03,1,10,Rainy,27.2,Electronics,13.65,22.2,97,26,5
2025-10-17,SKU_010,22,STORE_01,1,10,Rainy,27.2,Apparel,54.66,105.41,220,66,9
2025-10-17,SKU_011,23,STORE_02,1,10,Rainy,27.2,Home & Kitchen,41.13,78.19,257,73,13
2025-10-17,SKU_012,14,STORE_01,1,10,Rainy,27.2,Home & Kitchen,138.43,215.85,73,53,5
2025-10-17,SKU_013,3,STORE_03,1,10,Rainy,27.2,Groceries,63.38,95.43,292,53,8
2025-10-17,SKU_014,16,STORE_02,1,10,Rainy,27.2,Groceries,114.03,157.27,120,69,7
2025-10-17,SKU_015,7,STORE_02,1,10,Rainy,27.2,Home & Kitchen,28.9,40.43,190,49,3
2025-10-17,SKU_016,20,STORE_03,1,10,Rainy,27.2,Home & Kitchen,66.47,120.94,211,98,3
2025-10-17,SKU_017,16,STORE_03,1,10,Rainy,27.2,Electronics,97.91,176.78,209,72,3
2025-10-17,SKU_018,13,STORE_03,1,10,Rainy,27.2,Groceries,129.16,218.5,226,56,14
2025-10-17,SKU_019,6,STORE_01,1,10,Rainy,27.2,Apparel,107.94,154.53,202,92,8
2025-10-17,SKU_020,21,STORE_01,1,10,Rainy,27.2,Apparel,91.87,157.08,203,69,8
2025-10-18,SKU_001,30,STORE_02,0,0,Rainy,32.0,Groceries,89.11,173.34,225,59,3
2025-10-18,SKU_002,17,STORE_02,0,0,Rainy,32.0,Groceries,93.67,139.52,92,48,10
2025-10-18,SKU_003,32,STORE_01,0,0,Rainy,32.0,Apparel,76.77,144.31,39,57,13
2025-10-18,SKU_004,14,STORE_01,0,0,Rainy,32.0,Apparel,50.71,93.58,178,31,14
2025-10-18,SKU_005,36,STORE_03,0,0,Rainy,32.0,Home & Kitchen,144.78,283.08,13,91,9
2025-10-18,SKU_006,6,STORE_01,0,0,Rainy,32.0,Home & Kitchen,34.27,61.62,116,37,13
2025-10-18,SKU_007,23,STORE_02,0,0,Rainy,32.0,Groceries,63.35,111.77,59,50,13
2025-10-18,SKU_008,32,STORE_01,0,0,Rainy,32.0,Apparel,77.29,104.6,103,100,13
2025-10-18,SKU_009,29,STORE_03,0,0,Rainy,32.0,Electronics,13.65,22.2,97,26,5
2025-10-18,SKU_010,26,STORE_02,0,0,Rainy,32.0,Apparel,54.66,105.41,220,66,9
2025-10-18,SKU_011,10,STORE_01,0,0,Rainy,32.0,Home & Kitchen,41.13,78.19,257,73,13
2025-10-18,SKU_012,29,STORE_03,0,0,Rainy,32.0,Home & Kitchen,138.43,215.85,73,53,5
2025-10-18,SKU_013,27,STORE_02,0,0,Rainy,32.0,Groceries,63.38,95.43,292,53,8
2025-10-18,SKU_014,13,STORE_03,0,0,Rainy,32.0,Groceries,114.03,157.27,120,69,7
2025-10-18,SKU_015,40,STORE_02,0,0,Rainy,32.0,Home & Kitchen,28.9,40.43,190,49,3
2025-10-18,SKU_016,11,STORE_02,0,0,Rainy,32.0,Home & Kitchen,66.47,120.94,211,98,3
2025-10-18,SKU_017,33,STORE_01,0,0,Rainy,32.0,Electronics,97.91,176.78,209,72,3
2025-10-18,SKU_018,39,STORE_01,0,0,Rainy,32.0,Groceries,129.16,218.5,226,56,14
2025-10-18,SKU_019,19,STORE_01,0,0,Rainy,32.0,Apparel,107.94,154.53,202,92,8
2025-10-18,SKU_020,37,STORE_03,0,0,Rainy,32.0,Apparel,91.87,157.08,203,69,8
2025-10-19,SKU_001,40,STORE_01,1,50,Sunny,30.5,Groceries,89.11,173.34,225,59,3
2025-10-19,SKU_002,32,STORE_02,1,50,Sunny,30.5,Groceries,93.67,139.52,92,48,10
2025-10-19,SKU_003,32,STORE_01,1,50,Sunny,30.5,Apparel,76.77,144.31,39,57,13
2025-10-19,SKU_004,17,STORE_01,1,50,Sunny,30.5,Apparel,50.71,93.58,178,31,14
2025-10-19,SKU_005,32,STORE_02,1,50,Sunny,30.5,Home & Kitchen,144.78,283.08,13,91,9
2025-10-19,SKU_006,15,STORE_01,1,50,Sunny,30.5,Home & Kitchen,34.27,61.62,116,37,13
2025-10-19,SKU_007,37,STORE_02,1,50,Sunny,30.5,Groceries,63.35,111.77,59,50,13
2025-10-19,SKU_008,10,STORE_02,1,50,Sunny,30.5,Apparel,77.29,104.6,103,100,13
2025-10-19,SKU_009,10,STORE_01,1,50,Sunny,30.5,Electronics,13.65,22.2,97,26,5
2025-10-19,SKU_010,39,STORE_01,1,50,Sunny,30.5,Apparel,54.66,105.41,220,66,9
2025-10-19,SKU_011,10,STORE_03,1,50,Sunny,30.5,Home & Kitchen,41.13,78.19,257,73,13
2025-10-19,SKU_012,4,STORE_02,1,50,Sunny,30.5,Home & Kitchen,138.43,215.85,73,53,5
2025-10-19,SKU_013,22,STORE_03,1,50,Sunny,30.5,Groceries,63.38,95.43,292,53,8
2025-10-19,SKU_014,34,STORE_02,1,50,Sunny,30.5,Groceries,114.03,157.27,120,69,7
2025-10-19,SKU_015,78,STORE_03,1,50,Sunny,30.5,Home & Kitchen,28.9,40.43,190,49,3
2025-10-19,SKU_016,35,STORE_03,1,50,Sunny,30.5,Home & Kitchen,66.47,120.94,211,98,3
2025-10-19,SKU_017,8,STORE_03,1,50,Sunny,30.5,Electronics,97.91,176.78,209,72,3
2025-10-19,SKU_018,9,STORE_03,1,50,Sunny,30.5,Groceries,129.16,218.5,226,56,14
2025-10-19,SKU_019,12,STORE_01,1,50,Sunny,30.5,Apparel,107.94,154.53,202,92,8
2025-10-19,SKU_020,11,STORE_01,1,50,Sunny,30.5,Apparel,91.87,157.08,203,69,8
2025-10-20,SKU_001,23,STORE_01,0,0,Stormy,23.4,Groceries,89.11,173.34,225,59,3
2025-10-20,SKU_002,9,STORE_02,0,0,Stormy,23.4,Groceries,93.67,139.52,92,48,10
2025-10-20,SKU_003,10,STORE_01,0,0,Stormy,23.4,Apparel,76.77,144.31,39,57,13
2025-10-20,SKU_004,25,STORE_01,0,0,Stormy,23.4,Apparel,50.71,93.58,178,31,14
2025-10-20,SKU_005,25,STORE_03,0,0,Stormy,23.4,Home & Kitchen,144.78,283.08,13,91,9
2025-10-20,SKU_006,14,STORE_01,0,0,Stormy,23.4,Home & Kitchen,34.27,61.62,116,37,13
2025-10-20,SKU_007,11,STORE_03,0,0,Stormy,23.4,Groceries,63.35,111.77,59,50,13
2025-10-20,SKU_008,25,STORE_03,0,0,Stormy,23.4,Apparel,77.29,104.6,103,100,13
2025-10-20,SKU_009,14,STORE_02,0,0,Stormy,23.4,Electronics,13.65,22.2,97,26,5
2025-10-20,SKU_010,10,STORE_03,0,0,Stormy,23.4,Apparel,54.66,105.41,220,66,9
2025-10-20,SKU_011,32,STORE_03,0,0,Stormy,23.4,Home & Kitchen,41.13,78.19,257,73,13
2025-10-20,SKU_012,29,STORE_03,0,0,Stormy,23.4,Home & Kitchen,138.43,215.85,73,53,5
2025-10-20,SKU_013,17,STORE_03,0,0,Stormy,23.4,Groceries,63.38,95.43,292,53,8
2025-10-20,SKU_014,25,STORE_02,0,0,Stormy,23.4,Groceries,114.03,157.27,120,69,7
2025-10-20,SKU_015,10,STORE_03,0,0,Stormy,23.4,Home & Kitchen,28.9,40.43,190,49,3
2025-10-20,SKU_016,3,STORE_03,0,0,Stormy,23.4,Home & Kitchen,66.47,120.94,211,98,3
2025-10-20,SKU_017,19,STORE_01,0,0,Stormy,23.4,Electronics,97.91,176.78,209,72,3
2025-10-20,SKU_018,29,STORE_03,0,0,Stormy,23.4,Groceries,129.16,218.5,226,56,14
2025-10-20,SKU_019,17,STORE_03,0,0,Stormy,23.4,Apparel,107.94,154.53,202,92,8
2025-10-20,SKU_020,14,STORE_03,0,0,Stormy,23.4,Apparel,91.87,157.08,203,69,8
2025-10-21,SKU_001,30,STORE_02,0,0,Sunny,28.8,Groceries,89.11,173.34,225,59,3
2025-10-21,SKU_002,17,STORE_03,0,0,Sunny,28.8,Groceries,93.67,139.52,92,48,10
2025-10-21,SKU_003,21,STORE_01,0,0,Sunny,28.8,Apparel,76.77,144.31,39,57,13
2025-10-21,SKU_004,16,STORE_01,0,0,Sunny,28.8,Apparel,50.71,93.58,178,31,14
2025-10-21,SKU_005,20,STORE_01,0,0,Sunny,28.8,Home & Kitchen,144.78,283.08,13,91,9
2025-10-21,SKU_006,14,STORE_01,0,0,Sunny,28.8,Home & Kitchen,34.27,61.62,116,37,13
2025-10-21,SKU_007,12,STORE_02,0,0,Sunny,28.8,Groceries,63.35,111.77,59,50,13
2025-10-21,SKU_008,4,STORE_02,0,0,Sunny,28.8,Apparel,77.29,104.6,103,100,13
2025-10-21,SKU_009,13,STORE_01,0,0,Sunny,28.8,Electronics,13.65,22.2,97,26,5
2025-10-21,SKU_010,10,STORE_01,0,0,Sunny,28.8,Apparel,54.66,105.41,220,66,9
2025-10-21,SKU_011,8,STORE_03,0,0,Sunny,28.8,Home & Kitchen,41.13,78.19,257,73,13
2025-10-21,SKU_012,13,STORE_02,0,0,Sunny,28.8,Home & Kitchen,138.43,215.85,73,53,5
2025-10-21,SKU_013,23,STORE_02,0,0,Sunny,28.8,Groceries,63.38,95.43,292,53,8
2025-10-21,SKU_014,14,STORE_03,0,0,Sunny,28.8,Groceries,114.03,157.27,120,69,7
2025-10-21,SKU_015,13,STORE_03,0,0,Sunny,28.8,Home & Kitchen,28.9,40.43,190,49,3
2025-10-21,SKU_016,3,STORE_03,0,0,Sunny,28.8,Home & Kitchen,66.47,120.94,211,98,3
2025-10-21,SKU_017,17,STORE_02,0,0,Sunny,28.8,Electronics,97.91,176.78,209,72,3
2025-10-21,SKU_018,29,STORE_02,0,0,Sunny,28.8,Groceries,129.16,218.5,226,56,14
2025-10-21,SKU_019,19,STORE_02,0,0,Sunny,28.8,Apparel,107.94,154.53,202,92,8
2025-10-21,SKU_020,12,STORE_02,0,0,Sunny,28.8,Apparel,91.87,157.08,203,69,8
2025-10-22,SKU_001,5,STORE_01,0,0,Rainy,16.8,Groceries,89.11,173.34,225,59,3
2025-10-22,SKU_002,8,STORE_01,0,0,Rainy,16.8,Groceries,93.67,139.52,92,48,10
2025-10-22,SKU_003,21,STORE_02,0,0,Rainy,16.8,Apparel,76.77,144.31,39,57,13
2025-10-22,SKU_004,12,STORE_01,0,0,Rainy,16.8,Apparel,50.71,93.58,178,31,14
2025-10-22,SKU_005,19,STORE_03,0,0,Rainy,16.8,Home & Kitchen,144.78,283.08,13,91,9
2025-10-22,SKU_006,27,STORE_02,0,0,Rainy,16.8,Home & Kitchen,34.27,61.62,116,37,13
2025-10-22,SKU_007,14,STORE_03,0,0,Rainy,16.8,Groceries,63.35,111.77,59,50,13
2025-10-22,SKU_008,27,STORE_01,0,0,Rainy,16.8,Apparel,77.29,104.6,103,100,13
2025-10-22,SKU_009,13,STORE_02,0,0,Rainy,16.8,Electronics,13.65,22.2,97,26,5
2025-10-22,SKU_010,33,STORE_02,0,0,Rainy,16.8,Apparel,54.66,105.41,220,66,9
2025-10-22,SKU_011,7,STORE_01,0,0,Rainy,16.8,Home & Kitchen,41.13,78.19,257,73,13
2025-10-22,SKU_012,12,STORE_02,0,0,Rainy,16.8,Home & Kitchen,138.43,215.85,73,53,5
2025-10-22,SKU_013,29,STORE_02,0,0,Rainy,16.8,Groceries,63.38,95.43,292,53,8
2025-10-22,SKU_014,33,STORE_01,0,0,Rainy,16.8,Groceries,114.03,157.27,120,69,7
2025-10-22,SKU_015,33,STORE_03,0,0,Rainy,16.8,Home & Kitchen,28.9,40.43,190,49,3
2025-10-22,SKU_016,6,STORE_01,0,0,Rainy,16.8,Home & Kitchen,66.47,120.94,211,98,3
2025-10-22,SKU_017,24,STORE_03,0,0,Rainy,16.8,Electronics,97.91,176.78,209,72,3
2025-10-22,SKU_018,18,STORE_03,0,0,Rainy,16.8,Groceries,129.16,218.5,226,56,14
2025-10-22,SKU_019,20,STORE_01,0,0,Rainy,16.8,Apparel,107.94,154.53,202,92,8
2025-10-22,SKU_020,23,STORE_02,0,0,Rainy,16.8,Apparel,91.87,157.08,203,69,8
2025-10-23,SKU_001,14,STORE_03,0,0,Clear,17.5,Groceries,89.11,173.34,225,59,3
2025-10-23,SKU_002,16,STORE_02,0,0,Clear,17.5,Groceries,93.67,139.52,92,48,10
2025-10-23,SKU_003,28,STORE_02,0,0,Clear,17.5,Apparel,76.77,144.31,39,57,13
2025-10-23,SKU_004,30,STORE_01,0,0,Clear,17.5,Apparel,50.71,93.58,178,31,14
2025-10-23,SKU_005,16,STORE_02,0,0,Clear,17.5,Home & Kitchen,144.78,283.08,13,91,9
2025-10-23,SKU_006,4,STORE_02,0,0,Clear,17.5,Home & Kitchen,34.27,61.62,116,37,13
2025-10-23,SKU_007,17,STORE_02,0,0,Clear,17.5,Groceries,63.35,111.77,59,50,13
2025-10-23,SKU_008,29,STORE_03,0,0,Clear,17.5,Apparel,77.29,104.6,103,100,13
2025-10-23,SKU_009,20,STORE_03,0,0,Clear,17.5,Electronics,13.65,22.2,97,26,5
2025-10-23,SKU_010,13,STORE_02,0,0,Clear,17.5,Apparel,54.66,105.41,220,66,9
2025-10-23,SKU_011,44,STORE_02,0,0,Clear,17.5,Home & Kitchen,41.13,78.19,257,73,13
2025-10-23,SKU_012,3,STORE_02,0,0,Clear,17.5,Home & Kitchen,138.43,215.85,73,53,5
2025-10-23,SKU_013,7,STORE_02,0,0,Clear,17.5,Groceries,63.38,95.43,292,53,8
2025-10-23,SKU_014,14,STORE_01,0,0,Clear,17.5,Groceries,114.03,157.27,120,69,7
2025-10-23,SKU_015,8,STORE_03,0,0,Clear,17.5,Home & Kitchen,28.9,40.43,190,49,3
2025-10-23,SKU_016,24,STORE_01,0,0,Clear,17.5,Home & Kitchen,66.47,120.94,211,98,3
2025-10-23,SKU_017,26,STORE_03,0,0,Clear,17.5,Electronics,97.91,176.78,209,72,3
2025-10-23,SKU_018,67,STORE_01,0,0,Clear,17.5,Groceries,129.16,218.5,226,56,14
2025-10-23,SKU_019,18,STORE_02,0,0,Clear,17.5,Apparel,107.94,154.53,202,92,8
2025-10-23,SKU_020,2,STORE_03,0,0,Clear,17.5,Apparel,91.87,157.08,203,69,8
2025-10-24,SKU_001,19,STORE_02,0,0,Clear,34.2,Groceries,89.11,173.34,225,59,3
2025-10-24,SKU_002,25,STORE_02,0,0,Clear,34.2,Groceries,93.67,139.52,92,48,10
2025-10-24,SKU_003,16,STORE_01,0,0,Clear,34.2,Apparel,76.77,144.31,39,57,13
2025-10-24,SKU_004,34,STORE_03,0,0,Clear,34.2,Apparel,50.71,93.58,178,31,14
2025-10-24,SKU_005,30,STORE_03,0,0,Clear,34.2,Home & Kitchen,144.78,283.08,13,91,9
2025-10-24,SKU_006,16,STORE_03,0,0,Clear,34.2,Home & Kitchen,34.27,61.62,116,37,13
2025-10-24,SKU_007,13,STORE_03,0,0,Clear,34.2,Groceries,63.35,111.77,59,50,13
2025-10-24,SKU_008,28,STORE_02,0,0,Clear,34.2,Apparel,77.29,104.6,103,100,13
2025-10-24,SKU_009,29,STORE_01,0,0,Clear,34.2,Electronics,13.65,22.2,97,26,5
2025-10-24,SKU_010,8,STORE_03,0,0,Clear,34.2,Apparel,54.66,105.41,220,66,9
2025-10-24,SKU_011,7,STORE_03,0,0,Clear,34.2,Home & Kitchen,41.13,78.19,257,73,13
2025-10-24,SKU_012,8,STORE_01,0,0,Clear,34.2,Home & Kitchen,138.43,215.85,73,53,5
2025-10-24,SKU_013,18,STORE_03,0,0,Clear,34.2,Groceries,63.38,95.43,292,53,8
2025-10-24,SKU_014,33,STORE_03,0,0,Clear,34.2,Groceries,114.03,157.27,120,69,7
2025-10-24,SKU_015,17,STORE_02,0,0,Clear,34.2,Home & Kitchen,28.9,40.43,190,49,3
2025-10-24,SKU_016,17,STORE_02,0,0,Clear,34.2,Home & Kitchen,66.47,120.94,211,98,3
2025-10-24,SKU_017,8,STORE_03,0,0,Clear,34.2,Electronics,97.91,176.78,209,72,3
2025-10-24,SKU_018,15,STORE_01,0,0,Clear,34.2,Groceries,129.16,218.5,226,56,14
2025-10-24,SKU_019,15,STORE_02,0,0,Clear,34.2,Apparel,107.94,154.53,202,92,8
2025-10-24,SKU_020,13,STORE_01,0,0,Clear,34.2,Apparel,91.87,157.08,203,69,8
2025-10-25,SKU_001,9,STORE_03,0,0,Clear,19.3,Groceries,89.11,173.34,225,59,3
2025-10-25,SKU_002,17,STORE_02,0,0,Clear,19.3,Groceries,93.67,139.52,92,48,10
2025-10-25,SKU_003,15,STORE_02,0,0,Clear,19.3,Apparel,76.77,144.31,39,57,13
2025-10-25,SKU_004,40,STORE_01,0,0,Clear,19.3,Apparel,50.71,93.58,178,31,14
2025-10-25,SKU_005,18,STORE_02,0,0,Clear,19.3,Home & Kitchen,144.78,283.08,13,91,9
2025-10-25,SKU_006,29,STORE_02,0,0,Clear,19.3,Home & Kitchen,34.27,61.62,116,37,13
2025-10-25,SKU_007,26,STORE_02,0,0,Clear,19.3,Groceries,63.35,111.77,59,50,13
2025-10-25,SKU_008,34,STORE_01,0,0,Clear,19.3,Apparel,77.29,104.6,103,100,13
2025-10-25,SKU_009,6,STORE_02,0,0,Clear,19.3,Electronics,13.65,22.2,97,26,5
2025-10-25,SKU_010,25,STORE_01,0,0,Clear,19.3,Apparel,54.66,105.41,220,66,9
2025-10-25,SKU_011,35,STORE_02,0,0,Clear,19.3,Home & Kitchen,41.13,78.19,257,73,13
2025-10-25,SKU_012,22,STORE_01,0,0,Clear,19.3,Home & Kitchen,138.43,215.85,73,53,5
2025-10-25,SKU_013,19,STORE_03,0,0,Clear,19.3,Groceries,63.38,95.43,292,53,8
2025-10-25,SKU_014,14,STORE_02,0,0,Clear,19.3,Groceries,114.03,157.27,120,69,7
2025-10-25,SKU_015,36,STORE_01,0,0,Clear,19.3,Home & Kitchen,28.9,40.43,190,49,3
2025-10-25,SKU_016,18,STORE_01,0,0,Clear,19.3,Home & Kitchen,66.47,120.94,211,98,3
2025-10-25,SKU_017,9,STORE_01,0,0,Clear,19.3,Electronics,97.91,176.78,209,72,3
2025-10-25,SKU_018,22,STORE_02,0,0,Clear,19.3,Groceries,129.16,218.5,226,56,14
2025-10-25,SKU_019,16,STORE_03,0,0,Clear,19.3,Apparel,107.94,154.53,202,92,8
2025-10-25,SKU_020,35,STORE_02,0,0,Clear,19.3,Apparel,91.87,157.08,203,69,8
2025-10-26,SKU_001,14,STORE_03,0,0,Sunny,15.2,Groceries,89.11,173.34,225,59,3
2025-10-26,SKU_002,34,STORE_03,0,0,Sunny,15.2,Groceries,93.67,139.52,92,48,10
2025-10-26,SKU_003,24,STORE_03,0,0,Sunny,15.2,Apparel,76.77,144.31,39,57,13
2025-10-26,SKU_004,29,STORE_01,0,0,Sunny,15.2,Apparel,50.71,93.58,178,31,14
2025-10-26,SKU_005,29,STORE_03,0,0,Sunny,15.2,Home & Kitchen,144.78,283.08,13,91,9
2025-10-26,SKU_006,28,STORE_01,0,0,Sunny,15.2,Home & Kitchen,34.27,61.62,116,37,13
2025-10-26,SKU_007,16,STORE_03,0,0,Sunny,15.2,Groceries,63.35,111.77,59,50,13
2025-10-26,SKU_008,10,STORE_02,0,0,Sunny,15.2,Apparel,77.29,104.6,103,100,13
2025-10-26,SKU_009,21,STORE_01,0,0,Sunny,15.2,Electronics,13.65,22.2,97,26,5
2025-10-26,SKU_010,34,STORE_03,0,0,Sunny,15.2,Apparel,54.66,105.41,220,66,9
2025-10-26,SKU_011,27,STORE_01,0,0,Sunny,15.2,Home & Kitchen,41.13,78.19,257,73,13
2025-10-26,SKU_012,31,STORE_03,0,0,Sunny,15.2,Home & Kitchen,138.43,215.85,73,53,5
2025-10-26,SKU_013,32,STORE_02,0,0,Sunny,15.2,Groceries,63.38,95.43,292,53,8
2025-10-26,SKU_014,22,STORE_01,0,0,Sunny,15.2,Groceries,114.03,157.27,120,69,7
2025-10-26,SKU_015,38,STORE_01,0,0,Sunny,15.2,Home & Kitchen,28.9,40.43,190,49,3
2025-10-26,SKU_016,36,STORE_03,0,0,Sunny,15.2,Home & Kitchen,66.47,120.94,211,98,3
2025-10-26,SKU_017,36,STORE_02,0,0,Sunny,15.2,Electronics,97.91,176.78,209,72,3
2025-10-26,SKU_018,33,STORE_01,0,0,Sunny,15.2,Groceries,129.16,218.5,226,56,14
2025-10-26,SKU_019,11,STORE_03,0,0,Sunny,15.2,Apparel,107.94,154.53,202,92,8
2025-10-26,SKU_020,21,STORE_02,0,0,Sunny,15.2,Apparel,91.87,157.08,203,69,8
2025-10-27,SKU_001,28,STORE_02,0,0,Stormy,22.2,Groceries,89.11,173.34,225,59,3
2025-10-27,SKU_002,31,STORE_03,0,0,Stormy,22.2,Groceries,93.67,139.52,92,48,10
2025-10-27,SKU_003,13,STORE_02,0,0,Stormy,22.2,Apparel,76.77,144.31,39,57,13
2025-10-27,SKU_004,4,STORE_03,0,0,Stormy,22.2,Apparel,50.71,93.58,178,31,14
2025-10-27,SKU_005,31,STORE_01,0,0,Stormy,22.2,Home & Kitchen,144.78,283.08,13,91,9
2025-10-27,SKU_006,14,STORE_01,0,0,Stormy,22.2,Home & Kitchen,34.27,61.62,116,37,13
2025-10-27,SKU_007,23,STORE_03,0,0,Stormy,22.2,Groceries,63.35,111.77,59,50,13
2025-10-27,SKU_008,12,STORE_01,0,0,Stormy,22.2,Apparel,77.29,104.6,103,100,13
2025-10-27,SKU_009,7,STORE_03,0,0,Stormy,22.2,Electronics,13.65,22.2,97,26,5
2025-10-27,SKU_010,28,STORE_01,0,0,Stormy,22.2,Apparel,54.66,105.41,220,66,9
2025-10-27,SKU_011,27,STORE_03,0,0,Stormy,22.2,Home & Kitchen,41.13,78.19,257,73,13
2025-10-27,SKU_012,7,STORE_03,0,0,Stormy,22.2,Home & Kitchen,138.43,215.85,73,53,5
2025-10-27,SKU_013,12,STORE_02,0,0,Stormy,22.2,Groceries,63.38,95.43,292,53,8
2025-10-27,SKU_014,11,STORE_01,0,0,Stormy,22.2,Groceries,114.03,157.27,120,69,7
2025-10-27,SKU_015,27,STORE_01,0,0,Stormy,22.2,Home & Kitchen,28.9,40.43,190,49,3
2025-10-27,SKU_016,10,STORE_02,0,0,Stormy,22.2,Home & Kitchen,66.47,120.94,211,98,3
2025-10-27,SKU_017,5,STORE_03,0,0,Stormy,22.2,Electronics,97.91,176.78,209,72,3
2025-10-27,SKU_018,20,STORE_03,0,0,Stormy,22.2,Groceries,129.16,218.5,226,56,14
2025-10-27,SKU_019,17,STORE_01,0,0,Stormy,22.2,Apparel,107.94,154.53,202,92,8
2025-10-27,SKU_020,6,STORE_02,0,0,Stormy,22.2,Apparel,91.87,157.08,203,69,8
2025-10-28,SKU_001,28,STORE_03,0,0,Clear,26.6,Groceries,89.11,173.34,225,59,3
2025-10-28,SKU_002,14,STORE_01,0,0,Clear,26.6,Groceries,93.67,139.52,92,48,10
2025-10-28,SKU_003,13,STORE_01,0,0,Clear,26.6,Apparel,76.77,144.31,39,57,13
2025-10-28,SKU_004,27,STORE_03,0,0,Clear,26.6,Apparel,50.71,93.58,178,31,14
2025-10-28,SKU_005,6,STORE_01,0,0,Clear,26.6,Home & Kitchen,144.78,283.08,13,91,9
2025-10-28,SKU_006,9,STORE_03,0,0,Clear,26.6,Home & Kitchen,34.27,61.62,116,37,13
2025-10-28,SKU_007,12,STORE_01,0,0,Clear,26.6,Groceries,63.35,111.77,59,50,13
2025-10-28,SKU_008,16,STORE_01,0,0,Clear,26.6,Apparel,77.29,104.6,103,100,13
2025-10-28,SKU_009,28,STORE_02,0,0,Clear,26.6,Electronics,13.65,22.2,97,26,5
2025-10-28,SKU_010,4,STORE_01,0,0,Clear,26.6,Apparel,54.66,105.41,220,66,9
2025-10-28,SKU_011,6,STORE_03,0,0,Clear,26.6,Home & Kitchen,41.13,78.19,257,73,13
2025-10-28,SKU_012,11,STORE_02,0,0,Clear,26.6,Home & Kitchen,138.43,215.85,73,53,5
2025-10-28,SKU_013,28,STORE_01,0,0,Clear,26.6,Groceries,63.38,95.43,292,53,8
2025-10-28,SKU_014,24,STORE_03,0,0,Clear,26.6,Groceries,114.03,157.27,120,69,7
2025-10-28,SKU_015,19,STORE_01,0,0,Clear,26.6,Home & Kitchen,28.9,40.43,190,49,3
2025-10-28,SKU_016,10,STORE_03,0,0,Clear,26.6,Home & Kitchen,66.47,120.94,211,98,3
2025-10-28,SKU_017,9,STORE_01,0,0,Clear,26.6,Electronics,97.91,176.78,209,72,3
2025-10-28,SKU_018,24,STORE_02,0,0,Clear,26.6,Groceries,129.16,218.5,226,56,14
2025-10-28,SKU_019,25,STORE_02,0,0,Clear,26.6,Apparel,107.94,154.53,202,92,8
2025-10-28,SKU_020,14,STORE_02,0,0,Clear,26.6,Apparel,91.87,157.08,203,69,8
2025-10-29,SKU_001,20,STORE_01,0,0,Rainy,28.1,Groceries,89.11,173.34,225,59,3
2025-10-29,SKU_002,6,STORE_01,0,0,Rainy,28.1,Groceries,93.67,139.52,92,48,10
2025-10-29,SKU_003,14,STORE_03,0,0,Rainy,28.1,Apparel,76.77,144.31,39,57,13
2025-10-29,SKU_004,13,STORE_03,0,0,Rainy,28.1,Apparel,50.71,93.58,178,31,14
2025-10-29,SKU_005,27,STORE_01,0,0,Rainy,28.1,Home & Kitchen,144.78,283.08,13,91,9
2025-10-29,SKU_006,25,STORE_03,0,0,Rainy,28.1,Home & Kitchen,34.27,61.62,116,37,13
2025-10-29,SKU_007,6,STORE_03,0,0,Rainy,28.1,Groceries,63.35,111.77,59,50,13
2025-10-29,SKU_008,15,STORE_01,0,0,Rainy,28.1,Apparel,77.29,104.6,103,100,13
2025-10-29,SKU_009,16,STORE_03,0,0,Rainy,28.1,Electronics,13.65,22.2,97,26,5
2025-10-29,SKU_010,24,STORE_01,0,0,Rainy,28.1,Apparel,54.66,105.41,220,66,9
2025-10-29,SKU_011,27,STORE_01,0,0,Rainy,28.1,Home & Kitchen,41.13,78.19,257,73,13
2025-10-29,SKU_012,15,STORE_03,0,0,Rainy,28.1,Home & Kitchen,138.43,215.85,73,53,5
2025-10-29,SKU_013,3,STORE_02,0,0,Rainy,28.1,Groceries,63.38,95.43,292,53,8
2025-10-29,SKU_014,14,STORE_03,0,0,Rainy,28.1,Groceries,114.03,157.27,120,69,7
2025-10-29,SKU_015,17,STORE_03,0,0,Rainy,28.1,Home & Kitchen,28.9,40.43,190,49,3
2025-10-29,SKU_016,11,STORE_02,0,0,Rainy,28.1,Home & Kitchen,66.47,120.94,211,98,3
2025-10-29,SKU_017,16,STORE_02,0,0,Rainy,28.1,Electronics,97.91,176.78,209,72,3
2025-10-29,SKU_018,1,STORE_03,0,0,Rainy,28.1,Groceries,129.16,218.5,226,56,14
2025-10-29,SKU_019,17,STORE_02,0,0,Rainy,28.1,Apparel,107.94,154.53,202,92,8
2025-10-29,SKU_020,15,STORE_01,0,0,Rainy,28.1,Apparel,91.87,157.08,203,69,8
2025-10-30,SKU_001,5,STORE_03,0,0,Clear,28.5,Groceries,89.11,173.34,225,59,3
2025-10-30,SKU_002,26,STORE_01,0,0,Clear,28.5,Groceries,93.67,139.52,92,48,10
2025-10-30,SKU_003,12,STORE_01,0,0,Clear,28.5,Apparel,76.77,144.31,39,57,13
2025-10-30,SKU_004,10,STORE_01,0,0,Clear,28.5,Apparel,50.71,93.58,178,31,14
2025-10-30,SKU_005,18,STORE_01,0,0,Clear,28.5,Home & Kitchen,144.78,283.08,13,91,9
2025-10-30,SKU_006,24,STORE_02,0,0,Clear,28.5,Home & Kitchen,34.27,61.62,116,37,13
2025-10-30,SKU_007,15,STORE_02,0,0,Clear,28.5,Groceries,63.35,111.77,59,50,13
2025-10-30,SKU_008,11,STORE_03,0,0,Clear,28.5,Apparel,77.29,104.6,103,100,13
2025-10-30,SKU_009,29,STORE_01,0,0,Clear,28.5,Electronics,13.65,22.2,97,26,5
2025-10-30,SKU_010,15,STORE_03,0,0,Clear,28.5,Apparel,54.66,105.41,220,66,9
2025-10-30,SKU_011,90,STORE_02,0,0,Clear,28.5,Home & Kitchen,41.13,78.19,257,73,13
2025-10-30,SKU_012,26,STORE_02,0,0,Clear,28.5,Home & Kitchen,138.43,215.85,73,53,5
2025-10-30,SKU_013,27,STORE_01,0,0,Clear,28.5,Groceries,63.38,95.43,292,53,8
2025-10-30,SKU_014,6,STORE_03,0,0,Clear,28.5,Groceries,114.03,157.27,120,69,7
2025-10-30,SKU_015,15,STORE_03,0,0,Clear,28.5,Home & Kitchen,28.9,40.43,190,49,3
2025-10-30,SKU_016,9,STORE_02,0,0,Clear,28.5,Home & Kitchen,66.47,120.94,211,98,3
2025-10-30,SKU_017,26,STORE_02,0,0,Clear,28.5,Electronics,97.91,176.78,209,72,3
2025-10-30,SKU_018,12,STORE_01,0,0,Clear,28.5,Groceries,129.16,218.5,226,56,14
2025-10-30,SKU_019,27,STORE_02,0,0,Clear,28.5,Apparel,107.94,154.53,202,92,8
2025-10-30,SKU_020,16,STORE_02,0,0,Clear,28.5,Apparel,91.87,157.08,203,69,8
2025-10-31,SKU_001,22,STORE_03,0,0,Sunny,23.0,Groceries,89.11,173.34,225,59,3
2025-10-31,SKU_002,103,STORE_02,0,0,Sunny,23.0,Groceries,93.67,139.52,92,48,10
2025-10-31,SKU_003,27,STORE_03,0,0,Sunny,23.0,Apparel,76.77,144.31,39,57,13
2025-10-31,SKU_004,14,STORE_01,0,0,Sunny,23.0,Apparel,50.71,93.58,178,31,14
2025-10-31,SKU_005,22,STORE_03,0,0,Sunny,23.0,Home & Kitchen,144.78,283.08,13,91,9
2025-10-31,SKU_006,18,STORE_03,0,0,Sunny,23.0,Home & Kitchen,34.27,61.62,116,37,13
2025-10-31,SKU_007,6,STORE_02,0,0,Sunny,23.0,Groceries,63.35,111.77,59,50,13
2025-10-31,SKU_008,22,STORE_03,0,0,Sunny,23.0,Apparel,77.29,104.6,103,100,13
2025-10-31,SKU_009,33,STORE_03,0,0,Sunny,23.0,Electronics,13.65,22.2,97,26,5
2025-10-31,SKU_010,1,STORE_02,0,0,Sunny,23.0,Apparel,54.66,105.41,220,66,9
2025-10-31,SKU_011,13,STORE_01,0,0,Sunny,23.0,Home & Kitchen,41.13,78.19,257,73,13
2025-10-31,SKU_012,8,STORE_01,0,0,Sunny,23.0,Home & Kitchen,138.43,215.85,73,53,5
2025-10-31,SKU_013,8,STORE_01,0,0,Sunny,23.0,Groceries,63.38,95.43,292,53,8
2025-10-31,SKU_014,8,STORE_02,0,0,Sunny,23.0,Groceries,114.03,157.27,120,69,7
2025-10-31,SKU_015,29,STORE_01,0,0,Sunny,23.0,Home & Kitchen,28.9,40.43,190,49,3
2025-10-31,SKU_016,10,STORE_03,0,0,Sunny,23.0,Home & Kitchen,66.47,120.94,211,98,3
2025-10-31,SKU_017,28,STORE_03,0,0,Sunny,23.0,Electronics,97.91,176.78,209,72,3
2025-10-31,SKU_018,9,STORE_01,0,0,Sunny,23.0,Groceries,129.16,218.5,226,56,14
2025-10-31,SKU_019,4,STORE_03,0,0,Sunny,23.0,Apparel,107.94,154.53,202,92,8
2025-10-31,SKU_020,30,STORE_03,0,0,Sunny,23.0,Apparel,91.87,157.08,203,69,8
2025-11-01,SKU_001,64,STORE_01,0,0,Clear,18.6,Groceries,89.11,173.34,225,59,3
2025-11-01,SKU_002,49,STORE_03,0,0,Clear,18.6,Groceries,93.67,139.52,92,48,10
2025-11-01,SKU_003,71,STORE_03,0,0,Clear,18.6,Apparel,76.77,144.31,39,57,13
2025-11-01,SKU_004,59,STORE_02,0,0,Clear,18.6,Apparel,50.71,93.58,178,31,14
2025-11-01,SKU_005,41,STORE_01,0,0,Clear,18.6,Home & Kitchen,144.78,283.08,13,91,9
2025-11-01,SKU_006,67,STORE_02,0,0,Clear,18.6,Home & Kitchen,34.27,61.62,116,37,13
2025-11-01,SKU_007,61,STORE_02,0,0,Clear,18.6,Groceries,63.35,111.77,59,50,13
2025-11-01,SKU_008,30,STORE_03,0,0,Clear,18.6,Apparel,77.29,104.6,103,100,13
2025-11-01,SKU_009,68,STORE_02,0,0,Clear,18.6,Electronics,13.65,22.2,97,26,5
2025-11-01,SKU_010,13,STORE_01,0,0,Clear,18.6,Apparel,54.66,105.41,220,66,9
2025-11-01,SKU_011,16,STORE_03,0,0,Clear,18.6,Home & Kitchen,41.13,78.19,257,73,13
2025-11-01,SKU_012,17,STORE_03,0,0,Clear,18.6,Home & Kitchen,138.43,215.85,73,53,5
2025-11-01,SKU_013,36,STORE_03,0,0,Clear,18.6,Groceries,63.38,95.43,292,53,8
2025-11-01,SKU_014,54,STORE_02,0,0,Clear,18.6,Groceries,114.03,157.27,120,69,7
2025-11-01,SKU_015,13,STORE_01,0,0,Clear,18.6,Home & Kitchen,28.9,40.43,190,49,3
2025-11-01,SKU_016,72,STORE_02,0,0,Clear,18.6,Home & Kitchen,66.47,120.94,211,98,3
2025-11-01,SKU_017,59,STORE_03,0,0,Clear,18.6,Electronics,97.91,176.78,209,72,3
2025-11-01,SKU_018,54,STORE_02,0,0,Clear,18.6,Groceries,129.16,218.5,226,56,14
2025-11-01,SKU_019,30,STORE_03,0,0,Clear,18.6,Apparel,107.94,154.53,202,92,8
2025-11-01,SKU_020,26,STORE_02,0,0,Clear,18.6,Apparel,91.87,157.08,203,69,8
2025-11-02,SKU_001,41,STORE_01,0,0,Clear,27.4,Groceries,89.11,173.34,225,59,3
2025-11-02,SKU_002,49,STORE_03,0,0,Clear,27.4,Groceries,93.67,139.52,92,48,10
2025-11-02,SKU_003,14,STORE_01,0,0,Clear,27.4,Apparel,76.77,144.31,39,57,13
2025-11-02,SKU_004,29,STORE_03,0,0,Clear,27.4,Apparel,50.71,93.58,178,31,14
2025-11-02,SKU_005,24,STORE_01,0,0,Clear,27.4,Home & Kitchen,144.78,283.08,13,91,9
2025-11-02,SKU_006,49,STORE_01,0,0,Clear,27.4,Home & Kitchen,34.27,61.62,116,37,13
2025-11-02,SKU_007,14,STORE_03,0,0,Clear,27.4,Groceries,63.35,111.77,59,50,13
2025-11-02,SKU_008,20,STORE_03,0,0,Clear,27.4,Apparel,77.29,104.6,103,100,13
2025-11-02,SKU_009,29,STORE_03,0,0,Clear,27.4,Electronics,13.65,22.2,97,26,5
2025-11-02,SKU_010,59,STORE_02,0,0,Clear,27.4,Apparel,54.66,105.41,220,66,9
2025-11-02,SKU_011,29,STORE_01,0,0,Clear,27.4,Home & Kitchen,41.13,78.19,257,73,13
2025-11-02,SKU_012,62,STORE_01,0,0,Clear,27.4,Home & Kitchen,138.43,215.85,73,53,5
2025-11-02,SKU_013,69,STORE_03,0,0,Clear,27.4,Groceries,63.38,95.43,292,53,8
2025-11-02,SKU_014,35,STORE_03,0,0,Clear,27.4,Groceries,114.03,157.27,120,69,7
2025-11-02,SKU_015,32,STORE_02,0,0,Clear,27.4,Home & Kitchen,28.9,40.43,190,49,3
2025-11-02,SKU_016,55,STORE_03,0,0,Clear,27.4,Home & Kitchen,66.47,120.94,211,98,3
2025-11-02,SKU_017,11,STORE_01,0,0,Clear,27.4,Electronics,97.91,176.78,209,72,3
2025-11-02,SKU_018,63,STORE_03,0,0,Clear,27.4,Groceries,129.16,218.5,226,56,14
2025-11-02,SKU_019,61,STORE_03,0,0,Clear,27.4,Apparel,107.94,154.53,202,92,8
2025-11-02,SKU_020,51,STORE_03,0,0,Clear,27.4,Apparel,91.87,157.08,203,69,8
2025-11-03,SKU_001,33,STORE_01,0,0,Rainy,23.7,Groceries,89.11,173.34,225,59,3
2025-11-03,SKU_002,57,STORE_02,0,0,Rainy,23.7,Groceries,93.67,139.52,92,48,10
2025-11-03,SKU_003,41,STORE_01,0,0,Rainy,23.7,Apparel,76.77,144.31,39,57,13
2025-11-03,SKU_004,37,STORE_01,0,0,Rainy,23.7,Apparel,50.71,93.58,178,31,14
2025-11-03,SKU_005,48,STORE_03,0,0,Rainy,23.7,Home & Kitchen,144.78,283.08,13,91,9
2025-11-03,SKU_006,47,STORE_01,0,0,Rainy,23.7,Home & Kitchen,34.27,61.62,116,37,13
2025-11-03,SKU_007,8,STORE_01,0,0,Rainy,23.7,Groceries,63.35,111.77,59,50,13
2025-11-03,SKU_008,50,STORE_03,0,0,Rainy,23.7,Apparel,77.29,104.6,103,100,13
2025-11-03,SKU_009,36,STORE_03,0,0,Rainy,23.7,Electronics,13.65,22.2,97,26,5
2025-11-03,SKU_010,52,STORE_03,0,0,Rainy,23.7,Apparel,54.66,105.41,220,66,9
2025-11-03,SKU_011,43,STORE_02,0,0,Rainy,23.7,Home & Kitchen,41.13,78.19,257,73,13
2025-11-03,SKU_012,18,STORE_02,0,0,Rainy,23.7,Home & Kitchen,138.43,215.85,73,53,5
2025-11-03,SKU_013,23,STORE_02,0,0,Rainy,23.7,Groceries,63.38,95.43,292,53,8
2025-11-03,SKU_014,4,STORE_01,0,0,Rainy,23.7,Groceries,114.03,157.27,120,69,7
2025-11-03,SKU_015,35,STORE_01,0,0,Rainy,23.7,Home & Kitchen,28.9,40.43,190,49,3
2025-11-03,SKU_016,15,STORE_02,0,0,Rainy,23.7,Home & Kitchen,66.47,120.94,211,98,3
2025-11-03,SKU_017,19,STORE_02,0,0,Rainy,23.7,Electronics,97.91,176.78,209,72,3
2025-11-03,SKU_018,24,STORE_02,0,0,Rainy,23.7,Groceries,129.16,218.5,226,56,14
2025-11-03,SKU_019,48,STORE_03,0,0,Rainy,23.7,Apparel,107.94,154.53,202,92,8
2025-11-03,SKU_020,2,STORE_01,0,0,Rainy,23.7,Apparel,91.87,157.08,203,69,8
2025-11-04,SKU_001,10,STORE_02,0,0,Clear,20.9,Groceries,89.11,173.34,225,59,3
2025-11-04,SKU_002,9,STORE_01,0,0,Clear,20.9,Groceries,93.67,139.52,92,48,10
2025-11-04,SKU_003,41,STORE_01,0,0,Clear,20.9,Apparel,76.77,144.31,39,57,13
2025-11-04,SKU_004,18,STORE_02,0,0,Clear,20.9,Apparel,50.71,93.58,178,31,14
2025-11-04,SKU_005,7,STORE_01,0,0,Clear,20.9,Home & Kitchen,144.78,283.08,13,91,9
2025-11-04,SKU_006,51,STORE_01,0,0,Clear,20.9,Home & Kitchen,34.27,61.62,116,37,13
2025-11-04,SKU_007,43,STORE_03,0,0,Clear,20.9,Groceries,63.35,111.77,59,50,13
2025-11-04,SKU_008,34,STORE_02,0,0,Clear,20.9,Apparel,77.29,104.6,103,100,13
2025-11-04,SKU_009,17,STORE_01,0,0,Clear,20.9,Electronics,13.65,22.2,97,26,5
2025-11-04,SKU_010,46,STORE_02,0,0,Clear,20.9,Apparel,54.66,105.41,220,66,9
2025-11-04,SKU_011,53,STORE_02,0,0,Clear,20.9,Home & Kitchen,41.13,78.19,257,73,13
2025-11-04,SKU_012,45,STORE_02,0,0,Clear,20.9,Home & Kitchen,138.43,215.85,73,53,5
2025-11-04,SKU_013,5,STORE_01,0,0,Clear,20.9,Groceries,63.38,95.43,292,53,8
2025-11-04,SKU_014,122,STORE_03,0,0,Clear,20.9,Groceries,114.03,157.27,120,69,7
2025-11-04,SKU_015,12,STORE_03,0,0,Clear,20.9,Home & Kitchen,28.9,40.43,190,49,3
2025-11-04,SKU_016,12,STORE_01,0,0,Clear,20.9,Home & Kitchen,66.47,120.94,211,98,3
2025-11-04,SKU_017,6,STORE_01,0,0,Clear,20.9,Electronics,97.91,176.78,209,72,3
2025-11-04,SKU_018,24,STORE_03,0,0,Clear,20.9,Groceries,129.16,218.5,226,56,14
2025-11-04,SKU_019,170,STORE_02,0,0,Clear,20.9,Apparel,107.94,154.53,202,92,8
2025-11-04,SKU_020,11,STORE_03,0,0,Clear,20.9,Apparel,91.87,157.08,203,69,8
2025-11-05,SKU_001,39,STORE_02,0,0,Clear,22.6,Groceries,89.11,173.34,225,59,3
2025-11-05,SKU_002,21,STORE_01,0,0,Clear,22.6,Groceries,93.67,139.52,92,48,10
2025-11-05,SKU_003,28,STORE_02,0,0,Clear,22.6,Apparel,76.77,144.31,39,57,13
2025-11-05,SKU_004,52,STORE_01,0,0,Clear,22.6,Apparel,50.71,93.58,178,31,14
2025-11-05,SKU_005,38,STORE_02,0,0,Clear,22.6,Home & Kitchen,144.78,283.08,13,91,9
2025-11-05,SKU_006,45,STORE_03,0,0,Clear,22.6,Home & Kitchen,34.27,61.62,116,37,13
2025-11-05,SKU_007,5,STORE_01,0,0,Clear,22.6,Groceries,63.35,111.77,59,50,13
2025-11-05,SKU_008,46,STORE_01,0,0,Clear,22.6,Apparel,77.29,104.6,103,100,13
2025-11-05,SKU_009,43,STORE_02,0,0,Clear,22.6,Electronics,13.65,22.2,97,26,5
2025-11-05,SKU_010,56,STORE_02,0,0,Clear,22.6,Apparel,54.66,105.41,220,66,9
2025-11-05,SKU_011,52,STORE_01,0,0,Clear,22.6,Home & Kitchen,41.13,78.19,257,73,13
2025-11-05,SKU_012,64,STORE_01,0,0,Clear,22.6,Home & Kitchen,138.43,215.85,73,53,5
2025-11-05,SKU_013,50,STORE_02,0,0,Clear,22.6,Groceries,63.38,95.43,292,53,8
2025-11-05,SKU_014,12,STORE_01,0,0,Clear,22.6,Groceries,114.03,157.27,120,69,7
2025-11-05,SKU_015,52,STORE_03,0,0,Clear,22.6,Home & Kitchen,28.9,40.43,190,49,3
2025-11-05,SKU_016,13,STORE_02,0,0,Clear,22.6,Home & Kitchen,66.47,120.94,211,98,3
2025-11-05,SKU_017,19,STORE_02,0,0,Clear,22.6,Electronics,97.91,176.78,209,72,3
2025-11-05,SKU_018,45,STORE_03,0,0,Clear,22.6,Groceries,129.16,218.5,226,56,14
2025-11-05,SKU_019,19,STORE_02,0,0,Clear,22.6,Apparel,107.94,154.53,202,92,8
2025-11-05,SKU_020,26,STORE_03,0,0,Clear,22.6,Apparel,91.87,157.08,203,69,8
2025-11-06,SKU_001,13,STORE_02,0,0,Clear,19.8,Groceries,89.11,173.34,225,59,3
2025-11-06,SKU_002,45,STORE_02,0,0,Clear,19.8,Groceries,93.67,139.52,92,48,10
2025-11-06,SKU_003,25,STORE_02,0,0,Clear,19.8,Apparel,76.77,144.31,39,57,13
2025-11-06,SKU_004,11,STORE_02,0,0,Clear,19.8,Apparel,50.71,93.58,178,31,14
2025-11-06,SKU_005,6,STORE_03,0,0,Clear,19.8,Home & Kitchen,144.78,283.08,13,91,9
2025-11-06,SKU_006,12,STORE_01,0,0,Clear,19.8,Home & Kitchen,34.27,61.62,116,37,13
2025-11-06,SKU_007,48,STORE_01,0,0,Clear,19.8,Groceries,63.35,111.77,59,50,13
2025-11-06,SKU_008,49,STORE_02,0,0,Clear,19.8,Apparel,77.29,104.6,103,100,13
2025-11-06,SKU_009,46,STORE_01,0,0,Clear,19.8,Electronics,13.65,22.2,97,26,5
2025-11-06,SKU_010,25,STORE_02,0,0,Clear,19.8,Apparel,54.66,105.41,220,66,9
2025-11-06,SKU_011,47,STORE_01,0,0,Clear,19.8,Home & Kitchen,41.13,78.19,257,73,13
2025-11-06,SKU_012,22,STORE_03,0,0,Clear,19.8,Home & Kitchen,138.43,215.85,73,53,5
2025-11-06,SKU_013,27,STORE_01,0,0,Clear,19.8,Groceries,63.38,95.43,292,53,8
2025-11-06,SKU_014,41,STORE_02,0,0,Clear,19.8,Groceries,114.03,157.27,120,69,7
2025-11-06,SKU_015,14,STORE_03,0,0,Clear,19.8,Home & Kitchen,28.9,40.43,190,49,3
2025-11-06,SKU_016,30,STORE_03,0,0,Clear,19.8,Home & Kitchen,66.47,120.94,211,98,3
2025-11-06,SKU_017,22,STORE_01,0,0,Clear,19.8,Electronics,97.91,176.78,209,72,3
2025-11-06,SKU_018,22,STORE_01,0,0,Clear,19.8,Groceries,129.16,218.5,226,56,14
2025-11-06,SKU_019,37,STORE_03,0,0,Clear,19.8,Apparel,107.94,154.53,202,92,8
2025-11-06,SKU_020,28,STORE_01,0,0,Clear,19.8,Apparel,91.87,157.08,203,69,8
2025-11-07,SKU_001,46,STORE_01,0,0,Clear,17.5,Groceries,89.11,173.34,225,59,3
2025-11-07,SKU_002,31,STORE_02,0,0,Clear,17.5,Groceries,93.67,139.52,92,48,10
2025-11-07,SKU_003,17,STORE_01,0,0,Clear,17.5,Apparel,76.77,144.31,39,57,13
2025-11-07,SKU_004,21,STORE_02,0,0,Clear,17.5,Apparel,50.71,93.58,178,31,14
2025-11-07,SKU_005,20,STORE_03,0,0,Clear,17.5,Home & Kitchen,144.78,283.08,13,91,9
2025-11-07,SKU_006,42,STORE_03,0,0,Clear,17.5,Home & Kitchen,34.27,61.62,116,37,13
2025-11-07,SKU_007,55,STORE_02,0,0,Clear,17.5,Groceries,63.35,111.77,59,50,13
2025-11-07,SKU_008,55,STORE_01,0,0,Clear,17.5,Apparel,77.29,104.6,103,100,13
2025-11-07,SKU_009,34,STORE_03,0,0,Clear,17.5,Electronics,13.65,22.2,97,26,5
2025-11-07,SKU_010,26,STORE_02,0,0,Clear,17.5,Apparel,54.66,105.41,220,66,9
2025-11-07,SKU_011,23,STORE_01,0,0,Clear,17.5,Home & Kitchen,41.13,78.19,257,73,13
2025-11-07,SKU_012,22,STORE_01,0,0,Clear,17.5,Home & Kitchen,138.43,215.85,73,53,5
2025-11-07,SKU_013,34,STORE_03,0,0,Clear,17.5,Groceries,63.38,95.43,292,53,8
2025-11-07,SKU_014,12,STORE_03,0,0,Clear,17.5,Groceries,114.03,157.27,120,69,7
2025-11-07,SKU_015,41,STORE_01,0,0,Clear,17.5,Home & Kitchen,28.9,40.43,190,49,3
2025-11-07,SKU_016,23,STORE_03,0,0,Clear,17.5,Home & Kitchen,66.47,120.94,211,98,3
2025-11-07,SKU_017,12,STORE_03,0,0,Clear,17.5,Electronics,97.91,176.78,209,72,3
2025-11-07,SKU_018,35,STORE_01,0,0,Clear,17.5,Groceries,129.16,218.5,226,56,14
2025-11-07,SKU_019,40,STORE_01,0,0,Clear,17.5,Apparel,107.94,154.53,202,92,8
2025-11-07,SKU_020,39,STORE_02,0,0,Clear,17.5,Apparel,91.87,157.08,203,69,8
2025-11-08,SKU_001,50,STORE_03,0,0,Rainy,18.4,Groceries,89.11,173.34,225,59,3
2025-11-08,SKU_002,60,STORE_02,0,0,Rainy,18.4,Groceries,93.67,139.52,92,48,10
2025-11-08,SKU_003,50,STORE_02,0,0,Rainy,18.4,Apparel,76.77,144.31,39,57,13
2025-11-08,SKU_004,17,STORE_02,0,0,Rainy,18.4,Apparel,50.71,93.58,178,31,14
2025-11-08,SKU_005,50,STORE_02,0,0,Rainy,18.4,Home & Kitchen,144.78,283.08,13,91,9
2025-11-08,SKU_006,20,STORE_03,0,0,Rainy,18.4,Home & Kitchen,34.27,61.62,116,37,13
2025-11-08,SKU_007,16,STORE_01,0,0,Rainy,18.4,Groceries,63.35,111.77,59,50,13
2025-11-08,SKU_008,38,STORE_03,0,0,Rainy,18.4,Apparel,77.29,104.6,103,100,13
2025-11-08,SKU_009,36,STORE_03,0,0,Rainy,18.4,Electronics,13.65,22.2,97,26,5
2025-11-08,SKU_010,36,STORE_02,0,0,Rainy,18.4,Apparel,54.66,105.41,220,66,9
2025-11-08,SKU_011,62,STORE_01,0,0,Rainy,18.4,Home & Kitchen,41.13,78.19,257,73,13
2025-11-08,SKU_012,44,STORE_03,0,0,Rainy,18.4,Home & Kitchen,138.43,215.85,73,53,5
2025-11-08,SKU_013,68,STORE_02,0,0,Rainy,18.4,Groceries,63.38,95.43,292,53,8
2025-11-08,SKU_014,32,STORE_03,0,0,Rainy,18.4,Groceries,114.03,157.27,120,69,7
2025-11-08,SKU_015,14,STORE_02,0,0,Rainy,18.4,Home & Kitchen,28.9,40.43,190,49,3
2025-11-08,SKU_016,36,STORE_02,0,0,Rainy,18.4,Home & Kitchen,66.47,120.94,211,98,3
2025-11-08,SKU_017,15,STORE_01,0,0,Rainy,18.4,Electronics,97.91,176.78,209,72,3
2025-11-08,SKU_018,60,STORE_03,0,0,Rainy,18.4,Groceries,129.16,218.5,226,56,14
2025-11-08,SKU_019,33,STORE_01,0,0,Rainy,18.4,Apparel,107.94,154.53,202,92,8
2025-11-08,SKU_020,64,STORE_03,0,0,Rainy,18.4,Apparel,91.87,157.08,203,69,8
2025-11-09,SKU_001,21,STORE_03,0,0,Sunny,34.0,Groceries,89.11,173.34,225,59,3
2025-11-09,SKU_002,29,STORE_03,0,0,Sunny,34.0,Groceries,93.67,139.52,92,48,10
2025-11-09,SKU_003,47,STORE_02,0,0,Sunny,34.0,Apparel,76.77,144.31,39,57,13
2025-11-09,SKU_004,56,STORE_01,0,0,Sunny,34.0,Apparel,50.71,93.58,178,31,14
2025-11-09,SKU_005,13,STORE_01,0,0,Sunny,34.0,Home & Kitchen,144.78,283.08,13,91,9
2025-11-09,SKU_006,123,STORE_01,0,0,Sunny,34.0,Home & Kitchen,34.27,61.62,116,37,13
2025-11-09,SKU_007,52,STORE_02,0,0,Sunny,34.0,Groceries,63.35,111.77,59,50,13
2025-11-09,SKU_008,62,STORE_03,0,0,Sunny,34.0,Apparel,77.29,104.6,103,100,13
2025-11-09,SKU_009,41,STORE_01,0,0,Sunny,34.0,Electronics,13.65,22.2,97,26,5
2025-11-09,SKU_010,46,STORE_03,0,0,Sunny,34.0,Apparel,54.66,105.41,220,66,9
2025-11-09,SKU_011,179,STORE_02,0,0,Sunny,34.0,Home & Kitchen,41.13,78.19,257,73,13
2025-11-09,SKU_012,54,STORE_01,0,0,Sunny,34.0,Home & Kitchen,138.43,215.85,73,53,5
2025-11-09,SKU_013,70,STORE_03,0,0,Sunny,34.0,Groceries,63.38,95.43,292,53,8
2025-11-09,SKU_014,71,STORE_03,0,0,Sunny,34.0,Groceries,114.03,157.27,120,69,7
2025-11-09,SKU_015,62,STORE_02,0,0,Sunny,34.0,Home & Kitchen,28.9,40.43,190,49,3
2025-11-09,SKU_016,61,STORE_02,0,0,Sunny,34.0,Home & Kitchen,66.47,120.94,211,98,3
2025-11-09,SKU_017,37,STORE_01,0,0,Sunny,34.0,Electronics,97.91,176.78,209,72,3
2025-11-09,SKU_018,38,STORE_02,0,0,Sunny,34.0,Groceries,129.16,218.5,226,56,14
2025-11-09,SKU_019,26,STORE_03,0,0,Sunny,34.0,Apparel,107.94,154.53,202,92,8
2025-11-09,SKU_020,58,STORE_02,0,0,Sunny,34.0,Apparel,91.87,157.08,203,69,8
2025-11-10,SKU_001,39,STORE_02,0,0,Clear,20.8,Groceries,89.11,173.34,225,59,3
2025-11-10,SKU_002,18,STORE_02,0,0,Clear,20.8,Groceries,93.67,139.52,92,48,10
2025-11-10,SKU_003,31,STORE_02,0,0,Clear,20.8,Apparel,76.77,144.31,39,57,13
2025-11-10,SKU_004,14,STORE_01,0,0,Clear,20.8,Apparel,50.71,93.58,178,31,14
2025-11-10,SKU_005,13,STORE_01,0,0,Clear,20.8,Home & Kitchen,144.78,283.08,13,91,9
2025-11-10,SKU_006,46,STORE_02,0,0,Clear,20.8,Home & Kitchen,34.27,61.62,116,37,13
2025-11-10,SKU_007,20,STORE_01,0,0,Clear,20.8,Groceries,63.35,111.77,59,50,13
2025-11-10,SKU_008,35,STORE_02,0,0,Clear,20.8,Apparel,77.29,104.6,103,100,13
2025-11-10,SKU_009,51,STORE_01,0,0,Clear,20.8,Electronics,13.65,22.2,97,26,5
2025-11-10,SKU_010,56,STORE_01,0,0,Clear,20.8,Apparel,54.66,105.41,220,66,9
2025-11-10,SKU_011,15,STORE_03,0,0,Clear,20.8,Home & Kitchen,41.13,78.19,257,73,13
2025-11-10,SKU_012,32,STORE_02,0,0,Clear,20.8,Home & Kitchen,138.43,215.85,73,53,5
2025-11-10,SKU_013,44,STORE_03,0,0,Clear,20.8,Groceries,63.38,95.43,292,53,8
2025-11-10,SKU_014,62,STORE_03,0,0,Clear,20.8,Groceries,114.03,157.27,120,69,7
2025-11-10,SKU_015,17,STORE_03,0,0,Clear,20.8,Home & Kitchen,28.9,40.43,190,49,3
2025-11-10,SKU_016,45,STORE_02,0,0,Clear,20.8,Home & Kitchen,66.47,120.94,211,98,3
2025-11-10,SKU_017,41,STORE_01,0,0,Clear,20.8,Electronics,97.91,176.78,209,72,3
2025-11-10,SKU_018,38,STORE_01,0,0,Clear,20.8,Groceries,129.16,218.5,226,56,14
2025-11-10,SKU_019,58,STORE_01,0,0,Clear,20.8,Apparel,107.94,154.53,202,92,8
2025-11-10,SKU_020,28,STORE_01,0,0,Clear,20.8,Apparel,91.87,157.08,203,69,8
2025-11-11,SKU_001,48,STORE_02,1,20,Sunny,24.5,Groceries,89.11,173.34,225,59,3
2025-11-11,SKU_002,48,STORE_01,1,20,Sunny,24.5,Groceries,93.67,139.52,92,48,10
2025-11-11,SKU_003,18,STORE_03,1,20,Sunny,24.5,Apparel,76.77,144.31,39,57,13
2025-11-11,SKU_004,38,STORE_02,1,20,Sunny,24.5,Apparel,50.71,93.58,178,31,14
2025-11-11,SKU_005,33,STORE_03,1,20,Sunny,24.5,Home & Kitchen,144.78,283.08,13,91,9
2025-11-11,SKU_006,22,STORE_02,1,20,Sunny,24.5,Home & Kitchen,34.27,61.62,116,37,13
2025-11-11,SKU_007,32,STORE_03,1,20,Sunny,24.5,Groceries,63.35,111.77,59,50,13
2025-11-11,SKU_008,17,STORE_01,1,20,Sunny,24.5,Apparel,77.29,104.6,103,100,13
2025-11-11,SKU_009,53,STORE_02,1,20,Sunny,24.5,Electronics,13.65,22.2,97,26,5
2025-11-11,SKU_010,45,STORE_03,1,20,Sunny,24.5,Apparel,54.66,105.41,220,66,9
2025-11-11,SKU_011,31,STORE_03,1,20,Sunny,24.5,Home & Kitchen,41.13,78.19,257,73,13
2025-11-11,SKU_012,7,STORE_03,1,20,Sunny,24.5,Home & Kitchen,138.43,215.85,73,53,5
2025-11-11,SKU_013,26,STORE_01,1,20,Sunny,24.5,Groceries,63.38,95.43,292,53,8
2025-11-11,SKU_014,18,STORE_02,1,20,Sunny,24.5,Groceries,114.03,157.27,120,69,7
2025-11-11,SKU_015,131,STORE_01,1,20,Sunny,24.5,Home & Kitchen,28.9,40.43,190,49,3
2025-11-11,SKU_016,31,STORE_01,1,20,Sunny,24.5,Home & Kitchen,66.47,120.94,211,98,3
2025-11-11,SKU_017,19,STORE_03,1,20,Sunny,24.5,Electronics,97.91,176.78,209,72,3
2025-11-11,SKU_018,48,STORE_02,1,20,Sunny,24.5,Groceries,129.16,218.5,226,56,14
2025-11-11,SKU_019,7,STORE_03,1,20,Sunny,24.5,Apparel,107.94,154.53,202,92,8
2025-11-11,SKU_020,26,STORE_03,1,20,Sunny,24.5,Apparel,91.87,157.08,203,69,8
2025-11-12,SKU_001,27,STORE_01,0,0,Sunny,32.9,Groceries,89.11,173.34,225,59,3
2025-11-12,SKU_002,52,STORE_01,0,0,Sunny,32.9,Groceries,93.67,139.52,92,48,10
2025-11-12,SKU_003,52,STORE_03,0,0,Sunny,32.9,Apparel,76.77,144.31,39,57,13
2025-11-12,SKU_004,41,STORE_01,0,0,Sunny,32.9,Apparel,50.71,93.58,178,31,14
2025-11-12,SKU_005,22,STORE_01,0,0,Sunny,32.9,Home & Kitchen,144.78,283.08,13,91,9
2025-11-12,SKU_006,26,STORE_01,0,0,Sunny,32.9,Home & Kitchen,34.27,61.62,116,37,13
2025-11-12,SKU_007,18,STORE_03,0,0,Sunny,32.9,Groceries,63.35,111.77,59,50,13
2025-11-12,SKU_008,43,STORE_03,0,0,Sunny,32.9,Apparel,77.29,104.6,103,100,13
2025-11-12,SKU_009,34,STORE_02,0,0,Sunny,32.9,Electronics,13.65,22.2,97,26,5
2025-11-12,SKU_010,13,STORE_02,0,0,Sunny,32.9,Apparel,54.66,105.41,220,66,9
2025-11-12,SKU_011,38,STORE_02,0,0,Sunny,32.9,Home & Kitchen,41.13,78.19,257,73,13
2025-11-12,SKU_012,39,STORE_03,0,0,Sunny,32.9,Home & Kitchen,138.43,215.85,73,53,5
2025-11-12,SKU_013,72,STORE_03,0,0,Sunny,32.9,Groceries,63.38,95.43,292,53,8
2025-11-12,SKU_014,32,STORE_01,0,0,Sunny,32.9,Groceries,114.03,157.27,120,69,7
2025-11-12,SKU_015,17,STORE_01,0,0,Sunny,32.9,Home & Kitchen,28.9,40.43,190,49,3
2025-11-12,SKU_016,23,STORE_03,0,0,Sunny,32.9,Home & Kitchen,66.47,120.94,211,98,3
2025-11-12,SKU_017,15,STORE_01,0,0,Sunny,32.9,Electronics,97.91,176.78,209,72,3
2025-11-12,SKU_018,43,STORE_01,0,0,Sunny,32.9,Groceries,129.16,218.5,226,56,14
2025-11-12,SKU_019,9,STORE_03,0,0,Sunny,32.9,Apparel,107.94,154.53,202,92,8
2025-11-12,SKU_020,46,STORE_01,0,0,Sunny,32.9,Apparel,91.87,157.08,203,69,8
2025-11-13,SKU_001,51,STORE_02,0,0,Clear,21.1,Groceries,89.11,173.34,225,59,3
2025-11-13,SKU_002,12,STORE_02,0,0,Clear,21.1,Groceries,93.67,139.52,92,48,10
2025-11-13,SKU_003,32,STORE_01,0,0,Clear,21.1,Apparel,76.77,144.31,39,57,13
2025-11-13,SKU_004,46,STORE_03,0,0,Clear,21.1,Apparel,50.71,93.58,178,31,14
2025-11-13,SKU_005,49,STORE_03,0,0,Clear,21.1,Home & Kitchen,144.78,283.08,13,91,9
2025-11-13,SKU_006,45,STORE_03,0,0,Clear,21.1,Home & Kitchen,34.27,61.62,116,37,13
2025-11-13,SKU_007,21,STORE_01,0,0,Clear,21.1,Groceries,63.35,111.77,59,50,13
2025-11-13,SKU_008,20,STORE_01,0,0,Clear,21.1,Apparel,77.29,104.6,103,100,13
2025-11-13,SKU_009,16,STORE_01,0,0,Clear,21.1,Electronics,13.65,22.2,97,26,5
2025-11-13,SKU_010,12,STORE_03,0,0,Clear,21.1,Apparel,54.66,105.41,220,66,9
2025-11-13,SKU_011,21,STORE_03,0,0,Clear,21.1,Home & Kitchen,41.13,78.19,257,73,13
2025-11-13,SKU_012,41,STORE_03,0,0,Clear,21.1,Home & Kitchen,138.43,215.85,73,53,5
2025-11-13,SKU_013,16,STORE_02,0,0,Clear,21.1,Groceries,63.38,95.43,292,53,8
2025-11-13,SKU_014,21,STORE_03,0,0,Clear,21.1,Groceries,114.03,157.27,120,69,7
2025-11-13,SKU_015,30,STORE_02,0,0,Clear,21.1,Home & Kitchen,28.9,40.43,190,49,3
2025-11-13,SKU_016,31,STORE_01,0,0,Clear,21.1,Home & Kitchen,66.47,120.94,211,98,3
2025-11-13,SKU_017,35,STORE_03,0,0,Clear,21.1,Electronics,97.91,176.78,209,72,3
2025-11-13,SKU_018,22,STORE_03,0,0,Clear,21.1,Groceries,129.16,218.5,226,56,14
2025-11-13,SKU_019,24,STORE_02,0,0,Clear,21.1,Apparel,107.94,154.53,202,92,8
2025-11-13,SKU_020,15,STORE_03,0,0,Clear,21.1,Apparel,91.87,157.08,203,69,8
2025-11-14,SKU_001,41,STORE_03,0,0,Rainy,27.0,Groceries,89.11,173.34,225,59,3
2025-11-14,SKU_002,15,STORE_02,0,0,Rainy,27.0,Groceries,93.67,139.52,92,48,10
2025-11-14,SKU_003,25,STORE_01,0,0,Rainy,27.0,Apparel,76.77,144.31,39,57,13
2025-11-14,SKU_004,26,STORE_03,0,0,Rainy,27.0,Apparel,50.71,93.58,178,31,14
2025-11-14,SKU_005,52,STORE_01,0,0,Rainy,27.0,Home & Kitchen,144.78,283.08,13,91,9
2025-11-14,SKU_006,37,STORE_01,0,0,Rainy,27.0,Home & Kitchen,34.27,61.62,116,37,13
2025-11-14,SKU_007,10,STORE_02,0,0,Rainy,27.0,Groceries,63.35,111.77,59,50,13
2025-11-14,SKU_008,42,STORE_02,0,0,Rainy,27.0,Apparel,77.29,104.6,103,100,13
2025-11-14,SKU_009,44,STORE_03,0,0,Rainy,27.0,Electronics,13.65,22.2,97,26,5
2025-11-14,SKU_010,11,STORE_02,0,0,Rainy,27.0,Apparel,54.66,105.41,220,66,9
2025-11-14,SKU_011,38,STORE_01,0,0,Rainy,27.0,Home & Kitchen,41.13,78.19,257,73,13
2025-11-14,SKU_012,50,STORE_03,0,0,Rainy,27.0,Home & Kitchen,138.43,215.85,73,53,5
2025-11-14,SKU_013,52,STORE_03,0,0,Rainy,27.0,Groceries,63.38,95.43,292,53,8
2025-11-14,SKU_014,176,STORE_02,0,0,Rainy,27.0,Groceries,114.03,157.27,120,69,7
2025-11-14,SKU_015,8,STORE_02,0,0,Rainy,27.0,Home & Kitchen,28.9,40.43,190,49,3
2025-11-14,SKU_016,45,STORE_03,0,0,Rainy,27.0,Home & Kitchen,66.47,120.94,211,98,3
2025-11-14,SKU_017,59,STORE_02,0,0,Rainy,27.0,Electronics,97.91,176.78,209,72,3
2025-11-14,SKU_018,14,STORE_02,0,0,Rainy,27.0,Groceries,129.16,218.5,226,56,14
2025-11-14,SKU_019,20,STORE_02,0,0,Rainy,27.0,Apparel,107.94,154.53,202,92,8
2025-11-14,SKU_020,42,STORE_03,0,0,Rainy,27.0,Apparel,91.87,157.08,203,69,8
2025-11-15,SKU_001,75,STORE_01,0,0,Rainy,16.5,Groceries,89.11,173.34,225,59,3
2025-11-15,SKU_002,16,STORE_03,0,0,Rainy,16.5,Groceries,93.67,139.52,92,48,10
2025-11-15,SKU_003,59,STORE_01,0,0,Rainy,16.5,Apparel,76.77,144.31,39,57,13
2025-11-15,SKU_004,24,STORE_01,0,0,Rainy,16.5,Apparel,50.71,93.58,178,31,14
2025-11-15,SKU_005,25,STORE_01,0,0,Rainy,16.5,Home & Kitchen,144.78,283.08,13,91,9
2025-11-15,SKU_006,67,STORE_03,0,0,Rainy,16.5,Home & Kitchen,34.27,61.62,116,37,13
2025-11-15,SKU_007,66,STORE_01,0,0,Rainy,16.5,Groceries,63.35,111.77,59,50,13
2025-11-15,SKU_008,49,STORE_03,0,0,Rainy,16.5,Apparel,77.29,104.6,103,100,13
2025-11-15,SKU_009,27,STORE_03,0,0,Rainy,16.5,Electronics,13.65,22.2,97,26,5
2025-11-15,SKU_010,71,STORE_01,0,0,Rainy,16.5,Apparel,54.66,105.41,220,66,9
2025-11-15,SKU_011,66,STORE_02,0,0,Rainy,16.5,Home & Kitchen,41.13,78.19,257,73,13
2025-11-15,SKU_012,43,STORE_02,0,0,Rainy,16.5,Home & Kitchen,138.43,215.85,73,53,5
2025-11-15,SKU_013,54,STORE_03,0,0,Rainy,16.5,Groceries,63.38,95.43,292,53,8
2025-11-15,SKU_014,45,STORE_01,0,0,Rainy,16.5,Groceries,114.03,157.27,120,69,7
2025-11-15,SKU_015,39,STORE_01,0,0,Rainy,16.5,Home & Kitchen,28.9,40.43,190,49,3
2025-11-15,SKU_016,36,STORE_01,0,0,Rainy,16.5,Home & Kitchen,66.47,120.94,211,98,3
2025-11-15,SKU_017,46,STORE_01,0,0,Rainy,16.5,Electronics,97.91,176.78,209,72,3
2025-11-15,SKU_018,56,STORE_01,0,0,Rainy,16.5,Groceries,129.16,218.5,226,56,14
2025-11-15,SKU_019,23,STORE_03,0,0,Rainy,16.5,Apparel,107.94,154.53,202,92,8
2025-11-15,SKU_020,32,STORE_03,0,0,Rainy,16.5,Apparel,91.87,157.08,203,69,8
2025-11-16,SKU_001,36,STORE_01,0,0,Sunny,22.4,Groceries,89.11,173.34,225,59,3
2025-11-16,SKU_002,15,STORE_01,0,0,Sunny,22.4,Groceries,93.67,139.52,92,48,10
2025-11-16,SKU_003,13,STORE_02,0,0,Sunny,22.4,Apparel,76.77,144.31,39,57,13
2025-11-16,SKU_004,32,STORE_02,0,0,Sunny,22.4,Apparel,50.71,93.58,178,31,14
2025-11-16,SKU_005,38,STORE_01,0,0,Sunny,22.4,Home & Kitchen,144.78,283.08,13,91,9
2025-11-16,SKU_006,19,STORE_03,0,0,Sunny,22.4,Home & Kitchen,34.27,61.62,116,37,13
2025-11-16,SKU_007,28,STORE_03,0,0,Sunny,22.4,Groceries,63.35,111.77,59,50,13
2025-11-16,SKU_008,33,STORE_02,0,0,Sunny,22.4,Apparel,77.29,104.6,103,100,13
2025-11-16,SKU_009,33,STORE_02,0,0,Sunny,22.4,Electronics,13.65,22.2,97,26,5
2025-11-16,SKU_010,13,STORE_01,0,0,Sunny,22.4,Apparel,54.66,105.41,220,66,9
2025-11-16,SKU_011,56,STORE_03,0,0,Sunny,22.4,Home & Kitchen,41.13,78.19,257,73,13
2025-11-16,SKU_012,63,STORE_02,0,0,Sunny,22.4,Home & Kitchen,138.43,215.85,73,53,5
2025-11-16,SKU_013,11,STORE_01,0,0,Sunny,22.4,Groceries,63.38,95.43,292,53,8
2025-11-16,SKU_014,18,STORE_01,0,0,Sunny,22.4,Groceries,114.03,157.27,120,69,7
2025-11-16,SKU_015,60,STORE_01,0,0,Sunny,22.4,Home & Kitchen,28.9,40.43,190,49,3
2025-11-16,SKU_016,14,STORE_03,0,0,Sunny,22.4,Home & Kitchen,66.47,120.94,211,98,3
2025-11-16,SKU_017,46,STORE_03,0,0,Sunny,22.4,Electronics,97.91,176.78,209,72,3
2025-11-16,SKU_018,66,STORE_02,0,0,Sunny,22.4,Groceries,129.16,218.5,226,56,14
2025-11-16,SKU_019,33,STORE_02,0,0,Sunny,22.4,Apparel,107.94,154.53,202,92,8
2025-11-16,SKU_020,38,STORE_02,0,0,Sunny,22.4,Apparel,91.87,157.08,203,69,8
2025-11-17,SKU_001,28,STORE_02,1,50,Stormy,30.4,Groceries,89.11,173.34,225,59,3
2025-11-17,SKU_002,48,STORE_02,1,50,Stormy,30.4,Groceries,93.67,139.52,92,48,10
2025-11-17,SKU_003,14,STORE_02,1,50,Stormy,30.4,Apparel,76.77,144.31,39,57,13
2025-11-17,SKU_004,13,STORE_02,1,50,Stormy,30.4,Apparel,50.71,93.58,178,31,14
2025-11-17,SKU_005,28,STORE_02,1,50,Stormy,30.4,Home & Kitchen,144.78,283.08,13,91,9
2025-11-17,SKU_006,29,STORE_01,1,50,Stormy,30.4,Home & Kitchen,34.27,61.62,116,37,13
2025-11-17,SKU_007,50,STORE_01,1,50,Stormy,30.4,Groceries,63.35,111.77,59,50,13
2025-11-17,SKU_008,50,STORE_01,1,50,Stormy,30.4,Apparel,77.29,104.6,103,100,13
2025-11-17,SKU_009,55,STORE_03,1,50,Stormy,30.4,Electronics,13.65,22.2,97,26,5
2025-11-17,SKU_010,122,STORE_01,1,50,Stormy,30.4,Apparel,54.66,105.41,220,66,9
2025-11-17,SKU_011,54,STORE_02,1,50,Stormy,30.4,Home & Kitchen,41.13,78.19,257,73,13
2025-11-17,SKU_012,36,STORE_02,1,50,Stormy,30.4,Home & Kitchen,138.43,215.85,73,53,5
2025-11-17,SKU_013,27,STORE_02,1,50,Stormy,30.4,Groceries,63.38,95.43,292,53,8
2025-11-17,SKU_014,33,STORE_01,1,50,Stormy,30.4,Groceries,114.03,157.27,120,69,7
2025-11-17,SKU_015,40,STORE_03,1,50,Stormy,30.4,Home & Kitchen,28.9,40.43,190,49,3
2025-11-17,SKU_016,65,STORE_01,1,50,Stormy,30.4,Home & Kitchen,66.47,120.94,211,98,3
2025-11-17,SKU_017,48,STORE_01,1,50,Stormy,30.4,Electronics,97.91,176.78,209,72,3
2025-11-17,SKU_018,16,STORE_02,1,50,Stormy,30.4,Groceries,129.16,218.5,226,56,14
2025-11-17,SKU_019,17,STORE_03,1,50,Stormy,30.4,Apparel,107.94,154.53,202,92,8
2025-11-17,SKU_020,50,STORE_03,1,50,Stormy,30.4,Apparel,91.87,157.08,203,69,8
2025-11-18,SKU_001,18,STORE_03,1,20,Rainy,30.8,Groceries,89.11,173.34,225,59,3
2025-11-18,SKU_002,40,STORE_01,1,20,Rainy,30.8,Groceries,93.67,139.52,92,48,10
2025-11-18,SKU_003,45,STORE_03,1,20,Rainy,30.8,Apparel,76.77,144.31,39,57,13
2025-11-18,SKU_004,15,STORE_03,1,20,Rainy,30.8,Apparel,50.71,93.58,178,31,14
2025-11-18,SKU_005,31,STORE_03,1,20,Rainy,30.8,Home & Kitchen,144.78,283.08,13,91,9
2025-11-18,SKU_006,21,STORE_02,1,20,Rainy,30.8,Home & Kitchen,34.27,61.62,116,37,13
2025-11-18,SKU_007,14,STORE_01,1,20,Rainy,30.8,Groceries,63.35,111.77,59,50,13
2025-11-18,SKU_008,20,STORE_03,1,20,Rainy,30.8,Apparel,77.29,104.6,103,100,13
2025-11-18,SKU_009,18,STORE_01,1,20,Rainy,30.8,Electronics,13.65,22.2,97,26,5
2025-11-18,SKU_010,25,STORE_03,1,20,Rainy,30.8,Apparel,54.66,105.41,220,66,9
2025-11-18,SKU_011,35,STORE_03,1,20,Rainy,30.8,Home & Kitchen,41.13,78.19,257,73,13
2025-11-18,SKU_012,22,STORE_01,1,20,Rainy,30.8,Home & Kitchen,138.43,215.85,73,53,5
2025-11-18,SKU_013,18,STORE_03,1,20,Rainy,30.8,Groceries,63.38,95.43,292,53,8
2025-11-18,SKU_014,20,STORE_02,1,20,Rainy,30.8,Groceries,114.03,157.27,120,69,7
2025-11-18,SKU_015,11,STORE_02,1,20,Rainy,30.8,Home & Kitchen,28.9,40.43,190,49,3
2025-11-18,SKU_016,26,STORE_02,1,20,Rainy,30.8,Home & Kitchen,66.47,120.94,211,98,3
2025-11-18,SKU_017,34,STORE_02,1,20,Rainy,30.8,Electronics,97.91,176.78,209,72,3
2025-11-18,SKU_018,21,STORE_02,1,20,Rainy,30.8,Groceries,129.16,218.5,226,56,14
2025-11-18,SKU_019,11,STORE_03,1,20,Rainy,30.8,Apparel,107.94,154.53,202,92,8
2025-11-18,SKU_020,51,STORE_01,1,20,Rainy,30.8,Apparel,91.87,157.08,203,69,8
2025-11-19,SKU_001,33,STORE_01,0,0,Stormy,22.4,Groceries,89.11,173.34,225,59,3
2025-11-19,SKU_002,19,STORE_01,0,0,Stormy,22.4,Groceries,93.67,139.52,92,48,10
2025-11-19,SKU_003,38,STORE_03,0,0,Stormy,22.4,Apparel,76.77,144.31,39,57,13
2025-11-19,SKU_004,35,STORE_01,0,0,Stormy,22.4,Apparel,50.71,93.58,178,31,14
2025-11-19,SKU_005,24,STORE_02,0,0,Stormy,22.4,Home & Kitchen,144.78,283.08,13,91,9
2025-11-19,SKU_006,41,STORE_02,0,0,Stormy,22.4,Home & Kitchen,34.27,61.62,116,37,13
2025-11-19,SKU_007,42,STORE_01,0,0,Stormy,22.4,Groceries,63.35,111.77,59,50,13
2025-11-19,SKU_008,33,STORE_01,0,0,Stormy,22.4,Apparel,77.29,104.6,103,100,13
2025-11-19,SKU_009,12,STORE_02,0,0,Stormy,22.4,Electronics,13.65,22.2,97,26,5
2025-11-19,SKU_010,11,STORE_02,0,0,Stormy,22.4,Apparel,54.66,105.41,220,66,9
2025-11-19,SKU_011,11,STORE_02,0,0,Stormy,22.4,Home & Kitchen,41.13,78.19,257,73,13
2025-11-19,SKU_012,13,STORE_02,0,0,Stormy,22.4,Home & Kitchen,138.43,215.85,73,53,5
2025-11-19,SKU_013,13,STORE_03,0,0,Stormy,22.4,Groceries,63.38,95.43,292,53,8
2025-11-19,SKU_014,44,STORE_03,0,0,Stormy,22.4,Groceries,114.03,157.27,120,69,7
2025-11-19,SKU_015,22,STORE_03,0,0,Stormy,22.4,Home & Kitchen,28.9,40.43,190,49,3
2025-11-19,SKU_016,14,STORE_01,0,0,Stormy,22.4,Home & Kitchen,66.47,120.94,211,98,3
2025-11-19,SKU_017,30,STORE_02,0,0,Stormy,22.4,Electronics,97.91,176.78,209,72,3
2025-11-19,SKU_018,12,STORE_02,0,0,Stormy,22.4,Groceries,129.16,218.5,226,56,14
2025-11-19,SKU_019,36,STORE_03,0,0,Stormy,22.4,Apparel,107.94,154.53,202,92,8
2025-11-19,SKU_020,30,STORE_03,0,0,Stormy,22.4,Apparel,91.87,157.08,203,69,8
2025-11-20,SKU_001,42,STORE_03,0,0,Stormy,30.7,Groceries,89.11,173.34,225,59,3
2025-11-20,SKU_002,54,STORE_01,0,0,Stormy,30.7,Groceries,93.67,139.52,92,48,10
2025-11-20,SKU_003,21,STORE_02,0,0,Stormy,30.7,Apparel,76.77,144.31,39,57,13
2025-11-20,SKU_004,42,STORE_02,0,0,Stormy,30.7,Apparel,50.71,93.58,178,31,14
2025-11-20,SKU_005,18,STORE_02,0,0,Stormy,30.7,Home & Kitchen,144.78,283.08,13,91,9
2025-11-20,SKU_006,11,STORE_01,0,0,Stormy,30.7,Home & Kitchen,34.27,61.62,116,37,13
2025-11-20,SKU_007,42,STORE_01,0,0,Stormy,30.7,Groceries,63.35,111.77,59,50,13
2025-11-20,SKU_008,21,STORE_02,0,0,Stormy,30.7,Apparel,77.29,104.6,103,100,13
2025-11-20,SKU_009,40,STORE_02,0,0,Stormy,30.7,Electronics,13.65,22.2,97,26,5
2025-11-20,SKU_010,47,STORE_02,0,0,Stormy,30.7,Apparel,54.66,105.41,220,66,9
2025-11-20,SKU_011,12,STORE_02,0,0,Stormy,30.7,Home & Kitchen,41.13,78.19,257,73,13
2025-11-20,SKU_012,41,STORE_01,0,0,Stormy,30.7,Home & Kitchen,138.43,215.85,73,53,5
2025-11-20,SKU_013,18,STORE_03,0,0,Stormy,30.7,Groceries,63.38,95.43,292,53,8
2025-11-20,SKU_014,20,STORE_01,0,0,Stormy,30.7,Groceries,114.03,157.27,120,69,7
2025-11-20,SKU_015,20,STORE_02,0,0,Stormy,30.7,Home & Kitchen,28.9,40.43,190,49,3
2025-11-20,SKU_016,21,STORE_01,0,0,Stormy,30.7,Home & Kitchen,66.47,120.94,211,98,3
2025-11-20,SKU_017,38,STORE_03,0,0,Stormy,30.7,Electronics,97.91,176.78,209,72,3
2025-11-20,SKU_018,8,STORE_02,0,0,Stormy,30.7,Groceries,129.16,218.5,226,56,14
2025-11-20,SKU_019,49,STORE_01,0,0,Stormy,30.7,Apparel,107.94,154.53,202,92,8
2025-11-20,SKU_020,41,STORE_03,0,0,Stormy,30.7,Apparel,91.87,157.08,203,69,8
2025-11-21,SKU_001,7,STORE_02,0,0,Rainy,31.5,Groceries,89.11,173.34,225,59,3
2025-11-21,SKU_002,40,STORE_01,0,0,Rainy,31.5,Groceries,93.67,139.52,92,48,10
2025-11-21,SKU_003,26,STORE_03,0,0,Rainy,31.5,Apparel,76.77,144.31,39,57,13
2025-11-21,SKU_004,38,STORE_01,0,0,Rainy,31.5,Apparel,50.71,93.58,178,31,14
2025-11-21,SKU_005,168,STORE_02,0,0,Rainy,31.5,Home & Kitchen,144.78,283.08,13,91,9
2025-11-21,SKU_006,12,STORE_01,0,0,Rainy,31.5,Home & Kitchen,34.27,61.62,116,37,13
2025-11-21,SKU_007,51,STORE_02,0,0,Rainy,31.5,Groceries,63.35,111.77,59,50,13
2025-11-21,SKU_008,33,STORE_01,0,0,Rainy,31.5,Apparel,77.29,104.6,103,100,13
2025-11-21,SKU_009,52,STORE_01,0,0,Rainy,31.5,Electronics,13.65,22.2,97,26,5
2025-11-21,SKU_010,23,STORE_03,0,0,Rainy,31.5,Apparel,54.66,105.41,220,66,9
2025-11-21,SKU_011,39,STORE_03,0,0,Rainy,31.5,Home & Kitchen,41.13,78.19,257,73,13
2025-11-21,SKU_012,39,STORE_02,0,0,Rainy,31.5,Home & Kitchen,138.43,215.85,73,53,5
2025-11-21,SKU_013,28,STORE_03,0,0,Rainy,31.5,Groceries,63.38,95.43,292,53,8
2025-11-21,SKU_014,23,STORE_01,0,0,Rainy,31.5,Groceries,114.03,157.27,120,69,7
2025-11-21,SKU_015,19,STORE_01,0,0,Rainy,31.5,Home & Kitchen,28.9,40.43,190,49,3
2025-11-21,SKU_016,44,STORE_02,0,0,Rainy,31.5,Home & Kitchen,66.47,120.94,211,98,3
2025-11-21,SKU_017,32,STORE_03,0,0,Rainy,31.5,Electronics,97.91,176.78,209,72,3
2025-11-21,SKU_018,51,STORE_02,0,0,Rainy,31.5,Groceries,129.16,218.5,226,56,14
2025-11-21,SKU_019,25,STORE_01,0,0,Rainy,31.5,Apparel,107.94,154.53,202,92,8
2025-11-21,SKU_020,32,STORE_01,0,0,Rainy,31.5,Apparel,91.87,157.08,203,69,8
2025-11-22,SKU_001,52,STORE_01,0,0,Rainy,17.3,Groceries,89.11,173.34,225,59,3
2025-11-22,SKU_002,8,STORE_01,0,0,Rainy,17.3,Groceries,93.67,139.52,92,48,10
2025-11-22,SKU_003,23,STORE_03,0,0,Rainy,17.3,Apparel,76.77,144.31,39,57,13
2025-11-22,SKU_004,41,STORE_03,0,0,Rainy,17.3,Apparel,50.71,93.58,178,31,14
2025-11-22,SKU_005,58,STORE_01,0,0,Rainy,17.3,Home & Kitchen,144.78,283.08,13,91,9
2025-11-22,SKU_006,10,STORE_02,0,0,Rainy,17.3,Home & Kitchen,34.27,61.62,116,37,13
2025-11-22,SKU_007,6,STORE_02,0,0,Rainy,17.3,Groceries,63.35,111.77,59,50,13
2025-11-22,SKU_008,36,STORE_01,0,0,Rainy,17.3,Apparel,77.29,104.6,103,100,13
2025-11-22,SKU_009,39,STORE_03,0,0,Rainy,17.3,Electronics,13.65,22.2,97,26,5
2025-11-22,SKU_010,58,STORE_02,0,0,Rainy,17.3,Apparel,54.66,105.41,220,66,9
2025-11-22,SKU_011,18,STORE_03,0,0,Rainy,17.3,Home & Kitchen,41.13,78.19,257,73,13
2025-11-22,SKU_012,25,STORE_02,0,0,Rainy,17.3,Home & Kitchen,138.43,215.85,73,53,5
2025-11-22,SKU_013,44,STORE_02,0,0,Rainy,17.3,Groceries,63.38,95.43,292,53,8
2025-11-22,SKU_014,42,STORE_01,0,0,Rainy,17.3,Groceries,114.03,157.27,120,69,7
2025-11-22,SKU_015,63,STORE_03,0,0,Rainy,17.3,Home & Kitchen,28.9,40.43,190,49,3
2025-11-22,SKU_016,28,STORE_01,0,0,Rainy,17.3,Home & Kitchen,66.47,120.94,211,98,3
2025-11-22,SKU_017,22,STORE_03,0,0,Rainy,17.3,Electronics,97.91,176.78,209,72,3
2025-11-22,SKU_018,9,STORE_03,0,0,Rainy,17.3,Groceries,129.16,218.5,226,56,14
2025-11-22,SKU_019,25,STORE_01,0,0,Rainy,17.3,Apparel,107.94,154.53,202,92,8
2025-11-22,SKU_020,66,STORE_02,0,0,Rainy,17.3,Apparel,91.87,157.08,203,69,8
2025-11-23,SKU_001,34,STORE_03,0,0,Clear,28.9,Groceries,89.11,173.34,225,59,3
2025-11-23,SKU_002,42,STORE_01,0,0,Clear,28.9,Groceries,93.67,139.52,92,48,10
2025-11-23,SKU_003,35,STORE_01,0,0,Clear,28.9,Apparel,76.77,144.31,39,57,13
2025-11-23,SKU_004,66,STORE_02,0,0,Clear,28.9,Apparel,50.71,93.58,178,31,14
2025-11-23,SKU_005,31,STORE_01,0,0,Clear,28.9,Home & Kitchen,144.78,283.08,13,91,9
2025-11-23,SKU_006,50,STORE_03,0,0,Clear,28.9,Home & Kitchen,34.27,61.62,116,37,13
2025-11-23,SKU_007,41,STORE_01,0,0,Clear,28.9,Groceries,63.35,111.77,59,50,13
2025-11-23,SKU_008,139,STORE_03,0,0,Clear,28.9,Apparel,77.29,104.6,103,100,13
2025-11-23,SKU_009,63,STORE_01,0,0,Clear,28.9,Electronics,13.65,22.2,97,26,5
2025-11-23,SKU_010,62,STORE_01,0,0,Clear,28.9,Apparel,54.66,105.41,220,66,9
2025-11-23,SKU_011,49,STORE_01,0,0,Clear,28.9,Home & Kitchen,41.13,78.19,257,73,13
2025-11-23,SKU_012,65,STORE_03,0,0,Clear,28.9,Home & Kitchen,138.43,215.85,73,53,5
2025-11-23,SKU_013,36,STORE_01,0,0,Clear,28.9,Groceries,63.38,95.43,292,53,8
2025-11-23,SKU_014,56,STORE_02,0,0,Clear,28.9,Groceries,114.03,157.27,120,69,7
2025-11-23,SKU_015,54,STORE_01,0,0,Clear,28.9,Home & Kitchen,28.9,40.43,190,49,3
2025-11-23,SKU_016,15,STORE_02,0,0,Clear,28.9,Home & Kitchen,66.47,120.94,211,98,3
2025-11-23,SKU_017,43,STORE_02,0,0,Clear,28.9,Electronics,97.91,176.78,209,72,3
2025-11-23,SKU_018,35,STORE_02,0,0,Clear,28.9,Groceries,129.16,218.5,226,56,14
2025-11-23,SKU_019,68,STORE_03,0,0,Clear,28.9,Apparel,107.94,154.53,202,92,8
2025-11-23,SKU_020,46,STORE_03,0,0,Clear,28.9,Apparel,91.87,157.08,203,69,8
2025-11-24,SKU_001,18,STORE_03,0,0,Rainy,29.3,Groceries,89.11,173.34,225,59,3
2025-11-24,SKU_002,23,STORE_02,0,0,Rainy,29.3,Groceries,93.67,139.52,92,48,10
2025-11-24,SKU_003,7,STORE_01,0,0,Rainy,29.3,Apparel,76.77,144.31,39,57,13
2025-11-24,SKU_004,28,STORE_01,0,0,Rainy,29.3,Apparel,50.71,93.58,178,31,14
2025-11-24,SKU_005,8,STORE_02,0,0,Rainy,29.3,Home & Kitchen,144.78,283.08,13,91,9
2025-11-24,SKU_006,31,STORE_02,0,0,Rainy,29.3,Home & Kitchen,34.27,61.62,116,37,13
2025-11-24,SKU_007,29,STORE_01,0,0,Rainy,29.3,Groceries,63.35,111.77,59,50,13
2025-11-24,SKU_008,17,STORE_03,0,0,Rainy,29.3,Apparel,77.29,104.6,103,100,13
2025-11-24,SKU_009,18,STORE_02,0,0,Rainy,29.3,Electronics,13.65,22.2,97,26,5
2025-11-24,SKU_010,19,STORE_03,0,0,Rainy,29.3,Apparel,54.66,105.41,220,66,9
2025-11-24,SKU_011,53,STORE_01,0,0,Rainy,29.3,Home & Kitchen,41.13,78.19,257,73,13
2025-11-24,SKU_012,9,STORE_01,0,0,Rainy,29.3,Home & Kitchen,138.43,215.85,73,53,5
2025-11-24,SKU_013,42,STORE_01,0,0,Rainy,29.3,Groceries,63.38,95.43,292,53,8
2025-11-24,SKU_014,31,STORE_03,0,0,Rainy,29.3,Groceries,114.03,157.27,120,69,7
2025-11-24,SKU_015,16,STORE_03,0,0,Rainy,29.3,Home & Kitchen,28.9,40.43,190,49,3
2025-11-24,SKU_016,34,STORE_02,0,0,Rainy,29.3,Home & Kitchen,66.47,120.94,211,98,3
2025-11-24,SKU_017,45,STORE_01,0,0,Rainy,29.3,Electronics,97.91,176.78,209,72,3
2025-11-24,SKU_018,19,STORE_03,0,0,Rainy,29.3,Groceries,129.16,218.5,226,56,14
2025-11-24,SKU_019,25,STORE_02,0,0,Rainy,29.3,Apparel,107.94,154.53,202,92,8
2025-11-24,SKU_020,19,STORE_01,0,0,Rainy,29.3,Apparel,91.87,157.08,203,69,8
2025-11-25,SKU_001,55,STORE_02,0,0,Sunny,32.3,Groceries,89.11,173.34,225,59,3
2025-11-25,SKU_002,52,STORE_01,0,0,Sunny,32.3,Groceries,93.67,139.52,92,48,10
2025-11-25,SKU_003,16,STORE_03,0,0,Sunny,32.3,Apparel,76.77,144.31,39,57,13
2025-11-25,SKU_004,42,STORE_01,0,0,Sunny,32.3,Apparel,50.71,93.58,178,31,14
2025-11-25,SKU_005,46,STORE_02,0,0,Sunny,32.3,Home & Kitchen,144.78,283.08,13,91,9
2025-11-25,SKU_006,31,STORE_03,0,0,Sunny,32.3,Home & Kitchen,34.27,61.62,116,37,13
2025-11-25,SKU_007,17,STORE_02,0,0,Sunny,32.3,Groceries,63.35,111.77,59,50,13
2025-11-25,SKU_008,36,STORE_02,0,0,Sunny,32.3,Apparel,77.29,104.6,103,100,13
2025-11-25,SKU_009,22,STORE_01,0,0,Sunny,32.3,Electronics,13.65,22.2,97,26,5
2025-11-25,SKU_010,42,STORE_02,0,0,Sunny,32.3,Apparel,54.66,105.41,220,66,9
2025-11-25,SKU_011,15,STORE_01,0,0,Sunny,32.3,Home & Kitchen,41.13,78.19,257,73,13
2025-11-25,SKU_012,11,STORE_02,0,0,Sunny,32.3,Home & Kitchen,138.43,215.85,73,53,5
2025-11-25,SKU_013,51,STORE_02,0,0,Sunny,32.3,Groceries,63.38,95.43,292,53,8
2025-11-25,SKU_014,31,STORE_03,0,0,Sunny,32.3,Groceries,114.03,157.27,120,69,7
2025-11-25,SKU_015,39,STORE_03,0,0,Sunny,32.3,Home & Kitchen,28.9,40.43,190,49,3
2025-11-25,SKU_016,36,STORE_02,0,0,Sunny,32.3,Home & Kitchen,66.47,120.94,211,98,3
2025-11-25,SKU_017,126,STORE_03,0,0,Sunny,32.3,Electronics,97.91,176.78,209,72,3
2025-11-25,SKU_018,9,STORE_01,0,0,Sunny,32.3,Groceries,129.16,218.5,226,56,14
2025-11-25,SKU_019,23,STORE_03,0,0,Sunny,32.3,Apparel,107.94,154.53,202,92,8
2025-11-25,SKU_020,51,STORE_02,0,0,Sunny,32.3,Apparel,91.87,157.08,203,69,8
2025-11-26,SKU_001,50,STORE_03,1,10,Sunny,31.9,Groceries,89.11,173.34,225,59,3
2025-11-26,SKU_002,27,STORE_02,1,10,Sunny,31.9,Groceries,93.67,139.52,92,48,10
2025-11-26,SKU_003,32,STORE_01,1,10,Sunny,31.9,Apparel,76.77,144.31,39,57,13
2025-11-26,SKU_004,8,STORE_01,1,10,Sunny,31.9,Apparel,50.71,93.58,178,31,14
2025-11-26,SKU_005,40,STORE_03,1,10,Sunny,31.9,Home & Kitchen,144.78,283.08,13,91,9
2025-11-26,SKU_006,31,STORE_02,1,10,Sunny,31.9,Home & Kitchen,34.27,61.62,116,37,13
2025-11-26,SKU_007,38,STORE_02,1,10,Sunny,31.9,Groceries,63.35,111.77,59,50,13
2025-11-26,SKU_008,18,STORE_03,1,10,Sunny,31.9,Apparel,77.29,104.6,103,100,13
2025-11-26,SKU_009,38,STORE_01,1,10,Sunny,31.9,Electronics,13.65,22.2,97,26,5
2025-11-26,SKU_010,39,STORE_03,1,10,Sunny,31.9,Apparel,54.66,105.41,220,66,9
2025-11-26,SKU_011,46,STORE_01,1,10,Sunny,31.9,Home & Kitchen,41.13,78.19,257,73,13
2025-11-26,SKU_012,16,STORE_02,1,10,Sunny,31.9,Home & Kitchen,138.43,215.85,73,53,5
2025-11-26,SKU_013,43,STORE_03,1,10,Sunny,31.9,Groceries,63.38,95.43,292,53,8
2025-11-26,SKU_014,200,STORE_02,1,10,Sunny,31.9,Groceries,114.03,157.27,120,69,7
2025-11-26,SKU_015,51,STORE_01,1,10,Sunny,31.9,Home & Kitchen,28.9,40.43,190,49,3
2025-11-26,SKU_016,24,STORE_01,1,10,Sunny,31.9,Home & Kitchen,66.47,120.94,211,98,3
2025-11-26,SKU_017,33,STORE_01,1,10,Sunny,31.9,Electronics,97.91,176.78,209,72,3
2025-11-26,SKU_018,31,STORE_03,1,10,Sunny,31.9,Groceries,129.16,218.5,226,56,14
2025-11-26,SKU_019,47,STORE_01,1,10,Sunny,31.9,Apparel,107.94,154.53,202,92,8
2025-11-26,SKU_020,16,STORE_03,1,10,Sunny,31.9,Apparel,91.87,157.08,203,69,8
2025-11-27,SKU_001,10,STORE_02,0,0,Sunny,23.0,Groceries,89.11,173.34,225,59,3
2025-11-27,SKU_002,8,STORE_01,0,0,Sunny,23.0,Groceries,93.67,139.52,92,48,10
2025-11-27,SKU_003,14,STORE_03,0,0,Sunny,23.0,Apparel,76.77,144.31,39,57,13
2025-11-27,SKU_004,35,STORE_02,0,0,Sunny,23.0,Apparel,50.71,93.58,178,31,14
2025-11-27,SKU_005,128,STORE_01,0,0,Sunny,23.0,Home & Kitchen,144.78,283.08,13,91,9
2025-11-27,SKU_006,44,STORE_02,0,0,Sunny,23.0,Home & Kitchen,34.27,61.62,116,37,13
2025-11-27,SKU_007,51,STORE_03,0,0,Sunny,23.0,Groceries,63.35,111.77,59,50,13
2025-11-27,SKU_008,45,STORE_03,0,0,Sunny,23.0,Apparel,77.29,104.6,103,100,13
2025-11-27,SKU_009,24,STORE_01,0,0,Sunny,23.0,Electronics,13.65,22.2,97,26,5
2025-11-27,SKU_010,32,STORE_03,0,0,Sunny,23.0,Apparel,54.66,105.41,220,66,9
2025-11-27,SKU_011,25,STORE_01,0,0,Sunny,23.0,Home & Kitchen,41.13,78.19,257,73,13
2025-11-27,SKU_012,14,STORE_03,0,0,Sunny,23.0,Home & Kitchen,138.43,215.85,73,53,5
2025-11-27,SKU_013,26,STORE_02,0,0,Sunny,23.0,Groceries,63.38,95.43,292,53,8
2025-11-27,SKU_014,32,STORE_02,0,0,Sunny,23.0,Groceries,114.03,157.27,120,69,7
2025-11-27,SKU_015,11,STORE_02,0,0,Sunny,23.0,Home & Kitchen,28.9,40.43,190,49,3
2025-11-27,SKU_016,154,STORE_03,0,0,Sunny,23.0,Home & Kitchen,66.47,120.94,211,98,3
2025-11-27,SKU_017,51,STORE_03,0,0,Sunny,23.0,Electronics,97.91,176.78,209,72,3
2025-11-27,SKU_018,45,STORE_01,0,0,Sunny,23.0,Groceries,129.16,218.5,226,56,14
2025-11-27,SKU_019,23,STORE_03,0,0,Sunny,23.0,Apparel,107.94,154.53,202,92,8
2025-11-27,SKU_020,176,STORE_01,0,0,Sunny,23.0,Apparel,91.87,157.08,203,69,8
2025-11-28,SKU_001,24,STORE_03,0,0,Rainy,33.8,Groceries,89.11,173.34,225,59,3
2025-11-28,SKU_002,27,STORE_01,0,0,Rainy,33.8,Groceries,93.67,139.52,92,48,10
2025-11-28,SKU_003,12,STORE_01,0,0,Rainy,33.8,Apparel,76.77,144.31,39,57,13
2025-11-28,SKU_004,46,STORE_02,0,0,Rainy,33.8,Apparel,50.71,93.58,178,31,14
2025-11-28,SKU_005,51,STORE_01,0,0,Rainy,33.8,Home & Kitchen,144.78,283.08,13,91,9
2025-11-28,SKU_006,43,STORE_01,0,0,Rainy,33.8,Home & Kitchen,34.27,61.62,116,37,13
2025-11-28,SKU_007,56,STORE_01,0,0,Rainy,33.8,Groceries,63.35,111.77,59,50,13
2025-11-28,SKU_008,31,STORE_02,0,0,Rainy,33.8,Apparel,77.29,104.6,103,100,13
2025-11-28,SKU_009,6,STORE_03,0,0,Rainy,33.8,Electronics,13.65,22.2,97,26,5
2025-11-28,SKU_010,10,STORE_03,0,0,Rainy,33.8,Apparel,54.66,105.41,220,66,9
2025-11-28,SKU_011,27,STORE_02,0,0,Rainy,33.8,Home & Kitchen,41.13,78.19,257,73,13
2025-11-28,SKU_012,23,STORE_02,0,0,Rainy,33.8,Home & Kitchen,138.43,215.85,73,53,5
2025-11-28,SKU_013,53,STORE_02,0,0,Rainy,33.8,Groceries,63.38,95.43,292,53,8
2025-11-28,SKU_014,24,STORE_02,0,0,Rainy,33.8,Groceries,114.03,157.27,120,69,7
2025-11-28,SKU_015,22,STORE_02,0,0,Rainy,33.8,Home & Kitchen,28.9,40.43,190,49,3
2025-11-28,SKU_016,37,STORE_02,0,0,Rainy,33.8,Home & Kitchen,66.47,120.94,211,98,3
2025-11-28,SKU_017,36,STORE_01,0,0,Rainy,33.8,Electronics,97.91,176.78,209,72,3
2025-11-28,SKU_018,18,STORE_02,0,0,Rainy,33.8,Groceries,129.16,218.5,226,56,14
2025-11-28,SKU_019,35,STORE_03,0,0,Rainy,33.8,Apparel,107.94,154.53,202,92,8
2025-11-28,SKU_020,29,STORE_03,0,0,Rainy,33.8,Apparel,91.87,157.08,203,69,8
2025-11-29,SKU_001,32,STORE_02,0,0,Rainy,23.3,Groceries,89.11,173.34,225,59,3
2025-11-29,SKU_002,42,STORE_01,0,0,Rainy,23.3,Groceries,93.67,139.52,92,48,10
2025-11-29,SKU_003,10,STORE_01,0,0,Rainy,23.3,Apparel,76.77,144.31,39,57,13
2025-11-29,SKU_004,56,STORE_02,0,0,Rainy,23.3,Apparel,50.71,93.58,178,31,14
2025-11-29,SKU_005,42,STORE_01,0,0,Rainy,23.3,Home & Kitchen,144.78,283.08,13,91,9
2025-11-29,SKU_006,41,STORE_03,0,0,Rainy,23.3,Home & Kitchen,34.27,61.62,116,37,13
2025-11-29,SKU_007,15,STORE_02,0,0,Rainy,23.3,Groceries,63.35,111.77,59,50,13
2025-11-29,SKU_008,52,STORE_03,0,0,Rainy,23.3,Apparel,77.29,104.6,103,100,13
2025-11-29,SKU_009,56,STORE_02,0,0,Rainy,23.3,Electronics,13.65,22.2,97,26,5
2025-11-29,SKU_010,24,STORE_02,0,0,Rainy,23.3,Apparel,54.66,105.41,220,66,9
2025-11-29,SKU_011,71,STORE_02,0,0,Rainy,23.3,Home & Kitchen,41.13,78.19,257,73,13
2025-11-29,SKU_012,58,STORE_03,0,0,Rainy,23.3,Home & Kitchen,138.43,215.85,73,53,5
2025-11-29,SKU_013,66,STORE_01,0,0,Rainy,23.3,Groceries,63.38,95.43,292,53,8
2025-11-29,SKU_014,18,STORE_01,0,0,Rainy,23.3,Groceries,114.03,157.27,120,69,7
2025-11-29,SKU_015,24,STORE_03,0,0,Rainy,23.3,Home & Kitchen,28.9,40.43,190,49,3
2025-11-29,SKU_016,32,STORE_03,0,0,Rainy,23.3,Home & Kitchen,66.47,120.94,211,98,3
2025-11-29,SKU_017,20,STORE_01,0,0,Rainy,23.3,Electronics,97.91,176.78,209,72,3
2025-11-29,SKU_018,12,STORE_01,0,0,Rainy,23.3,Groceries,129.16,218.5,226,56,14
2025-11-29,SKU_019,60,STORE_03,0,0,Rainy,23.3,Apparel,107.94,154.53,202,92,8
2025-11-29,SKU_020,61,STORE_01,0,0,Rainy,23.3,Apparel,91.87,157.08,203,69,8
2025-11-30,SKU_001,62,STORE_01,0,0,Clear,32.1,Groceries,89.11,173.34,225,59,3
2025-11-30,SKU_002,70,STORE_01,0,0,Clear,32.1,Groceries,93.67,139.52,92,48,10
2025-11-30,SKU_003,49,STORE_03,0,0,Clear,32.1,Apparel,76.77,144.31,39,57,13
2025-11-30,SKU_004,56,STORE_03,0,0,Clear,32.1,Apparel,50.71,93.58,178,31,14
2025-11-30,SKU_005,50,STORE_01,0,0,Clear,32.1,Home & Kitchen,144.78,283.08,13,91,9
2025-11-30,SKU_006,66,STORE_02,0,0,Clear,32.1,Home & Kitchen,34.27,61.62,116,37,13
2025-11-30,SKU_007,70,STORE_02,0,0,Clear,32.1,Groceries,63.35,111.77,59,50,13
2025-11-30,SKU_008,68,STORE_03,0,0,Clear,32.1,Apparel,77.29,104.6,103,100,13
2025-11-30,SKU_009,48,STORE_03,0,0,Clear,32.1,Electronics,13.65,22.2,97,26,5
2025-11-30,SKU_010,34,STORE_01,0,0,Clear,32.1,Apparel,54.66,105.41,220,66,9
2025-11-30,SKU_011,40,STORE_03,0,0,Clear,32.1,Home & Kitchen,41.13,78.19,257,73,13
2025-11-30,SKU_012,20,STORE_03,0,0,Clear,32.1,Home & Kitchen,138.43,215.85,73,53,5
2025-11-30,SKU_013,26,STORE_02,0,0,Clear,32.1,Groceries,63.38,95.43,292,53,8
2025-11-30,SKU_014,26,STORE_01,0,0,Clear,32.1,Groceries,114.03,157.27,120,69,7
2025-11-30,SKU_015,26,STORE_03,0,0,Clear,32.1,Home & Kitchen,28.9,40.43,190,49,3
2025-11-30,SKU_016,32,STORE_03,0,0,Clear,32.1,Home & Kitchen,66.47,120.94,211,98,3
2025-11-30,SKU_017,17,STORE_03,0,0,Clear,32.1,Electronics,97.91,176.78,209,72,3
2025-11-30,SKU_018,52,STORE_02,0,0,Clear,32.1,Groceries,129.16,218.5,226,56,14
2025-11-30,SKU_019,57,STORE_03,0,0,Clear,32.1,Apparel,107.94,154.53,202,92,8
2025-11-30,SKU_020,22,STORE_01,0,0,Clear,32.1,Apparel,91.87,157.08,203,69,8
2025-12-01,SKU_001,43,STORE_01,0,0,Sunny,17.8,Groceries,89.11,173.34,225,59,3
2025-12-01,SKU_002,40,STORE_03,0,0,Sunny,17.8,Groceries,93.67,139.52,92,48,10
2025-12-01,SKU_003,47,STORE_02,0,0,Sunny,17.8,Apparel,76.77,144.31,39,57,13
2025-12-01,SKU_004,36,STORE_02,0,0,Sunny,17.8,Apparel,50.71,93.58,178,31,14
2025-12-01,SKU_005,11,STORE_01,0,0,Sunny,17.8,Home & Kitchen,144.78,283.08,13,91,9
2025-12-01,SKU_006,33,STORE_03,0,0,Sunny,17.8,Home & Kitchen,34.27,61.62,116,37,13
2025-12-01,SKU_007,36,STORE_01,0,0,Sunny,17.8,Groceries,63.35,111.77,59,50,13
2025-12-01,SKU_008,50,STORE_01,0,0,Sunny,17.8,Apparel,77.29,104.6,103,100,13
2025-12-01,SKU_009,49,STORE_02,0,0,Sunny,17.8,Electronics,13.65,22.2,97,26,5
2025-12-01,SKU_010,18,STORE_02,0,0,Sunny,17.8,Apparel,54.66,105.41,220,66,9
2025-12-01,SKU_011,22,STORE_01,0,0,Sunny,17.8,Home & Kitchen,41.13,78.19,257,73,13
2025-12-01,SKU_012,144,STORE_02,0,0,Sunny,17.8,Home & Kitchen,138.43,215.85,73,53,5
2025-12-01,SKU_013,22,STORE_01,0,0,Sunny,17.8,Groceries,63.38,95.43,292,53,8
2025-12-01,SKU_014,24,STORE_01,0,0,Sunny,17.8,Groceries,114.03,157.27,120,69,7
2025-12-01,SKU_015,23,STORE_02,0,0,Sunny,17.8,Home & Kitchen,28.9,40.43,190,49,3
2025-12-01,SKU_016,36,STORE_03,0,0,Sunny,17.8,Home & Kitchen,66.47,120.94,211,98,3
2025-12-01,SKU_017,33,STORE_03,0,0,Sunny,17.8,Electronics,97.91,176.78,209,72,3
2025-12-01,SKU_018,19,STORE_01,0,0,Sunny,17.8,Groceries,129.16,218.5,226,56,14
2025-12-01,SKU_019,46,STORE_03,0,0,Sunny,17.8,Apparel,107.94,154.53,202,92,8
2025-12-01,SKU_020,26,STORE_02,0,0,Sunny,17.8,Apparel,91.87,157.08,203,69,8
2025-12-02,SKU_001,50,STORE_03,0,0,Sunny,29.2,Groceries,89.11,173.34,225,59,3
2025-12-02,SKU_002,13,STORE_03,0,0,Sunny,29.2,Groceries,93.67,139.52,92,48,10
2025-12-02,SKU_003,97,STORE_03,0,0,Sunny,29.2,Apparel,76.77,144.31,39,57,13
2025-12-02,SKU_004,17,STORE_02,0,0,Sunny,29.2,Apparel,50.71,93.58,178,31,14
2025-12-02,SKU_005,33,STORE_02,0,0,Sunny,29.2,Home & Kitchen,144.78,283.08,13,91,9
2025-12-02,SKU_006,110,STORE_01,0,0,Sunny,29.2,Home & Kitchen,34.27,61.62,116,37,13
2025-12-02,SKU_007,27,STORE_02,0,0,Sunny,29.2,Groceries,63.35,111.77,59,50,13
2025-12-02,SKU_008,48,STORE_03,0,0,Sunny,29.2,Apparel,77.29,104.6,103,100,13
2025-12-02,SKU_009,29,STORE_01,0,0,Sunny,29.2,Electronics,13.65,22.2,97,26,5
2025-12-02,SKU_010,18,STORE_02,0,0,Sunny,29.2,Apparel,54.66,105.41,220,66,9
2025-12-02,SKU_011,15,STORE_03,0,0,Sunny,29.2,Home & Kitchen,41.13,78.19,257,73,13
2025-12-02,SKU_012,19,STORE_02,0,0,Sunny,29.2,Home & Kitchen,138.43,215.85,73,53,5
2025-12-02,SKU_013,141,STORE_03,0,0,Sunny,29.2,Groceries,63.38,95.43,292,53,8
2025-12-02,SKU_014,19,STORE_02,0,0,Sunny,29.2,Groceries,114.03,157.27,120,69,7
2025-12-02,SKU_015,45,STORE_03,0,0,Sunny,29.2,Home & Kitchen,28.9,40.43,190,49,3
2025-12-02,SKU_016,17,STORE_02,0,0,Sunny,29.2,Home & Kitchen,66.47,120.94,211,98,3
2025-12-02,SKU_017,44,STORE_02,0,0,Sunny,29.2,Electronics,97.91,176.78,209,72,3
2025-12-02,SKU_018,30,STORE_03,0,0,Sunny,29.2,Groceries,129.16,218.5,226,56,14
2025-12-02,SKU_019,41,STORE_01,0,0,Sunny,29.2,Apparel,107.94,154.53,202,92,8
2025-12-02,SKU_020,49,STORE_03,0,0,Sunny,29.2,Apparel,91.87,157.08,203,69,8
2025-12-03,SKU_001,7,STORE_01,0,0,Clear,24.1,Groceries,89.11,173.34,225,59,3
2025-12-03,SKU_002,53,STORE_02,0,0,Clear,24.1,Groceries,93.67,139.52,92,48,10
2025-12-03,SKU_003,79,STORE_02,0,0,Clear,24.1,Apparel,76.77,144.31,39,57,13
2025-12-03,SKU_004,28,STORE_02,0,0,Clear,24.1,Apparel,50.71,93.58,178,31,14
2025-12-03,SKU_005,12,STORE_03,0,0,Clear,24.1,Home & Kitchen,144.78,283.08,13,91,9
2025-12-03,SKU_006,20,STORE_02,0,0,Clear,24.1,Home & Kitchen,34.27,61.62,116,37,13
2025-12-03,SKU_007,37,STORE_01,0,0,Clear,24.1,Groceries,63.35,111.77,59,50,13
2025-12-03,SKU_008,44,STORE_03,0,0,Clear,24.1,Apparel,77.29,104.6,103,100,13
2025-12-03,SKU_009,39,STORE_03,0,0,Clear,24.1,Electronics,13.65,22.2,97,26,5
2025-12-03,SKU_010,56,STORE_01,0,0,Clear,24.1,Apparel,54.66,105.41,220,66,9
2025-12-03,SKU_011,28,STORE_01,0,0,Clear,24.1,Home & Kitchen,41.13,78.19,257,73,13
2025-12-03,SKU_012,33,STORE_01,0,0,Clear,24.1,Home & Kitchen,138.43,215.85,73,53,5
2025-12-03,SKU_013,22,STORE_02,0,0,Clear,24.1,Groceries,63.38,95.43,292,53,8
2025-12-03,SKU_014,50,STORE_02,0,0,Clear,24.1,Groceries,114.03,157.27,120,69,7
2025-12-03,SKU_015,25,STORE_01,0,0,Clear,24.1,Home & Kitchen,28.9,40.43,190,49,3
2025-12-03,SKU_016,10,STORE_02,0,0,Clear,24.1,Home & Kitchen,66.47,120.94,211,98,3
2025-12-03,SKU_017,13,STORE_02,0,0,Clear,24.1,Electronics,97.91,176.78,209,72,3
2025-12-03,SKU_018,23,STORE_02,0,0,Clear,24.1,Groceries,129.16,218.5,226,56,14
2025-12-03,SKU_019,28,STORE_03,0,0,Clear,24.1,Apparel,107.94,154.53,202,92,8
2025-12-03,SKU_020,53,STORE_03,0,0,Clear,24.1,Apparel,91.87,157.08,203,69,8
2025-12-04,SKU_001,21,STORE_03,0,0,Rainy,26.3,Groceries,89.11,173.34,225,59,3
2025-12-04,SKU_002,24,STORE_01,0,0,Rainy,26.3,Groceries,93.67,139.52,92,48,10
2025-12-04,SKU_003,22,STORE_03,0,0,Rainy,26.3,Apparel,76.77,144.31,39,57,13
2025-12-04,SKU_004,34,STORE_03,0,0,Rainy,26.3,Apparel,50.71,93.58,178,31,14
2025-12-04,SKU_005,16,STORE_01,0,0,Rainy,26.3,Home & Kitchen,144.78,283.08,13,91,9
2025-12-04,SKU_006,37,STORE_02,0,0,Rainy,26.3,Home & Kitchen,34.27,61.62,116,37,13
2025-12-04,SKU_007,13,STORE_02,0,0,Rainy,26.3,Groceries,63.35,111.77,59,50,13
2025-12-04,SKU_008,19,STORE_02,0,0,Rainy,26.3,Apparel,77.29,104.6,103,100,13
2025-12-04,SKU_009,53,STORE_02,0,0,Rainy,26.3,Electronics,13.65,22.2,97,26,5
2025-12-04,SKU_010,33,STORE_01,0,0,Rainy,26.3,Apparel,54.66,105.41,220,66,9
2025-12-04,SKU_011,29,STORE_03,0,0,Rainy,26.3,Home & Kitchen,41.13,78.19,257,73,13
2025-12-04,SKU_012,12,STORE_03,0,0,Rainy,26.3,Home & Kitchen,138.43,215.85,73,53,5
2025-12-04,SKU_013,27,STORE_02,0,0,Rainy,26.3,Groceries,63.38,95.43,292,53,8
2025-12-04,SKU_014,49,STORE_03,0,0,Rainy,26.3,Groceries,114.03,157.27,120,69,7
2025-12-04,SKU_015,110,STORE_02,0,0,Rainy,26.3,Home & Kitchen,28.9,40.43,190,49,3
2025-12-04,SKU_016,24,STORE_03,0,0,Rainy,26.3,Home & Kitchen,66.47,120.94,211,98,3
2025-12-04,SKU_017,49,STORE_03,0,0,Rainy,26.3,Electronics,97.91,176.78,209,72,3
2025-12-04,SKU_018,5,STORE_01,0,0,Rainy,26.3,Groceries,129.16,218.5,226,56,14
2025-12-04,SKU_019,34,STORE_03,0,0,Rainy,26.3,Apparel,107.94,154.53,202,92,8
2025-12-04,SKU_020,55,STORE_01,0,0,Rainy,26.3,Apparel,91.87,157.08,203,69,8
2025-12-05,SKU_001,21,STORE_01,1,50,Sunny,26.7,Groceries,89.11,173.34,225,59,3
2025-12-05,SKU_002,21,STORE_02,1,50,Sunny,26.7,Groceries,93.67,139.52,92,48,10
2025-12-05,SKU_003,33,STORE_02,1,50,Sunny,26.7,Apparel,76.77,144.31,39,57,13
2025-12-05,SKU_004,26,STORE_02,1,50,Sunny,26.7,Apparel,50.71,93.58,178,31,14
2025-12-05,SKU_005,5,STORE_01,1,50,Sunny,26.7,Home & Kitchen,144.78,283.08,13,91,9
2025-12-05,SKU_006,52,STORE_02,1,50,Sunny,26.7,Home & Kitchen,34.27,61.62,116,37,13
2025-12-05,SKU_007,48,STORE_03,1,50,Sunny,26.7,Groceries,63.35,111.77,59,50,13
2025-12-05,SKU_008,45,STORE_01,1,50,Sunny,26.7,Apparel,77.29,104.6,103,100,13
2025-12-05,SKU_009,24,STORE_02,1,50,Sunny,26.7,Electronics,13.65,22.2,97,26,5
2025-12-05,SKU_010,51,STORE_03,1,50,Sunny,26.7,Apparel,54.66,105.41,220,66,9
2025-12-05,SKU_011,37,STORE_02,1,50,Sunny,26.7,Home & Kitchen,41.13,78.19,257,73,13
2025-12-05,SKU_012,27,STORE_01,1,50,Sunny,26.7,Home & Kitchen,138.43,215.85,73,53,5
2025-12-05,SKU_013,200,STORE_01,1,50,Sunny,26.7,Groceries,63.38,95.43,292,53,8
2025-12-05,SKU_014,39,STORE_01,1,50,Sunny,26.7,Groceries,114.03,157.27,120,69,7
2025-12-05,SKU_015,41,STORE_01,1,50,Sunny,26.7,Home & Kitchen,28.9,40.43,190,49,3
2025-12-05,SKU_016,19,STORE_02,1,50,Sunny,26.7,Home & Kitchen,66.47,120.94,211,98,3
2025-12-05,SKU_017,43,STORE_01,1,50,Sunny,26.7,Electronics,97.91,176.78,209,72,3
2025-12-05,SKU_018,57,STORE_01,1,50,Sunny,26.7,Groceries,129.16,218.5,226,56,14
2025-12-05,SKU_019,50,STORE_03,1,50,Sunny,26.7,Apparel,107.94,154.53,202,92,8
2025-12-05,SKU_020,39,STORE_01,1,50,Sunny,26.7,Apparel,91.87,157.08,203,69,8
2025-12-06,SKU_001,70,STORE_01,0,0,Rainy,18.8,Groceries,89.11,173.34,225,59,3
2025-12-06,SKU_002,22,STORE_01,0,0,Rainy,18.8,Groceries,93.67,139.52,92,48,10
2025-12-06,SKU_003,58,STORE_02,0,0,Rainy,18.8,Apparel,76.77,144.31,39,57,13
2025-12-06,SKU_004,56,STORE_03,0,0,Rainy,18.8,Apparel,50.71,93.58,178,31,14
2025-12-06,SKU_005,72,STORE_03,0,0,Rainy,18.8,Home & Kitchen,144.78,283.08,13,91,9
2025-12-06,SKU_006,42,STORE_02,0,0,Rainy,18.8,Home & Kitchen,34.27,61.62,116,37,13
2025-12-06,SKU_007,14,STORE_01,0,0,Rainy,18.8,Groceries,63.35,111.77,59,50,13
2025-12-06,SKU_008,20,STORE_03,0,0,Rainy,18.8,Apparel,77.29,104.6,103,100,13
2025-12-06,SKU_009,58,STORE_03,0,0,Rainy,18.8,Electronics,13.65,22.2,97,26,5
2025-12-06,SKU_010,52,STORE_02,0,0,Rainy,18.8,Apparel,54.66,105.41,220,66,9
2025-12-06,SKU_011,42,STORE_01,0,0,Rainy,18.8,Home & Kitchen,41.13,78.19,257,73,13
2025-12-06,SKU_012,65,STORE_03,0,0,Rainy,18.8,Home & Kitchen,138.43,215.85,73,53,5
2025-12-06,SKU_013,40,STORE_02,0,0,Rainy,18.8,Groceries,63.38,95.43,292,53,8
2025-12-06,SKU_014,26,STORE_01,0,0,Rainy,18.8,Groceries,114.03,157.27,120,69,7
2025-12-06,SKU_015,24,STORE_03,0,0,Rainy,18.8,Home & Kitchen,28.9,40.43,190,49,3
2025-12-06,SKU_016,58,STORE_02,0,0,Rainy,18.8,Home & Kitchen,66.47,120.94,211,98,3
2025-12-06,SKU_017,27,STORE_02,0,0,Rainy,18.8,Electronics,97.91,176.78,209,72,3
2025-12-06,SKU_018,55,STORE_01,0,0,Rainy,18.8,Groceries,129.16,218.5,226,56,14
2025-12-06,SKU_019,61,STORE_02,0,0,Rainy,18.8,Apparel,107.94,154.53,202,92,8
2025-12-06,SKU_020,24,STORE_01,0,0,Rainy,18.8,Apparel,91.87,157.08,203,69,8
2025-12-07,SKU_001,59,STORE_01,0,0,Rainy,16.2,Groceries,89.11,173.34,225,59,3
2025-12-07,SKU_002,59,STORE_03,0,0,Rainy,16.2,Groceries,93.67,139.52,92,48,10
2025-12-07,SKU_003,66,STORE_02,0,0,Rainy,16.2,Apparel,76.77,144.31,39,57,13
2025-12-07,SKU_004,57,STORE_03,0,0,Rainy,16.2,Apparel,50.71,93.58,178,31,14
2025-12-07,SKU_005,14,STORE_03,0,0,Rainy,16.2,Home & Kitchen,144.78,283.08,13,91,9
2025-12-07,SKU_006,20,STORE_01,0,0,Rainy,16.2,Home & Kitchen,34.27,61.62,116,37,13
2025-12-07,SKU_007,49,STORE_03,0,0,Rainy,16.2,Groceries,63.35,111.77,59,50,13
2025-12-07,SKU_008,27,STORE_03,0,0,Rainy,16.2,Apparel,77.29,104.6,103,100,13
2025-12-07,SKU_009,64,STORE_03,0,0,Rainy,16.2,Electronics,13.65,22.2,97,26,5
2025-12-07,SKU_010,17,STORE_01,0,0,Rainy,16.2,Apparel,54.66,105.41,220,66,9
2025-12-07,SKU_011,26,STORE_01,0,0,Rainy,16.2,Home & Kitchen,41.13,78.19,257,73,13
2025-12-07,SKU_012,50,STORE_02,0,0,Rainy,16.2,Home & Kitchen,138.43,215.85,73,53,5
2025-12-07,SKU_013,39,STORE_02,0,0,Rainy,16.2,Groceries,63.38,95.43,292,53,8
2025-12-07,SKU_014,67,STORE_01,0,0,Rainy,16.2,Groceries,114.03,157.27,120,69,7
2025-12-07,SKU_015,47,STORE_02,0,0,Rainy,16.2,Home & Kitchen,28.9,40.43,190,49,3
2025-12-07,SKU_016,50,STORE_01,0,0,Rainy,16.2,Home & Kitchen,66.47,120.94,211,98,3
2025-12-07,SKU_017,45,STORE_03,0,0,Rainy,16.2,Electronics,97.91,176.78,209,72,3
2025-12-07,SKU_018,39,STORE_03,0,0,Rainy,16.2,Groceries,129.16,218.5,226,56,14
2025-12-07,SKU_019,38,STORE_01,0,0,Rainy,16.2,Apparel,107.94,154.53,202,92,8
2025-12-07,SKU_020,42,STORE_01,0,0,Rainy,16.2,Apparel,91.87,157.08,203,69,8
2025-12-08,SKU_001,32,STORE_03,0,0,Sunny,31.8,Groceries,89.11,173.34,225,59,3
2025-12-08,SKU_002,12,STORE_02,0,0,Sunny,31.8,Groceries,93.67,139.52,92,48,10
2025-12-08,SKU_003,27,STORE_03,0,0,Sunny,31.8,Apparel,76.77,144.31,39,57,13
2025-12-08,SKU_004,58,STORE_01,0,0,Sunny,31.8,Apparel,50.71,93.58,178,31,14
2025-12-08,SKU_005,55,STORE_03,0,0,Sunny,31.8,Home & Kitchen,144.78,283.08,13,91,9
2025-12-08,SKU_006,43,STORE_03,0,0,Sunny,31.8,Home & Kitchen,34.27,61.62,116,37,13
2025-12-08,SKU_007,24,STORE_02,0,0,Sunny,31.8,Groceries,63.35,111.77,59,50,13
2025-12-08,SKU_008,45,STORE_01,0,0,Sunny,31.8,Apparel,77.29,104.6,103,100,13
2025-12-08,SKU_009,30,STORE_02,0,0,Sunny,31.8,Electronics,13.65,22.2,97,26,5
2025-12-08,SKU_010,43,STORE_01,0,0,Sunny,31.8,Apparel,54.66,105.41,220,66,9
2025-12-08,SKU_011,35,STORE_01,0,0,Sunny,31.8,Home & Kitchen,41.13,78.19,257,73,13
2025-12-08,SKU_012,15,STORE_01,0,0,Sunny,31.8,Home & Kitchen,138.43,215.85,73,53,5
2025-12-08,SKU_013,45,STORE_02,0,0,Sunny,31.8,Groceries,63.38,95.43,292,53,8
2025-12-08,SKU_014,17,STORE_01,0,0,Sunny,31.8,Groceries,114.03,157.27,120,69,7
2025-12-08,SKU_015,26,STORE_02,0,0,Sunny,31.8,Home & Kitchen,28.9,40.43,190,49,3
2025-12-08,SKU_016,17,STORE_03,0,0,Sunny,31.8,Home & Kitchen,66.47,120.94,211,98,3
2025-12-08,SKU_017,16,STORE_02,0,0,Sunny,31.8,Electronics,97.91,176.78,209,72,3
2025-12-08,SKU_018,30,STORE_01,0,0,Sunny,31.8,Groceries,129.16,218.5,226,56,14
2025-12-08,SKU_019,48,STORE_01,0,0,Sunny,31.8,Apparel,107.94,154.53,202,92,8
2025-12-08,SKU_020,9,STORE_03,0,0,Sunny,31.8,Apparel,91.87,157.08,203,69,8
2025-12-09,SKU_001,49,STORE_01,0,0,Stormy,16.5,Groceries,89.11,173.34,225,59,3
2025-12-09,SKU_002,32,STORE_01,0,0,Stormy,16.5,Groceries,93.67,139.52,92,48,10
2025-12-09,SKU_003,11,STORE_03,0,0,Stormy,16.5,Apparel,76.77,144.31,39,57,13
2025-12-09,SKU_004,9,STORE_01,0,0,Stormy,16.5,Apparel,50.71,93.58,178,31,14
2025-12-09,SKU_005,29,STORE_03,0,0,Stormy,16.5,Home & Kitchen,144.78,283.08,13,91,9
2025-12-09,SKU_006,44,STORE_02,0,0,Stormy,16.5,Home & Kitchen,34.27,61.62,116,37,13
2025-12-09,SKU_007,49,STORE_01,0,0,Stormy,16.5,Groceries,63.35,111.77,59,50,13
2025-12-09,SKU_008,36,STORE_03,0,0,Stormy,16.5,Apparel,77.29,104.6,103,100,13
2025-12-09,SKU_009,12,STORE_01,0,0,Stormy,16.5,Electronics,13.65,22.2,97,26,5
2025-12-09,SKU_010,11,STORE_03,0,0,Stormy,16.5,Apparel,54.66,105.41,220,66,9
2025-12-09,SKU_011,9,STORE_03,0,0,Stormy,16.5,Home & Kitchen,41.13,78.19,257,73,13
2025-12-09,SKU_012,11,STORE_03,0,0,Stormy,16.5,Home & Kitchen,138.43,215.85,73,53,5
2025-12-09,SKU_013,18,STORE_02,0,0,Stormy,16.5,Groceries,63.38,95.43,292,53,8
2025-12-09,SKU_014,39,STORE_01,0,0,Stormy,16.5,Groceries,114.03,157.27,120,69,7
2025-12-09,SKU_015,13,STORE_02,0,0,Stormy,16.5,Home & Kitchen,28.9,40.43,190,49,3
2025-12-09,SKU_016,32,STORE_02,0,0,Stormy,16.5,Home & Kitchen,66.47,120.94,211,98,3
2025-12-09,SKU_017,40,STORE_03,0,0,Stormy,16.5,Electronics,97.91,176.78,209,72,3
2025-12-09,SKU_018,49,STORE_02,0,0,Stormy,16.5,Groceries,129.16,218.5,226,56,14
2025-12-09,SKU_019,39,STORE_02,0,0,Stormy,16.5,Apparel,107.94,154.53,202,92,8
2025-12-09,SKU_020,39,STORE_02,0,0,Stormy,16.5,Apparel,91.87,157.08,203,69,8
2025-12-10,SKU_001,11,STORE_02,0,0,Clear,29.8,Groceries,89.11,173.34,225,59,3
2025-12-10,SKU_002,36,STORE_01,0,0,Clear,29.8,Groceries,93.67,139.52,92,48,10
2025-12-10,SKU_003,47,STORE_02,0,0,Clear,29.8,Apparel,76.77,144.31,39,57,13
2025-12-10,SKU_004,25,STORE_02,0,0,Clear,29.8,Apparel,50.71,93.58,178,31,14
2025-12-10,SKU_005,13,STORE_01,0,0,Clear,29.8,Home & Kitchen,144.78,283.08,13,91,9
2025-12-10,SKU_006,33,STORE_03,0,0,Clear,29.8,Home & Kitchen,34.27,61.62,116,37,13
2025-12-10,SKU_007,48,STORE_01,0,0,Clear,29.8,Groceries,63.35,111.77,59,50,13
2025-12-10,SKU_008,14,STORE_01,0,0,Clear,29.8,Apparel,77.29,104.6,103,100,13
2025-12-10,SKU_009,9,STORE_02,0,0,Clear,29.8,Electronics,13.65,22.2,97,26,5
2025-12-10,SKU_010,37,STORE_01,0,0,Clear,29.8,Apparel,54.66,105.41,220,66,9
2025-12-10,SKU_011,4,STORE_02,0,0,Clear,29.8,Home & Kitchen,41.13,78.19,257,73,13
2025-12-10,SKU_012,15,STORE_03,0,0,Clear,29.8,Home & Kitchen,138.43,215.85,73,53,5
2025-12-10,SKU_013,45,STORE_02,0,0,Clear,29.8,Groceries,63.38,95.43,292,53,8
2025-12-10,SKU_014,18,STORE_03,0,0,Clear,29.8,Groceries,114.03,157.27,120,69,7
2025-12-10,SKU_015,6,STORE_02,0,0,Clear,29.8,Home & Kitchen,28.9,40.43,190,49,3
2025-12-10,SKU_016,19,STORE_01,0,0,Clear,29.8,Home & Kitchen,66.47,120.94,211,98,3
2025-12-10,SKU_017,27,STORE_01,0,0,Clear,29.8,Electronics,97.91,176.78,209,72,3
2025-12-10,SKU_018,39,STORE_01,0,0,Clear,29.8,Groceries,129.16,218.5,226,56,14
2025-12-10,SKU_019,27,STORE_02,0,0,Clear,29.8,Apparel,107.94,154.53,202,92,8
2025-12-10,SKU_020,52,STORE_01,0,0,Clear,29.8,Apparel,91.87,157.08,203,69,8
2025-12-11,SKU_001,21,STORE_03,0,0,Stormy,20.2,Groceries,89.11,173.34,225,59,3
2025-12-11,SKU_002,51,STORE_01,0,0,Stormy,20.2,Groceries,93.67,139.52,92,48,10
2025-12-11,SKU_003,26,STORE_01,0,0,Stormy,20.2,Apparel,76.77,144.31,39,57,13
2025-12-11,SKU_004,12,STORE_02,0,0,Stormy,20.2,Apparel,50.71,93.58,178,31,14
2025-12-11,SKU_005,69,STORE_02,0,0,Stormy,20.2,Home & Kitchen,144.78,283.08,13,91,9
2025-12-11,SKU_006,21,STORE_01,0,0,Stormy,20.2,Home & Kitchen,34.27,61.62,116,37,13
2025-12-11,SKU_007,31,STORE_03,0,0,Stormy,20.2,Groceries,63.35,111.77,59,50,13
2025-12-11,SKU_008,29,STORE_03,0,0,Stormy,20.2,Apparel,77.29,104.6,103,100,13
2025-12-11,SKU_009,25,STORE_01,0,0,Stormy,20.2,Electronics,13.65,22.2,97,26,5
2025-12-11,SKU_010,142,STORE_02,0,0,Stormy,20.2,Apparel,54.66,105.41,220,66,9
2025-12-11,SKU_011,30,STORE_03,0,0,Stormy,20.2,Home & Kitchen,41.13,78.19,257,73,13
2025-12-11,SKU_012,32,STORE_03,0,0,Stormy,20.2,Home & Kitchen,138.43,215.85,73,53,5
2025-12-11,SKU_013,41,STORE_03,0,0,Stormy,20.2,Groceries,63.38,95.43,292,53,8
2025-12-11,SKU_014,48,STORE_03,0,0,Stormy,20.2,Groceries,114.03,157.27,120,69,7
2025-12-11,SKU_015,52,STORE_02,0,0,Stormy,20.2,Home & Kitchen,28.9,40.43,190,49,3
2025-12-11,SKU_016,12,STORE_03,0,0,Stormy,20.2,Home & Kitchen,66.47,120.94,211,98,3
2025-12-11,SKU_017,30,STORE_03,0,0,Stormy,20.2,Electronics,97.91,176.78,209,72,3
2025-12-11,SKU_018,35,STORE_01,0,0,Stormy,20.2,Groceries,129.16,218.5,226,56,14
2025-12-11,SKU_019,38,STORE_02,0,0,Stormy,20.2,Apparel,107.94,154.53,202,92,8
2025-12-11,SKU_020,28,STORE_02,0,0,Stormy,20.2,Apparel,91.87,157.08,203,69,8
2025-12-12,SKU_001,31,STORE_01,0,0,Sunny,24.2,Groceries,89.11,173.34,225,59,3
2025-12-12,SKU_002,49,STORE_01,0,0,Sunny,24.2,Groceries,93.67,139.52,92,48,10
2025-12-12,SKU_003,48,STORE_03,0,0,Sunny,24.2,Apparel,76.77,144.31,39,57,13
2025-12-12,SKU_004,17,STORE_02,0,0,Sunny,24.2,Apparel,50.71,93.58,178,31,14
2025-12-12,SKU_005,45,STORE_02,0,0,Sunny,24.2,Home & Kitchen,144.78,283.08,13,91,9
2025-12-12,SKU_006,49,STORE_03,0,0,Sunny,24.2,Home & Kitchen,34.27,61.62,116,37,13
2025-12-12,SKU_007,32,STORE_02,0,0,Sunny,24.2,Groceries,63.35,111.77,59,50,13
2025-12-12,SKU_008,12,STORE_03,0,0,Sunny,24.2,Apparel,77.29,104.6,103,100,13
2025-12-12,SKU_009,25,STORE_02,0,0,Sunny,24.2,Electronics,13.65,22.2,97,26,5
2025-12-12,SKU_010,28,STORE_02,0,0,Sunny,24.2,Apparel,54.66,105.41,220,66,9
2025-12-12,SKU_011,51,STORE_02,0,0,Sunny,24.2,Home & Kitchen,41.13,78.19,257,73,13
2025-12-12,SKU_012,28,STORE_02,0,0,Sunny,24.2,Home & Kitchen,138.43,215.85,73,53,5
2025-12-12,SKU_013,53,STORE_02,0,0,Sunny,24.2,Groceries,63.38,95.43,292,53,8
2025-12-12,SKU_014,23,STORE_03,0,0,Sunny,24.2,Groceries,114.03,157.27,120,69,7
2025-12-12,SKU_015,29,STORE_02,0,0,Sunny,24.2,Home & Kitchen,28.9,40.43,190,49,3
2025-12-12,SKU_016,15,STORE_02,0,0,Sunny,24.2,Home & Kitchen,66.47,120.94,211,98,3
2025-12-12,SKU_017,29,STORE_02,0,0,Sunny,24.2,Electronics,97.91,176.78,209,72,3
2025-12-12,SKU_018,35,STORE_03,0,0,Sunny,24.2,Groceries,129.16,218.5,226,56,14
2025-12-12,SKU_019,83,STORE_02,0,0,Sunny,24.2,Apparel,107.94,154.53,202,92,8
2025-12-12,SKU_020,30,STORE_01,0,0,Sunny,24.2,Apparel,91.87,157.08,203,69,8
2025-12-13,SKU_001,58,STORE_01,0,0,Stormy,19.9,Groceries,89.11,173.34,225,59,3
2025-12-13,SKU_002,17,STORE_03,0,0,Stormy,19.9,Groceries,93.67,139.52,92,48,10
2025-12-13,SKU_003,11,STORE_02,0,0,Stormy,19.9,Apparel,76.77,144.31,39,57,13
2025-12-13,SKU_004,51,STORE_02,0,0,Stormy,19.9,Apparel,50.71,93.58,178,31,14
2025-12-13,SKU_005,54,STORE_01,0,0,Stormy,19.9,Home & Kitchen,144.78,283.08,13,91,9
2025-12-13,SKU_006,16,STORE_01,0,0,Stormy,19.9,Home & Kitchen,34.27,61.62,116,37,13
2025-12-13,SKU_007,68,STORE_03,0,0,Stormy,19.9,Groceries,63.35,111.77,59,50,13
2025-12-13,SKU_008,65,STORE_02,0,0,Stormy,19.9,Apparel,77.29,104.6,103,100,13
2025-12-13,SKU_009,25,STORE_01,0,0,Stormy,19.9,Electronics,13.65,22.2,97,26,5
2025-12-13,SKU_010,63,STORE_03,0,0,Stormy,19.9,Apparel,54.66,105.41,220,66,9
2025-12-13,SKU_011,33,STORE_02,0,0,Stormy,19.9,Home & Kitchen,41.13,78.19,257,73,13
2025-12-13,SKU_012,25,STORE_01,0,0,Stormy,19.9,Home & Kitchen,138.43,215.85,73,53,5
2025-12-13,SKU_013,61,STORE_02,0,0,Stormy,19.9,Groceries,63.38,95.43,292,53,8
2025-12-13,SKU_014,24,STORE_03,0,0,Stormy,19.9,Groceries,114.03,157.27,120,69,7
2025-12-13,SKU_015,37,STORE_03,0,0,Stormy,19.9,Home & Kitchen,28.9,40.43,190,49,3
2025-12-13,SKU_016,181,STORE_01,0,0,Stormy,19.9,Home & Kitchen,66.47,120.94,211,98,3
2025-12-13,SKU_017,30,STORE_02,0,0,Stormy,19.9,Electronics,97.91,176.78,209,72,3
2025-12-13,SKU_018,14,STORE_01,0,0,Stormy,19.9,Groceries,129.16,218.5,226,56,14
2025-12-13,SKU_019,35,STORE_03,0,0,Stormy,19.9,Apparel,107.94,154.53,202,92,8
2025-12-13,SKU_020,13,STORE_03,0,0,Stormy,19.9,Apparel,91.87,157.08,203,69,8
2025-12-14,SKU_001,28,STORE_02,0,0,Clear,31.0,Groceries,89.11,173.34,225,59,3
2025-12-14,SKU_002,36,STORE_01,0,0,Clear,31.0,Groceries,93.67,139.52,92,48,10
2025-12-14,SKU_003,47,STORE_03,0,0,Clear,31.0,Apparel,76.77,144.31,39,57,13
2025-12-14,SKU_004,40,STORE_02,0,0,Clear,31.0,Apparel,50.71,93.58,178,31,14
2025-12-14,SKU_005,18,STORE_03,0,0,Clear,31.0,Home & Kitchen,144.78,283.08,13,91,9
2025-12-14,SKU_006,32,STORE_02,0,0,Clear,31.0,Home & Kitchen,34.27,61.62,116,37,13
2025-12-14,SKU_007,44,STORE_03,0,0,Clear,31.0,Groceries,63.35,111.77,59,50,13
2025-12-14,SKU_008,63,STORE_02,0,0,Clear,31.0,Apparel,77.29,104.6,103,100,13
2025-12-14,SKU_009,20,STORE_02,0,0,Clear,31.0,Electronics,13.65,22.2,97,26,5
2025-12-14,SKU_010,68,STORE_02,0,0,Clear,31.0,Apparel,54.66,105.41,220,66,9
2025-12-14,SKU_011,12,STORE_03,0,0,Clear,31.0,Home & Kitchen,41.13,78.19,257,73,13
2025-12-14,SKU_012,69,STORE_02,0,0,Clear,31.0,Home & Kitchen,138.43,215.85,73,53,5
2025-12-14,SKU_013,65,STORE_02,0,0,Clear,31.0,Groceries,63.38,95.43,292,53,8
2025-12-14,SKU_014,40,STORE_02,0,0,Clear,31.0,Groceries,114.03,157.27,120,69,7
2025-12-14,SKU_015,41,STORE_01,0,0,Clear,31.0,Home & Kitchen,28.9,40.43,190,49,3
2025-12-14,SKU_016,52,STORE_03,0,0,Clear,31.0,Home & Kitchen,66.47,120.94,211,98,3
2025-12-14,SKU_017,52,STORE_01,0,0,Clear,31.0,Electronics,97.91,176.78,209,72,3
2025-12-14,SKU_018,45,STORE_02,0,0,Clear,31.0,Groceries,129.16,218.5,226,56,14
2025-12-14,SKU_019,33,STORE_03,0,0,Clear,31.0,Apparel,107.94,154.53,202,92,8
2025-12-14,SKU_020,35,STORE_02,0,0,Clear,31.0,Apparel,91.87,157.08,203,69,8
2025-12-15,SKU_001,16,STORE_02,0,0,Clear,27.8,Groceries,89.11,173.34,225,59,3
2025-12-15,SKU_002,41,STORE_03,0,0,Clear,27.8,Groceries,93.67,139.52,92,48,10
2025-12-15,SKU_003,46,STORE_03,0,0,Clear,27.8,Apparel,76.77,144.31,39,57,13
2025-12-15,SKU_004,26,STORE_01,0,0,Clear,27.8,Apparel,50.71,93.58,178,31,14
2025-12-15,SKU_005,40,STORE_02,0,0,Clear,27.8,Home & Kitchen,144.78,283.08,13,91,9
2025-12-15,SKU_006,47,STORE_03,0,0,Clear,27.8,Home & Kitchen,34.27,61.62,116,37,13
2025-12-15,SKU_007,5,STORE_03,0,0,Clear,27.8,Groceries,63.35,111.77,59,50,13
2025-12-15,SKU_008,41,STORE_02,0,0,Clear,27.8,Apparel,77.29,104.6,103,100,13
2025-12-15,SKU_009,54,STORE_01,0,0,Clear,27.8,Electronics,13.65,22.2,97,26,5
2025-12-15,SKU_010,41,STORE_02,0,0,Clear,27.8,Apparel,54.66,105.41,220,66,9
2025-12-15,SKU_011,32,STORE_01,0,0,Clear,27.8,Home & Kitchen,41.13,78.19,257,73,13
2025-12-15,SKU_012,39,STORE_03,0,0,Clear,27.8,Home & Kitchen,138.43,215.85,73,53,5
2025-12-15,SKU_013,15,STORE_02,0,0,Clear,27.8,Groceries,63.38,95.43,292,53,8
2025-12-15,SKU_014,55,STORE_03,0,0,Clear,27.8,Groceries,114.03,157.27,120,69,7
2025-12-15,SKU_015,43,STORE_02,0,0,Clear,27.8,Home & Kitchen,28.9,40.43,190,49,3
2025-12-15,SKU_016,43,STORE_01,0,0,Clear,27.8,Home & Kitchen,66.47,120.94,211,98,3
2025-12-15,SKU_017,49,STORE_01,0,0,Clear,27.8,Electronics,97.91,176.78,209,72,3
2025-12-15,SKU_018,16,STORE_03,0,0,Clear,27.8,Groceries,129.16,218.5,226,56,14
2025-12-15,SKU_019,8,STORE_01,0,0,Clear,27.8,Apparel,107.94,154.53,202,92,8
2025-12-15,SKU_020,18,STORE_01,0,0,Clear,27.8,Apparel,91.87,157.08,203,69,8
2025-12-16,SKU_001,18,STORE_02,0,0,Stormy,27.1,Groceries,89.11,173.34,225,59,3
2025-12-16,SKU_002,40,STORE_03,0,0,Stormy,27.1,Groceries,93.67,139.52,92,48,10
2025-12-16,SKU_003,22,STORE_03,0,0,Stormy,27.1,Apparel,76.77,144.31,39,57,13
2025-12-16,SKU_004,50,STORE_03,0,0,Stormy,27.1,Apparel,50.71,93.58,178,31,14
2025-12-16,SKU_005,36,STORE_03,0,0,Stormy,27.1,Home & Kitchen,144.78,283.08,13,91,9
2025-12-16,SKU_006,48,STORE_02,0,0,Stormy,27.1,Home & Kitchen,34.27,61.62,116,37,13
2025-12-16,SKU_007,14,STORE_01,0,0,Stormy,27.1,Groceries,63.35,111.77,59,50,13
2025-12-16,SKU_008,21,STORE_02,0,0,Stormy,27.1,Apparel,77.29,104.6,103,100,13
2025-12-16,SKU_009,15,STORE_03,0,0,Stormy,27.1,Electronics,13.65,22.2,97,26,5
2025-12-16,SKU_010,216,STORE_02,0,0,Stormy,27.1,Apparel,54.66,105.41,220,66,9
2025-12-16,SKU_011,16,STORE_01,0,0,Stormy,27.1,Home & Kitchen,41.13,78.19,257,73,13
2025-12-16,SKU_012,31,STORE_02,0,0,Stormy,27.1,Home & Kitchen,138.43,215.85,73,53,5
2025-12-16,SKU_013,36,STORE_02,0,0,Stormy,27.1,Groceries,63.38,95.43,292,53,8
2025-12-16,SKU_014,15,STORE_02,0,0,Stormy,27.1,Groceries,114.03,157.27,120,69,7
2025-12-16,SKU_015,35,STORE_01,0,0,Stormy,27.1,Home & Kitchen,28.9,40.43,190,49,3
2025-12-16,SKU_016,19,STORE_03,0,0,Stormy,27.1,Home & Kitchen,66.47,120.94,211,98,3
2025-12-16,SKU_017,29,STORE_01,0,0,Stormy,27.1,Electronics,97.91,176.78,209,72,3
2025-12-16,SKU_018,57,STORE_03,0,0,Stormy,27.1,Groceries,129.16,218.5,226,56,14
2025-12-16,SKU_019,18,STORE_02,0,0,Stormy,27.1,Apparel,107.94,154.53,202,92,8
2025-12-16,SKU_020,34,STORE_03,0,0,Stormy,27.1,Apparel,91.87,157.08,203,69,8
2025-12-17,SKU_001,40,STORE_02,0,0,Rainy,23.6,Groceries,89.11,173.34,225,59,3
2025-12-17,SKU_002,15,STORE_02,0,0,Rainy,23.6,Groceries,93.67,139.52,92,48,10
2025-12-17,SKU_003,51,STORE_01,0,0,Rainy,23.6,Apparel,76.77,144.31,39,57,13
2025-12-17,SKU_004,138,STORE_02,0,0,Rainy,23.6,Apparel,50.71,93.58,178,31,14
2025-12-17,SKU_005,21,STORE_03,0,0,Rainy,23.6,Home & Kitchen,144.78,283.08,13,91,9
2025-12-17,SKU_006,23,STORE_03,0,0,Rainy,23.6,Home & Kitchen,34.27,61.62,116,37,13
2025-12-17,SKU_007,20,STORE_01,0,0,Rainy,23.6,Groceries,63.35,111.77,59,50,13
2025-12-17,SKU_008,15,STORE_03,0,0,Rainy,23.6,Apparel,77.29,104.6,103,100,13
2025-12-17,SKU_009,38,STORE_03,0,0,Rainy,23.6,Electronics,13.65,22.2,97,26,5
2025-12-17,SKU_010,13,STORE_01,0,0,Rainy,23.6,Apparel,54.66,105.41,220,66,9
2025-12-17,SKU_011,13,STORE_03,0,0,Rainy,23.6,Home & Kitchen,41.13,78.19,257,73,13
2025-12-17,SKU_012,48,STORE_01,0,0,Rainy,23.6,Home & Kitchen,138.43,215.85,73,53,5
2025-12-17,SKU_013,36,STORE_03,0,0,Rainy,23.6,Groceries,63.38,95.43,292,53,8
2025-12-17,SKU_014,7,STORE_01,0,0,Rainy,23.6,Groceries,114.03,157.27,120,69,7
2025-12-17,SKU_015,20,STORE_01,0,0,Rainy,23.6,Home & Kitchen,28.9,40.43,190,49,3
2025-12-17,SKU_016,38,STORE_02,0,0,Rainy,23.6,Home & Kitchen,66.47,120.94,211,98,3
2025-12-17,SKU_017,24,STORE_01,0,0,Rainy,23.6,Electronics,97.91,176.78,209,72,3
2025-12-17,SKU_018,51,STORE_02,0,0,Rainy,23.6,Groceries,129.16,218.5,226,56,14
2025-12-17,SKU_019,41,STORE_02,0,0,Rainy,23.6,Apparel,107.94,154.53,202,92,8
2025-12-17,SKU_020,42,STORE_03,0,0,Rainy,23.6,Apparel,91.87,157.08,203,69,8
2025-12-18,SKU_001,11,STORE_02,0,0,Stormy,31.6,Groceries,89.11,173.34,225,59,3
2025-12-18,SKU_002,53,STORE_02,0,0,Stormy,31.6,Groceries,93.67,139.52,92,48,10
2025-12-18,SKU_003,48,STORE_02,0,0,Stormy,31.6,Apparel,76.77,144.31,39,57,13
2025-12-18,SKU_004,14,STORE_01,0,0,Stormy,31.6,Apparel,50.71,93.58,178,31,14
2025-12-18,SKU_005,26,STORE_03,0,0,Stormy,31.6,Home & Kitchen,144.78,283.08,13,91,9
2025-12-18,SKU_006,20,STORE_02,0,0,Stormy,31.6,Home & Kitchen,34.27,61.62,116,37,13
2025-12-18,SKU_007,17,STORE_03,0,0,Stormy,31.6,Groceries,63.35,111.77,59,50,13
2025-12-18,SKU_008,35,STORE_03,0,0,Stormy,31.6,Apparel,77.29,104.6,103,100,13
2025-12-18,SKU_009,41,STORE_03,0,0,Stormy,31.6,Electronics,13.65,22.2,97,26,5
2025-12-18,SKU_010,12,STORE_03,0,0,Stormy,31.6,Apparel,54.66,105.41,220,66,9
2025-12-18,SKU_011,16,STORE_01,0,0,Stormy,31.6,Home & Kitchen,41.13,78.19,257,73,13
2025-12-18,SKU_012,43,STORE_02,0,0,Stormy,31.6,Home & Kitchen,138.43,215.85,73,53,5
2025-12-18,SKU_013,31,STORE_03,0,0,Stormy,31.6,Groceries,63.38,95.43,292,53,8
2025-12-18,SKU_014,40,STORE_03,0,0,Stormy,31.6,Groceries,114.03,157.27,120,69,7
2025-12-18,SKU_015,57,STORE_01,0,0,Stormy,31.6,Home & Kitchen,28.9,40.43,190,49,3
2025-12-18,SKU_016,48,STORE_03,0,0,Stormy,31.6,Home & Kitchen,66.47,120.94,211,98,3
2025-12-18,SKU_017,39,STORE_03,0,0,Stormy,31.6,Electronics,97.91,176.78,209,72,3
2025-12-18,SKU_018,25,STORE_02,0,0,Stormy,31.6,Groceries,129.16,218.5,226,56,14
2025-12-18,SKU_019,43,STORE_02,0,0,Stormy,31.6,Apparel,107.94,154.53,202,92,8
2025-12-18,SKU_020,32,STORE_03,0,0,Stormy,31.6,Apparel,91.87,157.08,203,69,8
2025-12-19,SKU_001,57,STORE_02,1,10,Clear,29.4,Groceries,89.11,173.34,225,59,3
2025-12-19,SKU_002,20,STORE_02,1,10,Clear,29.4,Groceries,93.67,139.52,92,48,10
2025-12-19,SKU_003,45,STORE_02,1,10,Clear,29.4,Apparel,76.77,144.31,39,57,13
2025-12-19,SKU_004,37,STORE_03,1,10,Clear,29.4,Apparel,50.71,93.58,178,31,14
2025-12-19,SKU_005,17,STORE_03,1,10,Clear,29.4,Home & Kitchen,144.78,283.08,13,91,9
2025-12-19,SKU_006,19,STORE_01,1,10,Clear,29.4,Home & Kitchen,34.27,61.62,116,37,13
2025-12-19,SKU_007,44,STORE_01,1,10,Clear,29.4,Groceries,63.35,111.77,59,50,13
2025-12-19,SKU_008,21,STORE_01,1,10,Clear,29.4,Apparel,77.29,104.6,103,100,13
2025-12-19,SKU_009,25,STORE_01,1,10,Clear,29.4,Electronics,13.65,22.2,97,26,5
2025-12-19,SKU_010,58,STORE_03,1,10,Clear,29.4,Apparel,54.66,105.41,220,66,9
2025-12-19,SKU_011,31,STORE_03,1,10,Clear,29.4,Home & Kitchen,41.13,78.19,257,73,13
2025-12-19,SKU_012,32,STORE_03,1,10,Clear,29.4,Home & Kitchen,138.43,215.85,73,53,5
2025-12-19,SKU_013,25,STORE_01,1,10,Clear,29.4,Groceries,63.38,95.43,292,53,8
2025-12-19,SKU_014,18,STORE_01,1,10,Clear,29.4,Groceries,114.03,157.27,120,69,7
2025-12-19,SKU_015,37,STORE_02,1,10,Clear,29.4,Home & Kitchen,28.9,40.43,190,49,3
2025-12-19,SKU_016,20,STORE_02,1,10,Clear,29.4,Home & Kitchen,66.47,120.94,211,98,3
2025-12-19,SKU_017,28,STORE_03,1,10,Clear,29.4,Electronics,97.91,176.78,209,72,3
2025-12-19,SKU_018,27,STORE_01,1,10,Clear,29.4,Groceries,129.16,218.5,226,56,14
2025-12-19,SKU_019,27,STORE_02,1,10,Clear,29.4,Apparel,107.94,154.53,202,92,8
2025-12-19,SKU_020,19,STORE_02,1,10,Clear,29.4,Apparel,91.87,157.08,203,69,8
2025-12-20,SKU_001,49,STORE_01,0,0,Rainy,22.3,Groceries,89.11,173.34,225,59,3
2025-12-20,SKU_002,61,STORE_02,0,0,Rainy,22.3,Groceries,93.67,139.52,92,48,10
2025-12-20,SKU_003,33,STORE_01,0,0,Rainy,22.3,Apparel,76.77,144.31,39,57,13
2025-12-20,SKU_004,28,STORE_02,0,0,Rainy,22.3,Apparel,50.71,93.58,178,31,14
2025-12-20,SKU_005,41,STORE_02,0,0,Rainy,22.3,Home & Kitchen,144.78,283.08,13,91,9
2025-12-20,SKU_006,23,STORE_01,0,0,Rainy,22.3,Home & Kitchen,34.27,61.62,116,37,13
2025-12-20,SKU_007,13,STORE_02,0,0,Rainy,22.3,Groceries,63.35,111.77,59,50,13
2025-12-20,SKU_008,60,STORE_03,0,0,Rainy,22.3,Apparel,77.29,104.6,103,100,13
2025-12-20,SKU_009,69,STORE_02,0,0,Rainy,22.3,Electronics,13.65,22.2,97,26,5
2025-12-20,SKU_010,18,STORE_03,0,0,Rainy,22.3,Apparel,54.66,105.41,220,66,9
2025-12-20,SKU_011,56,STORE_02,0,0,Rainy,22.3,Home & Kitchen,41.13,78.19,257,73,13
2025-12-20,SKU_012,28,STORE_03,0,0,Rainy,22.3,Home & Kitchen,138.43,215.85,73,53,5
2025-12-20,SKU_013,51,STORE_01,0,0,Rainy,22.3,Groceries,63.38,95.43,292,53,8
2025-12-20,SKU_014,21,STORE_03,0,0,Rainy,22.3,Groceries,114.03,157.27,120,69,7
2025-12-20,SKU_015,30,STORE_02,0,0,Rainy,22.3,Home & Kitchen,28.9,40.43,190,49,3
2025-12-20,SKU_016,48,STORE_01,0,0,Rainy,22.3,Home & Kitchen,66.47,120.94,211,98,3
2025-12-20,SKU_017,72,STORE_02,0,0,Rainy,22.3,Electronics,97.91,176.78,209,72,3
2025-12-20,SKU_018,24,STORE_01,0,0,Rainy,22.3,Groceries,129.16,218.5,226,56,14
2025-12-20,SKU_019,35,STORE_01,0,0,Rainy,22.3,Apparel,107.94,154.53,202,92,8
2025-12-20,SKU_020,69,STORE_02,0,0,Rainy,22.3,Apparel,91.87,157.08,203,69,8
2025-12-21,SKU_001,38,STORE_03,0,0,Stormy,29.3,Groceries,89.11,173.34,225,59,3
2025-12-21,SKU_002,20,STORE_02,0,0,Stormy,29.3,Groceries,93.67,139.52,92,48,10
2025-12-21,SKU_003,45,STORE_01,0,0,Stormy,29.3,Apparel,76.77,144.31,39,57,13
2025-12-21,SKU_004,45,STORE_01,0,0,Stormy,29.3,Apparel,50.71,93.58,178,31,14
2025-12-21,SKU_005,13,STORE_02,0,0,Stormy,29.3,Home & Kitchen,144.78,283.08,13,91,9
2025-12-21,SKU_006,66,STORE_03,0,0,Stormy,29.3,Home & Kitchen,34.27,61.62,116,37,13
2025-12-21,SKU_007,80,STORE_01,0,0,Stormy,29.3,Groceries,63.35,111.77,59,50,13
2025-12-21,SKU_008,11,STORE_03,0,0,Stormy,29.3,Apparel,77.29,104.6,103,100,13
2025-12-21,SKU_009,73,STORE_03,0,0,Stormy,29.3,Electronics,13.65,22.2,97,26,5
2025-12-21,SKU_010,33,STORE_01,0,0,Stormy,29.3,Apparel,54.66,105.41,220,66,9
2025-12-21,SKU_011,23,STORE_02,0,0,Stormy,29.3,Home & Kitchen,41.13,78.19,257,73,13
2025-12-21,SKU_012,63,STORE_03,0,0,Stormy,29.3,Home & Kitchen,138.43,215.85,73,53,5
2025-12-21,SKU_013,33,STORE_03,0,0,Stormy,29.3,Groceries,63.38,95.43,292,53,8
2025-12-21,SKU_014,52,STORE_03,0,0,Stormy,29.3,Groceries,114.03,157.27,120,69,7
2025-12-21,SKU_015,28,STORE_03,0,0,Stormy,29.3,Home & Kitchen,28.9,40.43,190,49,3
2025-12-21,SKU_016,17,STORE_03,0,0,Stormy,29.3,Home & Kitchen,66.47,120.94,211,98,3
2025-12-21,SKU_017,56,STORE_02,0,0,Stormy,29.3,Electronics,97.91,176.78,209,72,3
2025-12-21,SKU_018,48,STORE_01,0,0,Stormy,29.3,Groceries,129.16,218.5,226,56,14
2025-12-21,SKU_019,54,STORE_01,0,0,Stormy,29.3,Apparel,107.94,154.53,202,92,8
2025-12-21,SKU_020,12,STORE_03,0,0,Stormy,29.3,Apparel,91.87,157.08,203,69,8
2025-12-22,SKU_001,32,STORE_01,0,0,Clear,26.8,Groceries,89.11,173.34,225,59,3
2025-12-22,SKU_002,26,STORE_02,0,0,Clear,26.8,Groceries,93.67,139.52,92,48,10
2025-12-22,SKU_003,25,STORE_01,0,0,Clear,26.8,Apparel,76.77,144.31,39,57,13
2025-12-22,SKU_004,11,STORE_03,0,0,Clear,26.8,Apparel,50.71,93.58,178,31,14
2025-12-22,SKU_005,47,STORE_01,0,0,Clear,26.8,Home & Kitchen,144.78,283.08,13,91,9
2025-12-22,SKU_006,39,STORE_03,0,0,Clear,26.8,Home & Kitchen,34.27,61.62,116,37,13
2025-12-22,SKU_007,54,STORE_01,0,0,Clear,26.8,Groceries,63.35,111.77,59,50,13
2025-12-22,SKU_008,110,STORE_01,0,0,Clear,26.8,Apparel,77.29,104.6,103,100,13
2025-12-22,SKU_009,33,STORE_03,0,0,Clear,26.8,Electronics,13.65,22.2,97,26,5
2025-12-22,SKU_010,27,STORE_03,0,0,Clear,26.8,Apparel,54.66,105.41,220,66,9
2025-12-22,SKU_011,41,STORE_01,0,0,Clear,26.8,Home & Kitchen,41.13,78.19,257,73,13
2025-12-22,SKU_012,32,STORE_02,0,0,Clear,26.8,Home & Kitchen,138.43,215.85,73,53,5
2025-12-22,SKU_013,21,STORE_03,0,0,Clear,26.8,Groceries,63.38,95.43,292,53,8
2025-12-22,SKU_014,37,STORE_02,0,0,Clear,26.8,Groceries,114.03,157.27,120,69,7
2025-12-22,SKU_015,6,STORE_01,0,0,Clear,26.8,Home & Kitchen,28.9,40.43,190,49,3
2025-12-22,SKU_016,10,STORE_03,0,0,Clear,26.8,Home & Kitchen,66.47,120.94,211,98,3
2025-12-22,SKU_017,35,STORE_01,0,0,Clear,26.8,Electronics,97.91,176.78,209,72,3
2025-12-22,SKU_018,33,STORE_02,0,0,Clear,26.8,Groceries,129.16,218.5,226,56,14
2025-12-22,SKU_019,13,STORE_01,0,0,Clear,26.8,Apparel,107.94,154.53,202,92,8
2025-12-22,SKU_020,47,STORE_01,0,0,Clear,26.8,Apparel,91.87,157.08,203,69,8
2025-12-23,SKU_001,16,STORE_01,0,0,Rainy,33.6,Groceries,89.11,173.34,225,59,3
2025-12-23,SKU_002,26,STORE_03,0,0,Rainy,33.6,Groceries,93.67,139.52,92,48,10
2025-12-23,SKU_003,41,STORE_03,0,0,Rainy,33.6,Apparel,76.77,144.31,39,57,13
2025-12-23,SKU_004,27,STORE_03,0,0,Rainy,33.6,Apparel,50.71,93.58,178,31,14
2025-12-23,SKU_005,26,STORE_01,0,0,Rainy,33.6,Home & Kitchen,144.78,283.08,13,91,9
2025-12-23,SKU_006,41,STORE_02,0,0,Rainy,33.6,Home & Kitchen,34.27,61.62,116,37,13
2025-12-23,SKU_007,9,STORE_03,0,0,Rainy,33.6,Groceries,63.35,111.77,59,50,13
2025-12-23,SKU_008,17,STORE_01,0,0,Rainy,33.6,Apparel,77.29,104.6,103,100,13
2025-12-23,SKU_009,17,STORE_01,0,0,Rainy,33.6,Electronics,13.65,22.2,97,26,5
2025-12-23,SKU_010,28,STORE_02,0,0,Rainy,33.6,Apparel,54.66,105.41,220,66,9
2025-12-23,SKU_011,15,STORE_02,0,0,Rainy,33.6,Home & Kitchen,41.13,78.19,257,73,13
2025-12-23,SKU_012,32,STORE_03,0,0,Rainy,33.6,Home & Kitchen,138.43,215.85,73,53,5
2025-12-23,SKU_013,38,STORE_01,0,0,Rainy,33.6,Groceries,63.38,95.43,292,53,8
2025-12-23,SKU_014,19,STORE_03,0,0,Rainy,33.6,Groceries,114.03,157.27,120,69,7
2025-12-23,SKU_015,94,STORE_03,0,0,Rainy,33.6,Home & Kitchen,28.9,40.43,190,49,3
2025-12-23,SKU_016,21,STORE_01,0,0,Rainy,33.6,Home & Kitchen,66.47,120.94,211,98,3
2025-12-23,SKU_017,42,STORE_02,0,0,Rainy,33.6,Electronics,97.91,176.78,209,72,3
2025-12-23,SKU_018,18,STORE_01,0,0,Rainy,33.6,Groceries,129.16,218.5,226,56,14
2025-12-23,SKU_019,39,STORE_02,0,0,Rainy,33.6,Apparel,107.94,154.53,202,92,8
2025-12-23,SKU_020,35,STORE_01,0,0,Rainy,33.6,Apparel,91.87,157.08,203,69,8
2025-12-24,SKU_001,39,STORE_03,0,0,Clear,29.2,Groceries,89.11,173.34,225,59,3
2025-12-24,SKU_002,45,STORE_01,0,0,Clear,29.2,Groceries,93.67,139.52,92,48,10
2025-12-24,SKU_003,196,STORE_03,0,0,Clear,29.2,Apparel,76.77,144.31,39,57,13
2025-12-24,SKU_004,37,STORE_03,0,0,Clear,29.2,Apparel,50.71,93.58,178,31,14
2025-12-24,SKU_005,48,STORE_01,0,0,Clear,29.2,Home & Kitchen,144.78,283.08,13,91,9
2025-12-24,SKU_006,7,STORE_03,0,0,Clear,29.2,Home & Kitchen,34.27,61.62,116,37,13
2025-12-24,SKU_007,29,STORE_01,0,0,Clear,29.2,Groceries,63.35,111.77,59,50,13
2025-12-24,SKU_008,48,STORE_01,0,0,Clear,29.2,Apparel,77.29,104.6,103,100,13
2025-12-24,SKU_009,37,STORE_02,0,0,Clear,29.2,Electronics,13.65,22.2,97,26,5
2025-12-24,SKU_010,14,STORE_02,0,0,Clear,29.2,Apparel,54.66,105.41,220,66,9
2025-12-24,SKU_011,53,STORE_03,0,0,Clear,29.2,Home & Kitchen,41.13,78.19,257,73,13
2025-12-24,SKU_012,25,STORE_01,0,0,Clear,29.2,Home & Kitchen,138.43,215.85,73,53,5
2025-12-24,SKU_013,46,STORE_02,0,0,Clear,29.2,Groceries,63.38,95.43,292,53,8
2025-12-24,SKU_014,40,STORE_02,0,0,Clear,29.2,Groceries,114.03,157.27,120,69,7
2025-12-24,SKU_015,29,STORE_01,0,0,Clear,29.2,Home & Kitchen,28.9,40.43,190,49,3
2025-12-24,SKU_016,29,STORE_02,0,0,Clear,29.2,Home & Kitchen,66.47,120.94,211,98,3
2025-12-24,SKU_017,39,STORE_01,0,0,Clear,29.2,Electronics,97.91,176.78,209,72,3
2025-12-24,SKU_018,49,STORE_01,0,0,Clear,29.2,Groceries,129.16,218.5,226,56,14
2025-12-24,SKU_019,34,STORE_03,0,0,Clear,29.2,Apparel,107.94,154.53,202,92,8
2025-12-24,SKU_020,39,STORE_03,0,0,Clear,29.2,Apparel,91.87,157.08,203,69,8
2025-12-25,SKU_001,37,STORE_03,0,0,Stormy,34.7,Groceries,89.11,173.34,225,59,3
2025-12-25,SKU_002,45,STORE_03,0,0,Stormy,34.7,Groceries,93.67,139.52,92,48,10
2025-12-25,SKU_003,48,STORE_02,0,0,Stormy,34.7,Apparel,76.77,144.31,39,57,13
2025-12-25,SKU_004,16,STORE_01,0,0,Stormy,34.7,Apparel,50.71,93.58,178,31,14
2025-12-25,SKU_005,9,STORE_03,0,0,Stormy,34.7,Home & Kitchen,144.78,283.08,13,91,9
2025-12-25,SKU_006,16,STORE_03,0,0,Stormy,34.7,Home & Kitchen,34.27,61.62,116,37,13
2025-12-25,SKU_007,16,STORE_02,0,0,Stormy,34.7,Groceries,63.35,111.77,59,50,13
2025-12-25,SKU_008,24,STORE_02,0,0,Stormy,34.7,Apparel,77.29,104.6,103,100,13
2025-12-25,SKU_009,51,STORE_01,0,0,Stormy,34.7,Electronics,13.65,22.2,97,26,5
2025-12-25,SKU_010,34,STORE_02,0,0,Stormy,34.7,Apparel,54.66,105.41,220,66,9
2025-12-25,SKU_011,54,STORE_03,0,0,Stormy,34.7,Home & Kitchen,41.13,78.19,257,73,13
2025-12-25,SKU_012,19,STORE_01,0,0,Stormy,34.7,Home & Kitchen,138.43,215.85,73,53,5
2025-12-25,SKU_013,56,STORE_02,0,0,Stormy,34.7,Groceries,63.38,95.43,292,53,8
2025-12-25,SKU_014,22,STORE_03,0,0,Stormy,34.7,Groceries,114.03,157.27,120,69,7
2025-12-25,SKU_015,18,STORE_02,0,0,Stormy,34.7,Home & Kitchen,28.9,40.43,190,49,3
2025-12-25,SKU_016,22,STORE_02,0,0,Stormy,34.7,Home & Kitchen,66.47,120.94,211,98,3
2025-12-25,SKU_017,37,STORE_01,0,0,Stormy,34.7,Electronics,97.91,176.78,209,72,3
2025-12-25,SKU_018,20,STORE_03,0,0,Stormy,34.7,Groceries,129.16,218.5,226,56,14
2025-12-25,SKU_019,52,STORE_03,0,0,Stormy,34.7,Apparel,107.94,154.53,202,92,8
2025-12-25,SKU_020,22,STORE_01,0,0,Stormy,34.7,Apparel,91.87,157.08,203,69,8
2025-12-26,SKU_001,41,STORE_01,0,0,Sunny,16.8,Groceries,89.11,173.34,225,59,3
2025-12-26,SKU_002,55,STORE_01,0,0,Sunny,16.8,Groceries,93.67,139.52,92,48,10
2025-12-26,SKU_003,36,STORE_02,0,0,Sunny,16.8,Apparel,76.77,144.31,39,57,13
2025-12-26,SKU_004,32,STORE_01,0,0,Sunny,16.8,Apparel,50.71,93.58,178,31,14
2025-12-26,SKU_005,11,STORE_01,0,0,Sunny,16.8,Home & Kitchen,144.78,283.08,13,91,9
2025-12-26,SKU_006,35,STORE_02,0,0,Sunny,16.8,Home & Kitchen,34.27,61.62,116,37,13
2025-12-26,SKU_007,44,STORE_03,0,0,Sunny,16.8,Groceries,63.35,111.77,59,50,13
2025-12-26,SKU_008,13,STORE_02,0,0,Sunny,16.8,Apparel,77.29,104.6,103,100,13
2025-12-26,SKU_009,49,STORE_02,0,0,Sunny,16.8,Electronics,13.65,22.2,97,26,5
2025-12-26,SKU_010,12,STORE_02,0,0,Sunny,16.8,Apparel,54.66,105.41,220,66,9
2025-12-26,SKU_011,23,STORE_02,0,0,Sunny,16.8,Home & Kitchen,41.13,78.19,257,73,13
2025-12-26,SKU_012,42,STORE_03,0,0,Sunny,16.8,Home & Kitchen,138.43,215.85,73,53,5
2025-12-26,SKU_013,17,STORE_02,0,0,Sunny,16.8,Groceries,63.38,95.43,292,53,8
2025-12-26,SKU_014,28,STORE_01,0,0,Sunny,16.8,Groceries,114.03,157.27,120,69,7
2025-12-26,SKU_015,54,STORE_02,0,0,Sunny,16.8,Home & Kitchen,28.9,40.43,190,49,3
2025-12-26,SKU_016,51,STORE_03,0,0,Sunny,16.8,Home & Kitchen,66.47,120.94,211,98,3
2025-12-26,SKU_017,42,STORE_01,0,0,Sunny,16.8,Electronics,97.91,176.78,209,72,3
2025-12-26,SKU_018,34,STORE_02,0,0,Sunny,16.8,Groceries,129.16,218.5,226,56,14
2025-12-26,SKU_019,3,STORE_02,0,0,Sunny,16.8,Apparel,107.94,154.53,202,92,8
2025-12-26,SKU_020,47,STORE_03,0,0,Sunny,16.8,Apparel,91.87,157.08,203,69,8
2025-12-27,SKU_001,23,STORE_01,1,50,Rainy,23.3,Groceries,89.11,173.34,225,59,3
2025-12-27,SKU_002,52,STORE_03,1,50,Rainy,23.3,Groceries,93.67,139.52,92,48,10
2025-12-27,SKU_003,57,STORE_03,1,50,Rainy,23.3,Apparel,76.77,144.31,39,57,13
2025-12-27,SKU_004,80,STORE_01,1,50,Rainy,23.3,Apparel,50.71,93.58,178,31,14
2025-12-27,SKU_005,67,STORE_01,1,50,Rainy,23.3,Home & Kitchen,144.78,283.08,13,91,9
2025-12-27,SKU_006,56,STORE_01,1,50,Rainy,23.3,Home & Kitchen,34.27,61.62,116,37,13
2025-12-27,SKU_007,26,STORE_02,1,50,Rainy,23.3,Groceries,63.35,111.77,59,50,13
2025-12-27,SKU_008,40,STORE_01,1,50,Rainy,23.3,Apparel,77.29,104.6,103,100,13
2025-12-27,SKU_009,67,STORE_01,1,50,Rainy,23.3,Electronics,13.65,22.2,97,26,5
2025-12-27,SKU_010,26,STORE_03,1,50,Rainy,23.3,Apparel,54.66,105.41,220,66,9
2025-12-27,SKU_011,61,STORE_02,1,50,Rainy,23.3,Home & Kitchen,41.13,78.19,257,73,13
2025-12-27,SKU_012,17,STORE_03,1,50,Rainy,23.3,Home & Kitchen,138.43,215.85,73,53,5
2025-12-27,SKU_013,53,STORE_03,1,50,Rainy,23.3,Groceries,63.38,95.43,292,53,8
2025-12-27,SKU_014,164,STORE_03,1,50,Rainy,23.3,Groceries,114.03,157.27,120,69,7
2025-12-27,SKU_015,18,STORE_02,1,50,Rainy,23.3,Home & Kitchen,28.9,40.43,190,49,3
2025-12-27,SKU_016,23,STORE_03,1,50,Rainy,23.3,Home & Kitchen,66.47,120.94,211,98,3
2025-12-27,SKU_017,61,STORE_01,1,50,Rainy,23.3,Electronics,97.91,176.78,209,72,3
2025-12-27,SKU_018,22,STORE_03,1,50,Rainy,23.3,Groceries,129.16,218.5,226,56,14
2025-12-27,SKU_019,62,STORE_02,1,50,Rainy,23.3,Apparel,107.94,154.53,202,92,8
2025-12-27,SKU_020,70,STORE_01,1,50,Rainy,23.3,Apparel,91.87,157.08,203,69,8
2025-12-28,SKU_001,250,STORE_01,0,0,Rainy,17.1,Groceries,89.11,173.34,225,59,3
2025-12-28,SKU_002,21,STORE_02,0,0,Rainy,17.1,Groceries,93.67,139.52,92,48,10
2025-12-28,SKU_003,8,STORE_02,0,0,Rainy,17.1,Apparel,76.77,144.31,39,57,13
2025-12-28,SKU_004,35,STORE_01,0,0,Rainy,17.1,Apparel,50.71,93.58,178,31,14
2025-12-28,SKU_005,11,STORE_01,0,0,Rainy,17.1,Home & Kitchen,144.78,283.08,13,91,9
2025-12-28,SKU_006,26,STORE_03,0,0,Rainy,17.1,Home & Kitchen,34.27,61.62,116,37,13
2025-12-28,SKU_007,61,STORE_01,0,0,Rainy,17.1,Groceries,63.35,111.77,59,50,13
2025-12-28,SKU_008,42,STORE_02,0,0,Rainy,17.1,Apparel,77.29,104.6,103,100,13
2025-12-28,SKU_009,53,STORE_01,0,0,Rainy,17.1,Electronics,13.65,22.2,97,26,5
2025-12-28,SKU_010,65,STORE_02,0,0,Rainy,17.1,Apparel,54.66,105.41,220,66,9
2025-12-28,SKU_011,23,STORE_01,0,0,Rainy,17.1,Home & Kitchen,41.13,78.19,257,73,13
2025-12-28,SKU_012,66,STORE_02,0,0,Rainy,17.1,Home & Kitchen,138.43,215.85,73,53,5
2025-12-28,SKU_013,51,STORE_02,0,0,Rainy,17.1,Groceries,63.38,95.43,292,53,8
2025-12-28,SKU_014,24,STORE_03,0,0,Rainy,17.1,Groceries,114.03,157.27,120,69,7
2025-12-28,SKU_015,33,STORE_03,0,0,Rainy,17.1,Home & Kitchen,28.9,40.43,190,49,3
2025-12-28,SKU_016,48,STORE_03,0,0,Rainy,17.1,Home & Kitchen,66.47,120.94,211,98,3
2025-12-28,SKU_017,36,STORE_03,0,0,Rainy,17.1,Electronics,97.91,176.78,209,72,3
2025-12-28,SKU_018,25,STORE_02,0,0,Rainy,17.1,Groceries,129.16,218.5,226,56,14
2025-12-28,SKU_019,68,STORE_01,0,0,Rainy,17.1,Apparel,107.94,154.53,202,92,8
2025-12-28,SKU_020,14,STORE_01,0,0,Rainy,17.1,Apparel,91.87,157.08,203,69,8
2025-12-29,SKU_001,20,STORE_02,0,0,Stormy,20.1,Groceries,89.11,173.34,225,59,3
2025-12-29,SKU_002,20,STORE_02,0,0,Stormy,20.1,Groceries,93.67,139.52,92,48,10
2025-12-29,SKU_003,23,STORE_01,0,0,Stormy,20.1,Apparel,76.77,144.31,39,57,13
2025-12-29,SKU_004,34,STORE_02,0,0,Stormy,20.1,Apparel,50.71,93.58,178,31,14
2025-12-29,SKU_005,22,STORE_03,0,0,Stormy,20.1,Home & Kitchen,144.78,283.08,13,91,9
2025-12-29,SKU_006,21,STORE_02,0,0,Stormy,20.1,Home & Kitchen,34.27,61.62,116,37,13
2025-12-29,SKU_007,33,STORE_02,0,0,Stormy,20.1,Groceries,63.35,111.77,59,50,13
2025-12-29,SKU_008,11,STORE_02,0,0,Stormy,20.1,Apparel,77.29,104.6,103,100,13
2025-12-29,SKU_009,12,STORE_03,0,0,Stormy,20.1,Electronics,13.65,22.2,97,26,5
2025-12-29,SKU_010,49,STORE_01,0,0,Stormy,20.1,Apparel,54.66,105.41,220,66,9
2025-12-29,SKU_011,17,STORE_01,0,0,Stormy,20.1,Home & Kitchen,41.13,78.19,257,73,13
2025-12-29,SKU_012,48,STORE_03,0,0,Stormy,20.1,Home & Kitchen,138.43,215.85,73,53,5
2025-12-29,SKU_013,23,STORE_01,0,0,Stormy,20.1,Groceries,63.38,95.43,292,53,8
2025-12-29,SKU_014,40,STORE_02,0,0,Stormy,20.1,Groceries,114.03,157.27,120,69,7
2025-12-29,SKU_015,46,STORE_03,0,0,Stormy,20.1,Home & Kitchen,28.9,40.43,190,49,3
2025-12-29,SKU_016,9,STORE_03,0,0,Stormy,20.1,Home & Kitchen,66.47,120.94,211,98,3
2025-12-29,SKU_017,18,STORE_02,0,0,Stormy,20.1,Electronics,97.91,176.78,209,72,3
2025-12-29,SKU_018,29,STORE_01,0,0,Stormy,20.1,Groceries,129.16,218.5,226,56,14
2025-12-29,SKU_019,30,STORE_02,0,0,Stormy,20.1,Apparel,107.94,154.53,202,92,8
2025-12-29,SKU_020,48,STORE_02,0,0,Stormy,20.1,Apparel,91.87,157.08,203,69,8
2025-12-30,SKU_001,25,STORE_02,0,0,Clear,34.4,Groceries,89.11,173.34,225,59,3
2025-12-30,SKU_002,18,STORE_02,0,0,Clear,34.4,Groceries,93.67,139.52,92,48,10
2025-12-30,SKU_003,34,STORE_01,0,0,Clear,34.4,Apparel,76.77,144.31,39,57,13
2025-12-30,SKU_004,48,STORE_02,0,0,Clear,34.4,Apparel,50.71,93.58,178,31,14
2025-12-30,SKU_005,30,STORE_03,0,0,Clear,34.4,Home & Kitchen,144.78,283.08,13,91,9
2025-12-30,SKU_006,44,STORE_01,0,0,Clear,34.4,Home & Kitchen,34.27,61.62,116,37,13
2025-12-30,SKU_007,45,STORE_01,0,0,Clear,34.4,Groceries,63.35,111.77,59,50,13
2025-12-30,SKU_008,41,STORE_03,0,0,Clear,34.4,Apparel,77.29,104.6,103,100,13
2025-12-30,SKU_009,30,STORE_01,0,0,Clear,34.4,Electronics,13.65,22.2,97,26,5
2025-12-30,SKU_010,19,STORE_02,0,0,Clear,34.4,Apparel,54.66,105.41,220,66,9
2025-12-30,SKU_011,18,STORE_03,0,0,Clear,34.4,Home & Kitchen,41.13,78.19,257,73,13
2025-12-30,SKU_012,54,STORE_03,0,0,Clear,34.4,Home & Kitchen,138.43,215.85,73,53,5
2025-12-30,SKU_013,42,STORE_02,0,0,Clear,34.4,Groceries,63.38,95.43,292,53,8
2025-12-30,SKU_014,21,STORE_01,0,0,Clear,34.4,Groceries,114.03,157.27,120,69,7
2025-12-30,SKU_015,22,STORE_01,0,0,Clear,34.4,Home & Kitchen,28.9,40.43,190,49,3
2025-12-30,SKU_016,46,STORE_01,0,0,Clear,34.4,Home & Kitchen,66.47,120.94,211,98,3
2025-12-30,SKU_017,43,STORE_01,0,0,Clear,34.4,Electronics,97.91,176.78,209,72,3
2025-12-30,SKU_018,34,STORE_01,0,0,Clear,34.4,Groceries,129.16,218.5,226,56,14
2025-12-30,SKU_019,10,STORE_03,0,0,Clear,34.4,Apparel,107.94,154.53,202,92,8
2025-12-30,SKU_020,175,STORE_03,0,0,Clear,34.4,Apparel,91.87,157.08,203,69,8
2025-12-31,SKU_001,30,STORE_01,0,0,Stormy,27.9,Groceries,89.11,173.34,225,59,3
2025-12-31,SKU_002,40,STORE_02,0,0,Stormy,27.9,Groceries,93.67,139.52,92,48,10
2025-12-31,SKU_003,33,STORE_01,0,0,Stormy,27.9,Apparel,76.77,144.31,39,57,13
2025-12-31,SKU_004,24,STORE_02,0,0,Stormy,27.9,Apparel,50.71,93.58,178,31,14
2025-12-31,SKU_005,45,STORE_03,0,0,Stormy,27.9,Home & Kitchen,144.78,283.08,13,91,9
2025-12-31,SKU_006,38,STORE_02,0,0,Stormy,27.9,Home & Kitchen,34.27,61.62,116,37,13
2025-12-31,SKU_007,50,STORE_03,0,0,Stormy,27.9,Groceries,63.35,111.77,59,50,13
2025-12-31,SKU_008,27,STORE_01,0,0,Stormy,27.9,Apparel,77.29,104.6,103,100,13
2025-12-31,SKU_009,17,STORE_02,0,0,Stormy,27.9,Electronics,13.65,22.2,97,26,5
2025-12-31,SKU_010,39,STORE_02,0,0,Stormy,27.9,Apparel,54.66,105.41,220,66,9
2025-12-31,SKU_011,42,STORE_03,0,0,Stormy,27.9,Home & Kitchen,41.13,78.19,257,73,13
2025-12-31,SKU_012,22,STORE_03,0,0,Stormy,27.9,Home & Kitchen,138.43,215.85,73,53,5
2025-12-31,SKU_013,113,STORE_02,0,0,Stormy,27.9,Groceries,63.38,95.43,292,53,8
2025-12-31,SKU_014,47,STORE_02,0,0,Stormy,27.9,Groceries,114.03,157.27,120,69,7
2025-12-31,SKU_015,51,STORE_02,0,0,Stormy,27.9,Home & Kitchen,28.9,40.43,190,49,3
2025-12-31,SKU_016,157,STORE_01,0,0,Stormy,27.9,Home & Kitchen,66.47,120.94,211,98,3
2025-12-31,SKU_017,27,STORE_01,0,0,Stormy,27.9,Electronics,97.91,176.78,209,72,3
2025-12-31,SKU_018,28,STORE_01,0,0,Stormy,27.9,Groceries,129.16,218.5,226,56,14
2025-12-31,SKU_019,29,STORE_02,0,0,Stormy,27.9,Apparel,107.94,154.53,202,92,8
2025-12-31,SKU_020,18,STORE_01,0,0,Stormy,27.9,Apparel,91.87,157.08,203,69,8
2026-01-01,SKU_001,15,STORE_02,0,0,Stormy,34.8,Groceries,89.11,173.34,225,59,3
2026-01-01,SKU_002,22,STORE_02,0,0,Stormy,34.8,Groceries,93.67,139.52,92,48,10
2026-01-01,SKU_003,5,STORE_03,0,0,Stormy,34.8,Apparel,76.77,144.31,39,57,13
2026-01-01,SKU_004,7,STORE_01,0,0,Stormy,34.8,Apparel,50.71,93.58,178,31,14
2026-01-01,SKU_005,4,STORE_02,0,0,Stormy,34.8,Home & Kitchen,144.78,283.08,13,91,9
2026-01-01,SKU_006,18,STORE_02,0,0,Stormy,34.8,Home & Kitchen,34.27,61.62,116,37,13
2026-01-01,SKU_007,24,STORE_03,0,0,Stormy,34.8,Groceries,63.35,111.77,59,50,13
2026-01-01,SKU_008,15,STORE_01,0,0,Stormy,34.8,Apparel,77.29,104.6,103,100,13
2026-01-01,SKU_009,26,STORE_03,0,0,Stormy,34.8,Electronics,13.65,22.2,97,26,5
2026-01-01,SKU_010,1,STORE_01,0,0,Stormy,34.8,Apparel,54.66,105.41,220,66,9
2026-01-01,SKU_011,20,STORE_01,0,0,Stormy,34.8,Home & Kitchen,41.13,78.19,257,73,13
2026-01-01,SKU_012,12,STORE_02,0,0,Stormy,34.8,Home & Kitchen,138.43,215.85,73,53,5
2026-01-01,SKU_013,24,STORE_03,0,0,Stormy,34.8,Groceries,63.38,95.43,292,53,8
2026-01-01,SKU_014,4,STORE_02,0,0,Stormy,34.8,Groceries,114.03,157.27,120,69,7
2026-01-01,SKU_015,27,STORE_01,0,0,Stormy,34.8,Home & Kitchen,28.9,40.43,190,49,3
2026-01-01,SKU_016,6,STORE_01,0,0,Stormy,34.8,Home & Kitchen,66.47,120.94,211,98,3
2026-01-01,SKU_017,74,STORE_01,0,0,Stormy,34.8,Electronics,97.91,176.78,209,72,3
2026-01-01,SKU_018,21,STORE_02,0,0,Stormy,34.8,Groceries,129.16,218.5,226,56,14
2026-01-01,SKU_019,8,STORE_01,0,0,Stormy,34.8,Apparel,107.94,154.53,202,92,8
2026-01-01,SKU_020,8,STORE_03,0,0,Stormy,34.8,Apparel,91.87,157.08,203,69,8
2026-01-02,SKU_001,17,STORE_01,0,0,Sunny,17.9,Groceries,89.11,173.34,225,59,3
2026-01-02,SKU_002,21,STORE_01,0,0,Sunny,17.9,Groceries,93.67,139.52,92,48,10
2026-01-02,SKU_003,29,STORE_02,0,0,Sunny,17.9,Apparel,76.77,144.31,39,57,13
2026-01-02,SKU_004,13,STORE_01,0,0,Sunny,17.9,Apparel,50.71,93.58,178,31,14
2026-01-02,SKU_005,23,STORE_02,0,0,Sunny,17.9,Home & Kitchen,144.78,283.08,13,91,9
2026-01-02,SKU_006,29,STORE_01,0,0,Sunny,17.9,Home & Kitchen,34.27,61.62,116,37,13
2026-01-02,SKU_007,11,STORE_01,0,0,Sunny,17.9,Groceries,63.35,111.77,59,50,13
2026-01-02,SKU_008,55,STORE_02,0,0,Sunny,17.9,Apparel,77.29,104.6,103,100,13
2026-01-02,SKU_009,27,STORE_02,0,0,Sunny,17.9,Electronics,13.65,22.2,97,26,5
2026-01-02,SKU_010,8,STORE_02,0,0,Sunny,17.9,Apparel,54.66,105.41,220,66,9
2026-01-02,SKU_011,6,STORE_02,0,0,Sunny,17.9,Home & Kitchen,41.13,78.19,257,73,13
2026-01-02,SKU_012,25,STORE_03,0,0,Sunny,17.9,Home & Kitchen,138.43,215.85,73,53,5
2026-01-02,SKU_013,23,STORE_02,0,0,Sunny,17.9,Groceries,63.38,95.43,292,53,8
2026-01-02,SKU_014,26,STORE_02,0,0,Sunny,17.9,Groceries,114.03,157.27,120,69,7
2026-01-02,SKU_015,5,STORE_01,0,0,Sunny,17.9,Home & Kitchen,28.9,40.43,190,49,3
2026-01-02,SKU_016,0,STORE_03,0,0,Sunny,17.9,Home & Kitchen,66.47,120.94,211,98,3
2026-01-02,SKU_017,9,STORE_03,0,0,Sunny,17.9,Electronics,97.91,176.78,209,72,3
2026-01-02,SKU_018,23,STORE_02,0,0,Sunny,17.9,Groceries,129.16,218.5,226,56,14
2026-01-02,SKU_019,24,STORE_02,0,0,Sunny,17.9,Apparel,107.94,154.53,202,92,8
2026-01-02,SKU_020,65,STORE_02,0,0,Sunny,17.9,Apparel,91.87,157.08,203,69,8
2026-01-03,SKU_001,20,STORE_02,0,0,Sunny,34.5,Groceries,89.11,173.34,225,59,3
2026-01-03,SKU_002,19,STORE_03,0,0,Sunny,34.5,Groceries,93.67,139.52,92,48,10
2026-01-03,SKU_003,58,STORE_02,0,0,Sunny,34.5,Apparel,76.77,144.31,39,57,13
2026-01-03,SKU_004,23,STORE_01,0,0,Sunny,34.5,Apparel,50.71,93.58,178,31,14
2026-01-03,SKU_005,14,STORE_02,0,0,Sunny,34.5,Home & Kitchen,144.78,283.08,13,91,9
2026-01-03,SKU_006,9,STORE_03,0,0,Sunny,34.5,Home & Kitchen,34.27,61.62,116,37,13
2026-01-03,SKU_007,9,STORE_02,0,0,Sunny,34.5,Groceries,63.35,111.77,59,50,13
2026-01-03,SKU_008,34,STORE_03,0,0,Sunny,34.5,Apparel,77.29,104.6,103,100,13
2026-01-03,SKU_009,25,STORE_02,0,0,Sunny,34.5,Electronics,13.65,22.2,97,26,5
2026-01-03,SKU_010,33,STORE_01,0,0,Sunny,34.5,Apparel,54.66,105.41,220,66,9
2026-01-03,SKU_011,26,STORE_02,0,0,Sunny,34.5,Home & Kitchen,41.13,78.19,257,73,13
2026-01-03,SKU_012,11,STORE_03,0,0,Sunny,34.5,Home & Kitchen,138.43,215.85,73,53,5
2026-01-03,SKU_013,30,STORE_03,0,0,Sunny,34.5,Groceries,63.38,95.43,292,53,8
2026-01-03,SKU_014,34,STORE_02,0,0,Sunny,34.5,Groceries,114.03,157.27,120,69,7
2026-01-03,SKU_015,9,STORE_03,0,0,Sunny,34.5,Home & Kitchen,28.9,40.43,190,49,3
2026-01-03,SKU_016,31,STORE_02,0,0,Sunny,34.5,Home & Kitchen,66.47,120.94,211,98,3
2026-01-03,SKU_017,25,STORE_01,0,0,Sunny,34.5,Electronics,97.91,176.78,209,72,3
2026-01-03,SKU_018,34,STORE_03,0,0,Sunny,34.5,Groceries,129.16,218.5,226,56,14
2026-01-03,SKU_019,16,STORE_02,0,0,Sunny,34.5,Apparel,107.94,154.53,202,92,8
2026-01-03,SKU_020,28,STORE_01,0,0,Sunny,34.5,Apparel,91.87,157.08,203,69,8
2026-01-04,SKU_001,14,STORE_01,0,0,Sunny,26.7,Groceries,89.11,173.34,225,59,3
2026-01-04,SKU_002,43,STORE_02,0,0,Sunny,26.7,Groceries,93.67,139.52,92,48,10
2026-01-04,SKU_003,31,STORE_03,0,0,Sunny,26.7,Apparel,76.77,144.31,39,57,13
2026-01-04,SKU_004,48,STORE_03,0,0,Sunny,26.7,Apparel,50.71,93.58,178,31,14
2026-01-04,SKU_005,30,STORE_02,0,0,Sunny,26.7,Home & Kitchen,144.78,283.08,13,91,9
2026-01-04,SKU_006,42,STORE_02,0,0,Sunny,26.7,Home & Kitchen,34.27,61.62,116,37,13
2026-01-04,SKU_007,0,STORE_03,0,0,Sunny,26.7,Groceries,63.35,111.77,59,50,13
2026-01-04,SKU_008,11,STORE_01,0,0,Sunny,26.7,Apparel,77.29,104.6,103,100,13
2026-01-04,SKU_009,6,STORE_01,0,0,Sunny,26.7,Electronics,13.65,22.2,97,26,5
2026-01-04,SKU_010,28,STORE_01,0,0,Sunny,26.7,Apparel,54.66,105.41,220,66,9
2026-01-04,SKU_011,21,STORE_02,0,0,Sunny,26.7,Home & Kitchen,41.13,78.19,257,73,13
2026-01-04,SKU_012,20,STORE_01,0,0,Sunny,26.7,Home & Kitchen,138.43,215.85,73,53,5
2026-01-04,SKU_013,6,STORE_01,0,0,Sunny,26.7,Groceries,63.38,95.43,292,53,8
2026-01-04,SKU_014,14,STORE_03,0,0,Sunny,26.7,Groceries,114.03,157.27,120,69,7
2026-01-04,SKU_015,9,STORE_01,0,0,Sunny,26.7,Home & Kitchen,28.9,40.43,190,49,3
2026-01-04,SKU_016,19,STORE_01,0,0,Sunny,26.7,Home & Kitchen,66.47,120.94,211,98,3
2026-01-04,SKU_017,15,STORE_02,0,0,Sunny,26.7,Electronics,97.91,176.78,209,72,3
2026-01-04,SKU_018,23,STORE_02,0,0,Sunny,26.7,Groceries,129.16,218.5,226,56,14
2026-01-04,SKU_019,12,STORE_01,0,0,Sunny,26.7,Apparel,107.94,154.53,202,92,8
2026-01-04,SKU_020,13,STORE_03,0,0,Sunny,26.7,Apparel,91.87,157.08,203,69,8
2026-01-05,SKU_001,46,STORE_01,0,0,Stormy,26.1,Groceries,89.11,173.34,225,59,3
2026-01-05,SKU_002,106,STORE_03,0,0,Stormy,26.1,Groceries,93.67,139.52,92,48,10
2026-01-05,SKU_003,27,STORE_03,0,0,Stormy,26.1,Apparel,76.77,144.31,39,57,13
2026-01-05,SKU_004,74,STORE_03,0,0,Stormy,26.1,Apparel,50.71,93.58,178,31,14
2026-01-05,SKU_005,31,STORE_03,0,0,Stormy,26.1,Home & Kitchen,144.78,283.08,13,91,9
2026-01-05,SKU_006,27,STORE_01,0,0,Stormy,26.1,Home & Kitchen,34.27,61.62,116,37,13
2026-01-05,SKU_007,7,STORE_02,0,0,Stormy,26.1,Groceries,63.35,111.77,59,50,13
2026-01-05,SKU_008,18,STORE_02,0,0,Stormy,26.1,Apparel,77.29,104.6,103,100,13
2026-01-05,SKU_009,30,STORE_03,0,0,Stormy,26.1,Electronics,13.65,22.2,97,26,5
2026-01-05,SKU_010,29,STORE_01,0,0,Stormy,26.1,Apparel,54.66,105.41,220,66,9
2026-01-05,SKU_011,24,STORE_01,0,0,Stormy,26.1,Home & Kitchen,41.13,78.19,257,73,13
2026-01-05,SKU_012,6,STORE_03,0,0,Stormy,26.1,Home & Kitchen,138.43,215.85,73,53,5
2026-01-05,SKU_013,16,STORE_03,0,0,Stormy,26.1,Groceries,63.38,95.43,292,53,8
2026-01-05,SKU_014,18,STORE_01,0,0,Stormy,26.1,Groceries,114.03,157.27,120,69,7
2026-01-05,SKU_015,9,STORE_02,0,0,Stormy,26.1,Home & Kitchen,28.9,40.43,190,49,3
2026-01-05,SKU_016,4,STORE_03,0,0,Stormy,26.1,Home & Kitchen,66.47,120.94,211,98,3
2026-01-05,SKU_017,31,STORE_01,0,0,Stormy,26.1,Electronics,97.91,176.78,209,72,3
2026-01-05,SKU_018,29,STORE_01,0,0,Stormy,26.1,Groceries,129.16,218.5,226,56,14
2026-01-05,SKU_019,18,STORE_02,0,0,Stormy,26.1,Apparel,107.94,154.53,202,92,8
2026-01-05,SKU_020,24,STORE_02,0,0,Stormy,26.1,Apparel,91.87,157.08,203,69,8
2026-01-06,SKU_001,14,STORE_02,0,0,Sunny,28.0,Groceries,89.11,173.34,225,59,3
2026-01-06,SKU_002,21,STORE_02,0,0,Sunny,28.0,Groceries,93.67,139.52,92,48,10
2026-01-06,SKU_003,4,STORE_02,0,0,Sunny,28.0,Apparel,76.77,144.31,39,57,13
2026-01-06,SKU_004,5,STORE_03,0,0,Sunny,28.0,Apparel,50.71,93.58,178,31,14
2026-01-06,SKU_005,49,STORE_01,0,0,Sunny,28.0,Home & Kitchen,144.78,283.08,13,91,9
2026-01-06,SKU_006,24,STORE_03,0,0,Sunny,28.0,Home & Kitchen,34.27,61.62,116,37,13
2026-01-06,SKU_007,16,STORE_02,0,0,Sunny,28.0,Groceries,63.35,111.77,59,50,13
2026-01-06,SKU_008,5,STORE_02,0,0,Sunny,28.0,Apparel,77.29,104.6,103,100,13
2026-01-06,SKU_009,21,STORE_01,0,0,Sunny,28.0,Electronics,13.65,22.2,97,26,5
2026-01-06,SKU_010,24,STORE_03,0,0,Sunny,28.0,Apparel,54.66,105.41,220,66,9
2026-01-06,SKU_011,6,STORE_03,0,0,Sunny,28.0,Home & Kitchen,41.13,78.19,257,73,13
2026-01-06,SKU_012,6,STORE_03,0,0,Sunny,28.0,Home & Kitchen,138.43,215.85,73,53,5
2026-01-06,SKU_013,23,STORE_02,0,0,Sunny,28.0,Groceries,63.38,95.43,292,53,8
2026-01-06,SKU_014,9,STORE_01,0,0,Sunny,28.0,Groceries,114.03,157.27,120,69,7
2026-01-06,SKU_015,11,STORE_01,0,0,Sunny,28.0,Home & Kitchen,28.9,40.43,190,49,3
2026-01-06,SKU_016,25,STORE_03,0,0,Sunny,28.0,Home & Kitchen,66.47,120.94,211,98,3
2026-01-06,SKU_017,24,STORE_01,0,0,Sunny,28.0,Electronics,97.91,176.78,209,72,3
2026-01-06,SKU_018,19,STORE_03,0,0,Sunny,28.0,Groceries,129.16,218.5,226,56,14
2026-01-06,SKU_019,4,STORE_02,0,0,Sunny,28.0,Apparel,107.94,154.53,202,92,8
2026-01-06,SKU_020,17,STORE_03,0,0,Sunny,28.0,Apparel,91.87,157.08,203,69,8
2026-01-07,SKU_001,13,STORE_03,1,10,Stormy,18.1,Groceries,89.11,173.34,225,59,3
2026-01-07,SKU_002,22,STORE_01,1,10,Stormy,18.1,Groceries,93.67,139.52,92,48,10
2026-01-07,SKU_003,27,STORE_01,1,10,Stormy,18.1,Apparel,76.77,144.31,39,57,13
2026-01-07,SKU_004,8,STORE_01,1,10,Stormy,18.1,Apparel,50.71,93.58,178,31,14
2026-01-07,SKU_005,19,STORE_03,1,10,Stormy,18.1,Home & Kitchen,144.78,283.08,13,91,9
2026-01-07,SKU_006,31,STORE_03,1,10,Stormy,18.1,Home & Kitchen,34.27,61.62,116,37,13
2026-01-07,SKU_007,18,STORE_01,1,10,Stormy,18.1,Groceries,63.35,111.77,59,50,13
2026-01-07,SKU_008,6,STORE_02,1,10,Stormy,18.1,Apparel,77.29,104.6,103,100,13
2026-01-07,SKU_009,18,STORE_01,1,10,Stormy,18.1,Electronics,13.65,22.2,97,26,5
2026-01-07,SKU_010,10,STORE_03,1,10,Stormy,18.1,Apparel,54.66,105.41,220,66,9
2026-01-07,SKU_011,49,STORE_03,1,10,Stormy,18.1,Home & Kitchen,41.13,78.19,257,73,13
2026-01-07,SKU_012,12,STORE_01,1,10,Stormy,18.1,Home & Kitchen,138.43,215.85,73,53,5
2026-01-07,SKU_013,12,STORE_01,1,10,Stormy,18.1,Groceries,63.38,95.43,292,53,8
2026-01-07,SKU_014,23,STORE_02,1,10,Stormy,18.1,Groceries,114.03,157.27,120,69,7
2026-01-07,SKU_015,4,STORE_03,1,10,Stormy,18.1,Home & Kitchen,28.9,40.43,190,49,3
2026-01-07,SKU_016,7,STORE_03,1,10,Stormy,18.1,Home & Kitchen,66.47,120.94,211,98,3
2026-01-07,SKU_017,0,STORE_01,1,10,Stormy,18.1,Electronics,97.91,176.78,209,72,3
2026-01-07,SKU_018,13,STORE_03,1,10,Stormy,18.1,Groceries,129.16,218.5,226,56,14
2026-01-07,SKU_019,12,STORE_03,1,10,Stormy,18.1,Apparel,107.94,154.53,202,92,8
2026-01-07,SKU_020,12,STORE_01,1,10,Stormy,18.1,Apparel,91.87,157.08,203,69,8
2026-01-08,SKU_001,19,STORE_02,0,0,Sunny,34.3,Groceries,89.11,173.34,225,59,3
2026-01-08,SKU_002,11,STORE_03,0,0,Sunny,34.3,Groceries,93.67,139.52,92,48,10
2026-01-08,SKU_003,30,STORE_01,0,0,Sunny,34.3,Apparel,76.77,144.31,39,57,13
2026-01-08,SKU_004,5,STORE_02,0,0,Sunny,34.3,Apparel,50.71,93.58,178,31,14
2026-01-08,SKU_005,3,STORE_03,0,0,Sunny,34.3,Home & Kitchen,144.78,283.08,13,91,9
2026-01-08,SKU_006,7,STORE_02,0,0,Sunny,34.3,Home & Kitchen,34.27,61.62,116,37,13
2026-01-08,SKU_007,33,STORE_02,0,0,Sunny,34.3,Groceries,63.35,111.77,59,50,13
2026-01-08,SKU_008,3,STORE_03,0,0,Sunny,34.3,Apparel,77.29,104.6,103,100,13
2026-01-08,SKU_009,22,STORE_02,0,0,Sunny,34.3,Electronics,13.65,22.2,97,26,5
2026-01-08,SKU_010,13,STORE_01,0,0,Sunny,34.3,Apparel,54.66,105.41,220,66,9
2026-01-08,SKU_011,28,STORE_01,0,0,Sunny,34.3,Home & Kitchen,41.13,78.19,257,73,13
2026-01-08,SKU_012,7,STORE_03,0,0,Sunny,34.3,Home & Kitchen,138.43,215.85,73,53,5
2026-01-08,SKU_013,27,STORE_03,0,0,Sunny,34.3,Groceries,63.38,95.43,292,53,8
2026-01-08,SKU_014,10,STORE_03,0,0,Sunny,34.3,Groceries,114.03,157.27,120,69,7
2026-01-08,SKU_015,20,STORE_03,0,0,Sunny,34.3,Home & Kitchen,28.9,40.43,190,49,3
2026-01-08,SKU_016,21,STORE_01,0,0,Sunny,34.3,Home & Kitchen,66.47,120.94,211,98,3
2026-01-08,SKU_017,22,STORE_03,0,0,Sunny,34.3,Electronics,97.91,176.78,209,72,3
2026-01-08,SKU_018,8,STORE_02,0,0,Sunny,34.3,Groceries,129.16,218.5,226,56,14
2026-01-08,SKU_019,34,STORE_02,0,0,Sunny,34.3,Apparel,107.94,154.53,202,92,8
2026-01-08,SKU_020,6,STORE_01,0,0,Sunny,34.3,Apparel,91.87,157.08,203,69,8
2026-01-09,SKU_001,20,STORE_02,0,0,Clear,30.3,Groceries,89.11,173.34,225,59,3
2026-01-09,SKU_002,10,STORE_03,0,0,Clear,30.3,Groceries,93.67,139.52,92,48,10
2026-01-09,SKU_003,17,STORE_03,0,0,Clear,30.3,Apparel,76.77,144.31,39,57,13
2026-01-09,SKU_004,24,STORE_02,0,0,Clear,30.3,Apparel,50.71,93.58,178,31,14
2026-01-09,SKU_005,24,STORE_02,0,0,Clear,30.3,Home & Kitchen,144.78,283.08,13,91,9
2026-01-09,SKU_006,5,STORE_02,0,0,Clear,30.3,Home & Kitchen,34.27,61.62,116,37,13
2026-01-09,SKU_007,27,STORE_03,0,0,Clear,30.3,Groceries,63.35,111.77,59,50,13
2026-01-09,SKU_008,30,STORE_02,0,0,Clear,30.3,Apparel,77.29,104.6,103,100,13
2026-01-09,SKU_009,8,STORE_01,0,0,Clear,30.3,Electronics,13.65,22.2,97,26,5
2026-01-09,SKU_010,17,STORE_02,0,0,Clear,30.3,Apparel,54.66,105.41,220,66,9
2026-01-09,SKU_011,13,STORE_03,0,0,Clear,30.3,Home & Kitchen,41.13,78.19,257,73,13
2026-01-09,SKU_012,24,STORE_02,0,0,Clear,30.3,Home & Kitchen,138.43,215.85,73,53,5
2026-01-09,SKU_013,20,STORE_02,0,0,Clear,30.3,Groceries,63.38,95.43,292,53,8
2026-01-09,SKU_014,30,STORE_02,0,0,Clear,30.3,Groceries,114.03,157.27,120,69,7
2026-01-09,SKU_015,25,STORE_01,0,0,Clear,30.3,Home & Kitchen,28.9,40.43,190,49,3
2026-01-09,SKU_016,11,STORE_03,0,0,Clear,30.3,Home & Kitchen,66.47,120.94,211,98,3
2026-01-09,SKU_017,21,STORE_03,0,0,Clear,30.3,Electronics,97.91,176.78,209,72,3
2026-01-09,SKU_018,14,STORE_02,0,0,Clear,30.3,Groceries,129.16,218.5,226,56,14
2026-01-09,SKU_019,17,STORE_02,0,0,Clear,30.3,Apparel,107.94,154.53,202,92,8
2026-01-09,SKU_020,16,STORE_03,0,0,Clear,30.3,Apparel,91.87,157.08,203,69,8
2026-01-10,SKU_001,14,STORE_01,0,0,Clear,29.0,Groceries,89.11,173.34,225,59,3
2026-01-10,SKU_002,98,STORE_02,0,0,Clear,29.0,Groceries,93.67,139.52,92,48,10
2026-01-10,SKU_003,12,STORE_01,0,0,Clear,29.0,Apparel,76.77,144.31,39,57,13
2026-01-10,SKU_004,18,STORE_01,0,0,Clear,29.0,Apparel,50.71,93.58,178,31,14
2026-01-10,SKU_005,38,STORE_02,0,0,Clear,29.0,Home & Kitchen,144.78,283.08,13,91,9
2026-01-10,SKU_006,33,STORE_01,0,0,Clear,29.0,Home & Kitchen,34.27,61.62,116,37,13
2026-01-10,SKU_007,24,STORE_02,0,0,Clear,29.0,Groceries,63.35,111.77,59,50,13
2026-01-10,SKU_008,35,STORE_02,0,0,Clear,29.0,Apparel,77.29,104.6,103,100,13
2026-01-10,SKU_009,22,STORE_03,0,0,Clear,29.0,Electronics,13.65,22.2,97,26,5
2026-01-10,SKU_010,27,STORE_03,0,0,Clear,29.0,Apparel,54.66,105.41,220,66,9
2026-01-10,SKU_011,20,STORE_02,0,0,Clear,29.0,Home & Kitchen,41.13,78.19,257,73,13
2026-01-10,SKU_012,11,STORE_02,0,0,Clear,29.0,Home & Kitchen,138.43,215.85,73,53,5
2026-01-10,SKU_013,31,STORE_01,0,0,Clear,29.0,Groceries,63.38,95.43,292,53,8
2026-01-10,SKU_014,14,STORE_03,0,0,Clear,29.0,Groceries,114.03,157.27,120,69,7
2026-01-10,SKU_015,27,STORE_01,0,0,Clear,29.0,Home & Kitchen,28.9,40.43,190,49,3
2026-01-10,SKU_016,9,STORE_01,0,0,Clear,29.0,Home & Kitchen,66.47,120.94,211,98,3
2026-01-10,SKU_017,7,STORE_03,0,0,Clear,29.0,Electronics,97.91,176.78,209,72,3
2026-01-10,SKU_018,18,STORE_03,0,0,Clear,29.0,Groceries,129.16,218.5,226,56,14
2026-01-10,SKU_019,30,STORE_01,0,0,Clear,29.0,Apparel,107.94,154.53,202,92,8
2026-01-10,SKU_020,34,STORE_01,0,0,Clear,29.0,Apparel,91.87,157.08,203,69,8
2026-01-11,SKU_001,23,STORE_01,0,0,Sunny,17.9,Groceries,89.11,173.34,225,59,3
2026-01-11,SKU_002,25,STORE_03,0,0,Sunny,17.9,Groceries,93.67,139.52,92,48,10
2026-01-11,SKU_003,24,STORE_01,0,0,Sunny,17.9,Apparel,76.77,144.31,39,57,13
2026-01-11,SKU_004,92,STORE_03,0,0,Sunny,17.9,Apparel,50.71,93.58,178,31,14
2026-01-11,SKU_005,20,STORE_01,0,0,Sunny,17.9,Home & Kitchen,144.78,283.08,13,91,9
2026-01-11,SKU_006,35,STORE_03,0,0,Sunny,17.9,Home & Kitchen,34.27,61.62,116,37,13
2026-01-11,SKU_007,22,STORE_03,0,0,Sunny,17.9,Groceries,63.35,111.77,59,50,13
2026-01-11,SKU_008,29,STORE_02,0,0,Sunny,17.9,Apparel,77.29,104.6,103,100,13
2026-01-11,SKU_009,1,STORE_01,0,0,Sunny,17.9,Electronics,13.65,22.2,97,26,5
2026-01-11,SKU_010,38,STORE_02,0,0,Sunny,17.9,Apparel,54.66,105.41,220,66,9
2026-01-11,SKU_011,28,STORE_03,0,0,Sunny,17.9,Home & Kitchen,41.13,78.19,257,73,13
2026-01-11,SKU_012,39,STORE_03,0,0,Sunny,17.9,Home & Kitchen,138.43,215.85,73,53,5
2026-01-11,SKU_013,14,STORE_01,0,0,Sunny,17.9,Groceries,63.38,95.43,292,53,8
2026-01-11,SKU_014,28,STORE_01,0,0,Sunny,17.9,Groceries,114.03,157.27,120,69,7
2026-01-11,SKU_015,33,STORE_03,0,0,Sunny,17.9,Home & Kitchen,28.9,40.43,190,49,3
2026-01-11,SKU_016,13,STORE_02,0,0,Sunny,17.9,Home & Kitchen,66.47,120.94,211,98,3
2026-01-11,SKU_017,12,STORE_01,0,0,Sunny,17.9,Electronics,97.91,176.78,209,72,3
2026-01-11,SKU_018,31,STORE_03,0,0,Sunny,17.9,Groceries,129.16,218.5,226,56,14
2026-01-11,SKU_019,28,STORE_01,0,0,Sunny,17.9,Apparel,107.94,154.53,202,92,8
2026-01-11,SKU_020,35,STORE_01,0,0,Sunny,17.9,Apparel,91.87,157.08,203,69,8
2026-01-12,SKU_001,13,STORE_01,0,0,Clear,18.1,Groceries,89.11,173.34,225,59,3
2026-01-12,SKU_002,24,STORE_03,0,0,Clear,18.1,Groceries,93.67,139.52,92,48,10
2026-01-12,SKU_003,28,STORE_01,0,0,Clear,18.1,Apparel,76.77,144.31,39,57,13
2026-01-12,SKU_004,20,STORE_02,0,0,Clear,18.1,Apparel,50.71,93.58,178,31,14
2026-01-12,SKU_005,13,STORE_03,0,0,Clear,18.1,Home & Kitchen,144.78,283.08,13,91,9
2026-01-12,SKU_006,20,STORE_03,0,0,Clear,18.1,Home & Kitchen,34.27,61.62,116,37,13
2026-01-12,SKU_007,4,STORE_01,0,0,Clear,18.1,Groceries,63.35,111.77,59,50,13
2026-01-12,SKU_008,10,STORE_01,0,0,Clear,18.1,Apparel,77.29,104.6,103,100,13
2026-01-12,SKU_009,12,STORE_01,0,0,Clear,18.1,Electronics,13.65,22.2,97,26,5
2026-01-12,SKU_010,16,STORE_01,0,0,Clear,18.1,Apparel,54.66,105.41,220,66,9
2026-01-12,SKU_011,8,STORE_02,0,0,Clear,18.1,Home & Kitchen,41.13,78.19,257,73,13
2026-01-12,SKU_012,9,STORE_02,0,0,Clear,18.1,Home & Kitchen,138.43,215.85,73,53,5
2026-01-12,SKU_013,9,STORE_01,0,0,Clear,18.1,Groceries,63.38,95.43,292,53,8
2026-01-12,SKU_014,23,STORE_02,0,0,Clear,18.1,Groceries,114.03,157.27,120,69,7
2026-01-12,SKU_015,25,STORE_02,0,0,Clear,18.1,Home & Kitchen,28.9,40.43,190,49,3
2026-01-12,SKU_016,25,STORE_02,0,0,Clear,18.1,Home & Kitchen,66.47,120.94,211,98,3
2026-01-12,SKU_017,20,STORE_03,0,0,Clear,18.1,Electronics,97.91,176.78,209,72,3
2026-01-12,SKU_018,26,STORE_02,0,0,Clear,18.1,Groceries,129.16,218.5,226,56,14
2026-01-12,SKU_019,14,STORE_03,0,0,Clear,18.1,Apparel,107.94,154.53,202,92,8
2026-01-12,SKU_020,10,STORE_02,0,0,Clear,18.1,Apparel,91.87,157.08,203,69,8
2026-01-13,SKU_001,16,STORE_01,0,0,Stormy,32.8,Groceries,89.11,173.34,225,59,3
2026-01-13,SKU_002,46,STORE_01,0,0,Stormy,32.8,Groceries,93.67,139.52,92,48,10
2026-01-13,SKU_003,19,STORE_03,0,0,Stormy,32.8,Apparel,76.77,144.31,39,57,13
2026-01-13,SKU_004,13,STORE_01,0,0,Stormy,32.8,Apparel,50.71,93.58,178,31,14
2026-01-13,SKU_005,9,STORE_03,0,0,Stormy,32.8,Home & Kitchen,144.78,283.08,13,91,9
2026-01-13,SKU_006,14,STORE_02,0,0,Stormy,32.8,Home & Kitchen,34.27,61.62,116,37,13
2026-01-13,SKU_007,7,STORE_01,0,0,Stormy,32.8,Groceries,63.35,111.77,59,50,13
2026-01-13,SKU_008,20,STORE_02,0,0,Stormy,32.8,Apparel,77.29,104.6,103,100,13
2026-01-13,SKU_009,26,STORE_01,0,0,Stormy,32.8,Electronics,13.65,22.2,97,26,5
2026-01-13,SKU_010,15,STORE_02,0,0,Stormy,32.8,Apparel,54.66,105.41,220,66,9
2026-01-13,SKU_011,14,STORE_03,0,0,Stormy,32.8,Home & Kitchen,41.13,78.19,257,73,13
2026-01-13,SKU_012,22,STORE_03,0,0,Stormy,32.8,Home & Kitchen,138.43,215.85,73,53,5
2026-01-13,SKU_013,24,STORE_02,0,0,Stormy,32.8,Groceries,63.38,95.43,292,53,8
2026-01-13,SKU_014,28,STORE_02,0,0,Stormy,32.8,Groceries,114.03,157.27,120,69,7
2026-01-13,SKU_015,46,STORE_02,0,0,Stormy,32.8,Home & Kitchen,28.9,40.43,190,49,3
2026-01-13,SKU_016,16,STORE_02,0,0,Stormy,32.8,Home & Kitchen,66.47,120.94,211,98,3
2026-01-13,SKU_017,16,STORE_01,0,0,Stormy,32.8,Electronics,97.91,176.78,209,72,3
2026-01-13,SKU_018,13,STORE_03,0,0,Stormy,32.8,Groceries,129.16,218.5,226,56,14
2026-01-13,SKU_019,22,STORE_01,0,0,Stormy,32.8,Apparel,107.94,154.53,202,92,8
2026-01-13,SKU_020,19,STORE_03,0,0,Stormy,32.8,Apparel,91.87,157.08,203,69,8
2026-01-14,SKU_001,3,STORE_02,0,0,Rainy,31.8,Groceries,89.11,173.34,225,59,3
2026-01-14,SKU_002,9,STORE_02,0,0,Rainy,31.8,Groceries,93.67,139.52,92,48,10
2026-01-14,SKU_003,15,STORE_01,0,0,Rainy,31.8,Apparel,76.77,144.31,39,57,13
2026-01-14,SKU_004,15,STORE_01,0,0,Rainy,31.8,Apparel,50.71,93.58,178,31,14
2026-01-14,SKU_005,12,STORE_03,0,0,Rainy,31.8,Home & Kitchen,144.78,283.08,13,91,9
2026-01-14,SKU_006,30,STORE_03,0,0,Rainy,31.8,Home & Kitchen,34.27,61.62,116,37,13
2026-01-14,SKU_007,6,STORE_03,0,0,Rainy,31.8,Groceries,63.35,111.77,59,50,13
2026-01-14,SKU_008,23,STORE_02,0,0,Rainy,31.8,Apparel,77.29,104.6,103,100,13
2026-01-14,SKU_009,26,STORE_02,0,0,Rainy,31.8,Electronics,13.65,22.2,97,26,5
2026-01-14,SKU_010,10,STORE_03,0,0,Rainy,31.8,Apparel,54.66,105.41,220,66,9
2026-01-14,SKU_011,12,STORE_03,0,0,Rainy,31.8,Home & Kitchen,41.13,78.19,257,73,13
2026-01-14,SKU_012,27,STORE_01,0,0,Rainy,31.8,Home & Kitchen,138.43,215.85,73,53,5
2026-01-14,SKU_013,10,STORE_02,0,0,Rainy,31.8,Groceries,63.38,95.43,292,53,8
2026-01-14,SKU_014,11,STORE_02,0,0,Rainy,31.8,Groceries,114.03,157.27,120,69,7
2026-01-14,SKU_015,12,STORE_01,0,0,Rainy,31.8,Home & Kitchen,28.9,40.43,190,49,3
2026-01-14,SKU_016,16,STORE_03,0,0,Rainy,31.8,Home & Kitchen,66.47,120.94,211,98,3
2026-01-14,SKU_017,21,STORE_03,0,0,Rainy,31.8,Electronics,97.91,176.78,209,72,3
2026-01-14,SKU_018,12,STORE_01,0,0,Rainy,31.8,Groceries,129.16,218.5,226,56,14
2026-01-14,SKU_019,27,STORE_03,0,0,Rainy,31.8,Apparel,107.94,154.53,202,92,8
2026-01-14,SKU_020,14,STORE_03,0,0,Rainy,31.8,Apparel,91.87,157.08,203,69,8
2026-01-15,SKU_001,23,STORE_02,0,0,Rainy,29.9,Groceries,89.11,173.34,225,59,3
2026-01-15,SKU_002,11,STORE_01,0,0,Rainy,29.9,Groceries,93.67,139.52,92,48,10
2026-01-15,SKU_003,21,STORE_02,0,0,Rainy,29.9,Apparel,76.77,144.31,39,57,13
2026-01-15,SKU_004,6,STORE_03,0,0,Rainy,29.9,Apparel,50.71,93.58,178,31,14
2026-01-15,SKU_005,13,STORE_01,0,0,Rainy,29.9,Home & Kitchen,144.78,283.08,13,91,9
2026-01-15,SKU_006,5,STORE_01,0,0,Rainy,29.9,Home & Kitchen,34.27,61.62,116,37,13
2026-01-15,SKU_007,23,STORE_01,0,0,Rainy,29.9,Groceries,63.35,111.77,59,50,13
2026-01-15,SKU_008,99,STORE_02,0,0,Rainy,29.9,Apparel,77.29,104.6,103,100,13
2026-01-15,SKU_009,8,STORE_01,0,0,Rainy,29.9,Electronics,13.65,22.2,97,26,5
2026-01-15,SKU_010,11,STORE_03,0,0,Rainy,29.9,Apparel,54.66,105.41,220,66,9
2026-01-15,SKU_011,9,STORE_01,0,0,Rainy,29.9,Home & Kitchen,41.13,78.19,257,73,13
2026-01-15,SKU_012,20,STORE_03,0,0,Rainy,29.9,Home & Kitchen,138.43,215.85,73,53,5
2026-01-15,SKU_013,13,STORE_02,0,0,Rainy,29.9,Groceries,63.38,95.43,292,53,8
2026-01-15,SKU_014,25,STORE_02,0,0,Rainy,29.9,Groceries,114.03,157.27,120,69,7
2026-01-15,SKU_015,21,STORE_02,0,0,Rainy,29.9,Home & Kitchen,28.9,40.43,190,49,3
2026-01-15,SKU_016,12,STORE_03,0,0,Rainy,29.9,Home & Kitchen,66.47,120.94,211,98,3
2026-01-15,SKU_017,18,STORE_02,0,0,Rainy,29.9,Electronics,97.91,176.78,209,72,3
2026-01-15,SKU_018,55,STORE_03,0,0,Rainy,29.9,Groceries,129.16,218.5,226,56,14
2026-01-15,SKU_019,11,STORE_03,0,0,Rainy,29.9,Apparel,107.94,154.53,202,92,8
2026-01-15,SKU_020,14,STORE_02,0,0,Rainy,29.9,Apparel,91.87,157.08,203,69,8
2026-01-16,SKU_001,17,STORE_03,0,0,Clear,18.8,Groceries,89.11,173.34,225,59,3
2026-01-16,SKU_002,9,STORE_01,0,0,Clear,18.8,Groceries,93.67,139.52,92,48,10
2026-01-16,SKU_003,4,STORE_03,0,0,Clear,18.8,Apparel,76.77,144.31,39,57,13
2026-01-16,SKU_004,14,STORE_02,0,0,Clear,18.8,Apparel,50.71,93.58,178,31,14
2026-01-16,SKU_005,23,STORE_03,0,0,Clear,18.8,Home & Kitchen,144.78,283.08,13,91,9
2026-01-16,SKU_006,18,STORE_02,0,0,Clear,18.8,Home & Kitchen,34.27,61.62,116,37,13
2026-01-16,SKU_007,2,STORE_02,0,0,Clear,18.8,Groceries,63.35,111.77,59,50,13
2026-01-16,SKU_008,80,STORE_03,0,0,Clear,18.8,Apparel,77.29,104.6,103,100,13
2026-01-16,SKU_009,20,STORE_03,0,0,Clear,18.8,Electronics,13.65,22.2,97,26,5
2026-01-16,SKU_010,18,STORE_03,0,0,Clear,18.8,Apparel,54.66,105.41,220,66,9
2026-01-16,SKU_011,21,STORE_03,0,0,Clear,18.8,Home & Kitchen,41.13,78.19,257,73,13
2026-01-16,SKU_012,13,STORE_02,0,0,Clear,18.8,Home & Kitchen,138.43,215.85,73,53,5
2026-01-16,SKU_013,18,STORE_02,0,0,Clear,18.8,Groceries,63.38,95.43,292,53,8
2026-01-16,SKU_014,33,STORE_02,0,0,Clear,18.8,Groceries,114.03,157.27,120,69,7
2026-01-16,SKU_015,15,STORE_01,0,0,Clear,18.8,Home & Kitchen,28.9,40.43,190,49,3
2026-01-16,SKU_016,28,STORE_01,0,0,Clear,18.8,Home & Kitchen,66.47,120.94,211,98,3
2026-01-16,SKU_017,19,STORE_01,0,0,Clear,18.8,Electronics,97.91,176.78,209,72,3
2026-01-16,SKU_018,1,STORE_01,0,0,Clear,18.8,Groceries,129.16,218.5,226,56,14
2026-01-16,SKU_019,20,STORE_01,0,0,Clear,18.8,Apparel,107.94,154.53,202,92,8
2026-01-16,SKU_020,65,STORE_03,0,0,Clear,18.8,Apparel,91.87,157.08,203,69,8
2026-01-17,SKU_001,34,STORE_01,0,0,Rainy,26.7,Groceries,89.11,173.34,225,59,3
2026-01-17,SKU_002,20,STORE_01,0,0,Rainy,26.7,Groceries,93.67,139.52,92,48,10
2026-01-17,SKU_003,81,STORE_01,0,0,Rainy,26.7,Apparel,76.77,144.31,39,57,13
2026-01-17,SKU_004,11,STORE_02,0,0,Rainy,26.7,Apparel,50.71,93.58,178,31,14
2026-01-17,SKU_005,13,STORE_03,0,0,Rainy,26.7,Home & Kitchen,144.78,283.08,13,91,9
2026-01-17,SKU_006,18,STORE_03,0,0,Rainy,26.7,Home & Kitchen,34.27,61.62,116,37,13
2026-01-17,SKU_007,35,STORE_02,0,0,Rainy,26.7,Groceries,63.35,111.77,59,50,13
2026-01-17,SKU_008,14,STORE_03,0,0,Rainy,26.7,Apparel,77.29,104.6,103,100,13
2026-01-17,SKU_009,29,STORE_03,0,0,Rainy,26.7,Electronics,13.65,22.2,97,26,5
2026-01-17,SKU_010,26,STORE_02,0,0,Rainy,26.7,Apparel,54.66,105.41,220,66,9
2026-01-17,SKU_011,28,STORE_03,0,0,Rainy,26.7,Home & Kitchen,41.13,78.19,257,73,13
2026-01-17,SKU_012,14,STORE_03,0,0,Rainy,26.7,Home & Kitchen,138.43,215.85,73,53,5
2026-01-17,SKU_013,27,STORE_02,0,0,Rainy,26.7,Groceries,63.38,95.43,292,53,8
2026-01-17,SKU_014,80,STORE_02,0,0,Rainy,26.7,Groceries,114.03,157.27,120,69,7
2026-01-17,SKU_015,20,STORE_01,0,0,Rainy,26.7,Home & Kitchen,28.9,40.43,190,49,3
2026-01-17,SKU_016,5,STORE_01,0,0,Rainy,26.7,Home & Kitchen,66.47,120.94,211,98,3
2026-01-17,SKU_017,26,STORE_01,0,0,Rainy,26.7,Electronics,97.91,176.78,209,72,3
2026-01-17,SKU_018,32,STORE_01,0,0,Rainy,26.7,Groceries,129.16,218.5,226,56,14
2026-01-17,SKU_019,8,STORE_01,0,0,Rainy,26.7,Apparel,107.94,154.53,202,92,8
2026-01-17,SKU_020,39,STORE_01,0,0,Rainy,26.7,Apparel,91.87,157.08,203,69,8
2026-01-18,SKU_001,20,STORE_02,1,50,Sunny,32.2,Groceries,89.11,173.34,225,59,3
2026-01-18,SKU_002,10,STORE_01,1,50,Sunny,32.2,Groceries,93.67,139.52,92,48,10
2026-01-18,SKU_003,18,STORE_03,1,50,Sunny,32.2,Apparel,76.77,144.31,39,57,13
2026-01-18,SKU_004,19,STORE_03,1,50,Sunny,32.2,Apparel,50.71,93.58,178,31,14
2026-01-18,SKU_005,25,STORE_03,1,50,Sunny,32.2,Home & Kitchen,144.78,283.08,13,91,9
2026-01-18,SKU_006,29,STORE_01,1,50,Sunny,32.2,Home & Kitchen,34.27,61.62,116,37,13
2026-01-18,SKU_007,0,STORE_03,1,50,Sunny,32.2,Groceries,63.35,111.77,59,50,13
2026-01-18,SKU_008,12,STORE_03,1,50,Sunny,32.2,Apparel,77.29,104.6,103,100,13
2026-01-18,SKU_009,5,STORE_01,1,50,Sunny,32.2,Electronics,13.65,22.2,97,26,5
2026-01-18,SKU_010,38,STORE_02,1,50,Sunny,32.2,Apparel,54.66,105.41,220,66,9
2026-01-18,SKU_011,30,STORE_03,1,50,Sunny,32.2,Home & Kitchen,41.13,78.19,257,73,13
2026-01-18,SKU_012,16,STORE_01,1,50,Sunny,32.2,Home & Kitchen,138.43,215.85,73,53,5
2026-01-18,SKU_013,28,STORE_02,1,50,Sunny,32.2,Groceries,63.38,95.43,292,53,8
2026-01-18,SKU_014,10,STORE_02,1,50,Sunny,32.2,Groceries,114.03,157.27,120,69,7
2026-01-18,SKU_015,25,STORE_02,1,50,Sunny,32.2,Home & Kitchen,28.9,40.43,190,49,3
2026-01-18,SKU_016,25,STORE_03,1,50,Sunny,32.2,Home & Kitchen,66.47,120.94,211,98,3
2026-01-18,SKU_017,26,STORE_01,1,50,Sunny,32.2,Electronics,97.91,176.78,209,72,3
2026-01-18,SKU_018,32,STORE_03,1,50,Sunny,32.2,Groceries,129.16,218.5,226,56,14
2026-01-18,SKU_019,22,STORE_03,1,50,Sunny,32.2,Apparel,107.94,154.53,202,92,8
2026-01-18,SKU_020,18,STORE_02,1,50,Sunny,32.2,Apparel,91.87,157.08,203,69,8
2026-01-19,SKU_001,19,STORE_02,0,0,Stormy,31.4,Groceries,89.11,173.34,225,59,3
2026-01-19,SKU_002,4,STORE_01,0,0,Stormy,31.4,Groceries,93.67,139.52,92,48,10
2026-01-19,SKU_003,27,STORE_03,0,0,Stormy,31.4,Apparel,76.77,144.31,39,57,13
2026-01-19,SKU_004,5,STORE_03,0,0,Stormy,31.4,Apparel,50.71,93.58,178,31,14
2026-01-19,SKU_005,20,STORE_03,0,0,Stormy,31.4,Home & Kitchen,144.78,283.08,13,91,9
2026-01-19,SKU_006,14,STORE_02,0,0,Stormy,31.4,Home & Kitchen,34.27,61.62,116,37,13
2026-01-19,SKU_007,23,STORE_02,0,0,Stormy,31.4,Groceries,63.35,111.77,59,50,13
2026-01-19,SKU_008,27,STORE_02,0,0,Stormy,31.4,Apparel,77.29,104.6,103,100,13
2026-01-19,SKU_009,30,STORE_03,0,0,Stormy,31.4,Electronics,13.65,22.2,97,26,5
2026-01-19,SKU_010,20,STORE_03,0,0,Stormy,31.4,Apparel,54.66,105.41,220,66,9
2026-01-19,SKU_011,25,STORE_02,0,0,Stormy,31.4,Home & Kitchen,41.13,78.19,257,73,13
2026-01-19,SKU_012,20,STORE_02,0,0,Stormy,31.4,Home & Kitchen,138.43,215.85,73,53,5
2026-01-19,SKU_013,12,STORE_01,0,0,Stormy,31.4,Groceries,63.38,95.43,292,53,8
2026-01-19,SKU_014,32,STORE_03,0,0,Stormy,31.4,Groceries,114.03,157.27,120,69,7
2026-01-19,SKU_015,0,STORE_02,0,0,Stormy,31.4,Home & Kitchen,28.9,40.43,190,49,3
2026-01-19,SKU_016,9,STORE_01,0,0,Stormy,31.4,Home & Kitchen,66.47,120.94,211,98,3
2026-01-19,SKU_017,13,STORE_02,0,0,Stormy,31.4,Electronics,97.91,176.78,209,72,3
2026-01-19,SKU_018,20,STORE_03,0,0,Stormy,31.4,Groceries,129.16,218.5,226,56,14
2026-01-19,SKU_019,4,STORE_01,0,0,Stormy,31.4,Apparel,107.94,154.53,202,92,8
2026-01-19,SKU_020,20,STORE_02,0,0,Stormy,31.4,Apparel,91.87,157.08,203,69,8
2026-01-20,SKU_001,75,STORE_03,0,0,Sunny,24.2,Groceries,89.11,173.34,225,59,3
2026-01-20,SKU_002,33,STORE_03,0,0,Sunny,24.2,Groceries,93.67,139.52,92,48,10
2026-01-20,SKU_003,27,STORE_02,0,0,Sunny,24.2,Apparel,76.77,144.31,39,57,13
2026-01-20,SKU_004,20,STORE_01,0,0,Sunny,24.2,Apparel,50.71,93.58,178,31,14
2026-01-20,SKU_005,17,STORE_03,0,0,Sunny,24.2,Home & Kitchen,144.78,283.08,13,91,9
2026-01-20,SKU_006,30,STORE_01,0,0,Sunny,24.2,Home & Kitchen,34.27,61.62,116,37,13
2026-01-20,SKU_007,29,STORE_03,0,0,Sunny,24.2,Groceries,63.35,111.77,59,50,13
2026-01-20,SKU_008,28,STORE_03,0,0,Sunny,24.2,Apparel,77.29,104.6,103,100,13
2026-01-20,SKU_009,19,STORE_01,0,0,Sunny,24.2,Electronics,13.65,22.2,97,26,5
2026-01-20,SKU_010,16,STORE_02,0,0,Sunny,24.2,Apparel,54.66,105.41,220,66,9
2026-01-20,SKU_011,15,STORE_02,0,0,Sunny,24.2,Home & Kitchen,41.13,78.19,257,73,13
2026-01-20,SKU_012,11,STORE_02,0,0,Sunny,24.2,Home & Kitchen,138.43,215.85,73,53,5
2026-01-20,SKU_013,20,STORE_02,0,0,Sunny,24.2,Groceries,63.38,95.43,292,53,8
2026-01-20,SKU_014,14,STORE_03,0,0,Sunny,24.2,Groceries,114.03,157.27,120,69,7
2026-01-20,SKU_015,15,STORE_01,0,0,Sunny,24.2,Home & Kitchen,28.9,40.43,190,49,3
2026-01-20,SKU_016,13,STORE_01,0,0,Sunny,24.2,Home & Kitchen,66.47,120.94,211,98,3
2026-01-20,SKU_017,27,STORE_03,0,0,Sunny,24.2,Electronics,97.91,176.78,209,72,3
2026-01-20,SKU_018,27,STORE_01,0,0,Sunny,24.2,Groceries,129.16,218.5,226,56,14
2026-01-20,SKU_019,23,STORE_01,0,0,Sunny,24.2,Apparel,107.94,154.53,202,92,8
2026-01-20,SKU_020,21,STORE_03,0,0,Sunny,24.2,Apparel,91.87,157.08,203,69,8
2026-01-21,SKU_001,21,STORE_01,0,0,Rainy,18.4,Groceries,89.11,173.34,225,59,3
2026-01-21,SKU_002,2,STORE_03,0,0,Rainy,18.4,Groceries,93.67,139.52,92,48,10
2026-01-21,SKU_003,11,STORE_01,0,0,Rainy,18.4,Apparel,76.77,144.31,39,57,13
2026-01-21,SKU_004,13,STORE_02,0,0,Rainy,18.4,Apparel,50.71,93.58,178,31,14
2026-01-21,SKU_005,29,STORE_03,0,0,Rainy,18.4,Home & Kitchen,144.78,283.08,13,91,9
2026-01-21,SKU_006,0,STORE_02,0,0,Rainy,18.4,Home & Kitchen,34.27,61.62,116,37,13
2026-01-21,SKU_007,16,STORE_02,0,0,Rainy,18.4,Groceries,63.35,111.77,59,50,13
2026-01-21,SKU_008,10,STORE_03,0,0,Rainy,18.4,Apparel,77.29,104.6,103,100,13
2026-01-21,SKU_009,14,STORE_01,0,0,Rainy,18.4,Electronics,13.65,22.2,97,26,5
2026-01-21,SKU_010,29,STORE_03,0,0,Rainy,18.4,Apparel,54.66,105.41,220,66,9
2026-01-21,SKU_011,9,STORE_02,0,0,Rainy,18.4,Home & Kitchen,41.13,78.19,257,73,13
2026-01-21,SKU_012,29,STORE_03,0,0,Rainy,18.4,Home & Kitchen,138.43,215.85,73,53,5
2026-01-21,SKU_013,20,STORE_01,0,0,Rainy,18.4,Groceries,63.38,95.43,292,53,8
2026-01-21,SKU_014,24,STORE_03,0,0,Rainy,18.4,Groceries,114.03,157.27,120,69,7
2026-01-21,SKU_015,15,STORE_03,0,0,Rainy,18.4,Home & Kitchen,28.9,40.43,190,49,3
2026-01-21,SKU_016,24,STORE_01,0,0,Rainy,18.4,Home & Kitchen,66.47,120.94,211,98,3
2026-01-21,SKU_017,6,STORE_01,0,0,Rainy,18.4,Electronics,97.91,176.78,209,72,3
2026-01-21,SKU_018,24,STORE_01,0,0,Rainy,18.4,Groceries,129.16,218.5,226,56,14
2026-01-21,SKU_019,21,STORE_01,0,0,Rainy,18.4,Apparel,107.94,154.53,202,92,8
2026-01-21,SKU_020,24,STORE_02,0,0,Rainy,18.4,Apparel,91.87,157.08,203,69,8
2026-01-22,SKU_001,13,STORE_03,0,0,Clear,25.5,Groceries,89.11,173.34,225,59,3
2026-01-22,SKU_002,33,STORE_03,0,0,Clear,25.5,Groceries,93.67,139.52,92,48,10
2026-01-22,SKU_003,24,STORE_03,0,0,Clear,25.5,Apparel,76.77,144.31,39,57,13
2026-01-22,SKU_004,20,STORE_01,0,0,Clear,25.5,Apparel,50.71,93.58,178,31,14
2026-01-22,SKU_005,15,STORE_02,0,0,Clear,25.5,Home & Kitchen,144.78,283.08,13,91,9
2026-01-22,SKU_006,12,STORE_01,0,0,Clear,25.5,Home & Kitchen,34.27,61.62,116,37,13
2026-01-22,SKU_007,15,STORE_01,0,0,Clear,25.5,Groceries,63.35,111.77,59,50,13
2026-01-22,SKU_008,30,STORE_03,0,0,Clear,25.5,Apparel,77.29,104.6,103,100,13
2026-01-22,SKU_009,2,STORE_01,0,0,Clear,25.5,Electronics,13.65,22.2,97,26,5
2026-01-22,SKU_010,22,STORE_01,0,0,Clear,25.5,Apparel,54.66,105.41,220,66,9
2026-01-22,SKU_011,39,STORE_02,0,0,Clear,25.5,Home & Kitchen,41.13,78.19,257,73,13
2026-01-22,SKU_012,17,STORE_03,0,0,Clear,25.5,Home & Kitchen,138.43,215.85,73,53,5
2026-01-22,SKU_013,6,STORE_02,0,0,Clear,25.5,Groceries,63.38,95.43,292,53,8
2026-01-22,SKU_014,10,STORE_02,0,0,Clear,25.5,Groceries,114.03,157.27,120,69,7
2026-01-22,SKU_015,16,STORE_01,0,0,Clear,25.5,Home & Kitchen,28.9,40.43,190,49,3
2026-01-22,SKU_016,17,STORE_03,0,0,Clear,25.5,Home & Kitchen,66.47,120.94,211,98,3
2026-01-22,SKU_017,82,STORE_03,0,0,Clear,25.5,Electronics,97.91,176.78,209,72,3
2026-01-22,SKU_018,25,STORE_01,0,0,Clear,25.5,Groceries,129.16,218.5,226,56,14
2026-01-22,SKU_019,15,STORE_01,0,0,Clear,25.5,Apparel,107.94,154.53,202,92,8
2026-01-22,SKU_020,22,STORE_02,0,0,Clear,25.5,Apparel,91.87,157.08,203,69,8
2026-01-23,SKU_001,25,STORE_03,0,0,Sunny,24.7,Groceries,89.11,173.34,225,59,3
2026-01-23,SKU_002,23,STORE_01,0,0,Sunny,24.7,Groceries,93.67,139.52,92,48,10
2026-01-23,SKU_003,17,STORE_02,0,0,Sunny,24.7,Apparel,76.77,144.31,39,57,13
2026-01-23,SKU_004,9,STORE_03,0,0,Sunny,24.7,Apparel,50.71,93.58,178,31,14
2026-01-23,SKU_005,24,STORE_03,0,0,Sunny,24.7,Home & Kitchen,144.78,283.08,13,91,9
2026-01-23,SKU_006,25,STORE_03,0,0,Sunny,24.7,Home & Kitchen,34.27,61.62,116,37,13
2026-01-23,SKU_007,10,STORE_03,0,0,Sunny,24.7,Groceries,63.35,111.77,59,50,13
2026-01-23,SKU_008,35,STORE_03,0,0,Sunny,24.7,Apparel,77.29,104.6,103,100,13
2026-01-23,SKU_009,26,STORE_02,0,0,Sunny,24.7,Electronics,13.65,22.2,97,26,5
2026-01-23,SKU_010,30,STORE_02,0,0,Sunny,24.7,Apparel,54.66,105.41,220,66,9
2026-01-23,SKU_011,21,STORE_01,0,0,Sunny,24.7,Home & Kitchen,41.13,78.19,257,73,13
2026-01-23,SKU_012,20,STORE_01,0,0,Sunny,24.7,Home & Kitchen,138.43,215.85,73,53,5
2026-01-23,SKU_013,9,STORE_01,0,0,Sunny,24.7,Groceries,63.38,95.43,292,53,8
2026-01-23,SKU_014,8,STORE_02,0,0,Sunny,24.7,Groceries,114.03,157.27,120,69,7
2026-01-23,SKU_015,6,STORE_02,0,0,Sunny,24.7,Home & Kitchen,28.9,40.43,190,49,3
2026-01-23,SKU_016,30,STORE_01,0,0,Sunny,24.7,Home & Kitchen,66.47,120.94,211,98,3
2026-01-23,SKU_017,25,STORE_02,0,0,Sunny,24.7,Electronics,97.91,176.78,209,72,3
2026-01-23,SKU_018,11,STORE_02,0,0,Sunny,24.7,Groceries,129.16,218.5,226,56,14
2026-01-23,SKU_019,18,STORE_02,0,0,Sunny,24.7,Apparel,107.94,154.53,202,92,8
2026-01-23,SKU_020,11,STORE_03,0,0,Sunny,24.7,Apparel,91.87,157.08,203,69,8
2026-01-24,SKU_001,36,STORE_02,0,0,Stormy,28.5,Groceries,89.11,173.34,225,59,3
2026-01-24,SKU_002,21,STORE_01,0,0,Stormy,28.5,Groceries,93.67,139.52,92,48,10
2026-01-24,SKU_003,20,STORE_03,0,0,Stormy,28.5,Apparel,76.77,144.31,39,57,13
2026-01-24,SKU_004,18,STORE_02,0,0,Stormy,28.5,Apparel,50.71,93.58,178,31,14
2026-01-24,SKU_005,9,STORE_02,0,0,Stormy,28.5,Home & Kitchen,144.78,283.08,13,91,9
2026-01-24,SKU_006,9,STORE_02,0,0,Stormy,28.5,Home & Kitchen,34.27,61.62,116,37,13
2026-01-24,SKU_007,20,STORE_03,0,0,Stormy,28.5,Groceries,63.35,111.77,59,50,13
2026-01-24,SKU_008,74,STORE_03,0,0,Stormy,28.5,Apparel,77.29,104.6,103,100,13
2026-01-24,SKU_009,25,STORE_02,0,0,Stormy,28.5,Electronics,13.65,22.2,97,26,5
2026-01-24,SKU_010,8,STORE_03,0,0,Stormy,28.5,Apparel,54.66,105.41,220,66,9
2026-01-24,SKU_011,28,STORE_01,0,0,Stormy,28.5,Home & Kitchen,41.13,78.19,257,73,13
2026-01-24,SKU_012,19,STORE_01,0,0,Stormy,28.5,Home & Kitchen,138.43,215.85,73,53,5
2026-01-24,SKU_013,13,STORE_03,0,0,Stormy,28.5,Groceries,63.38,95.43,292,53,8
2026-01-24,SKU_014,36,STORE_01,0,0,Stormy,28.5,Groceries,114.03,157.27,120,69,7
2026-01-24,SKU_015,19,STORE_03,0,0,Stormy,28.5,Home & Kitchen,28.9,40.43,190,49,3
2026-01-24,SKU_016,15,STORE_02,0,0,Stormy,28.5,Home & Kitchen,66.47,120.94,211,98,3
2026-01-24,SKU_017,16,STORE_02,0,0,Stormy,28.5,Electronics,97.91,176.78,209,72,3
2026-01-24,SKU_018,19,STORE_01,0,0,Stormy,28.5,Groceries,129.16,218.5,226,56,14
2026-01-24,SKU_019,30,STORE_02,0,0,Stormy,28.5,Apparel,107.94,154.53,202,92,8
2026-01-24,SKU_020,5,STORE_01,0,0,Stormy,28.5,Apparel,91.87,157.08,203,69,8
2026-01-25,SKU_001,8,STORE_03,0,0,Stormy,16.5,Groceries,89.11,173.34,225,59,3
2026-01-25,SKU_002,24,STORE_02,0,0,Stormy,16.5,Groceries,93.67,139.52,92,48,10
2026-01-25,SKU_003,22,STORE_03,0,0,Stormy,16.5,Apparel,76.77,144.31,39,57,13
2026-01-25,SKU_004,22,STORE_01,0,0,Stormy,16.5,Apparel,50.71,93.58,178,31,14
2026-01-25,SKU_005,36,STORE_02,0,0,Stormy,16.5,Home & Kitchen,144.78,283.08,13,91,9
2026-01-25,SKU_006,30,STORE_03,0,0,Stormy,16.5,Home & Kitchen,34.27,61.62,116,37,13
2026-01-25,SKU_007,40,STORE_03,0,0,Stormy,16.5,Groceries,63.35,111.77,59,50,13
2026-01-25,SKU_008,21,STORE_01,0,0,Stormy,16.5,Apparel,77.29,104.6,103,100,13
2026-01-25,SKU_009,14,STORE_01,0,0,Stormy,16.5,Electronics,13.65,22.2,97,26,5
2026-01-25,SKU_010,13,STORE_01,0,0,Stormy,16.5,Apparel,54.66,105.41,220,66,9
2026-01-25,SKU_011,20,STORE_02,0,0,Stormy,16.5,Home & Kitchen,41.13,78.19,257,73,13
2026-01-25,SKU_012,23,STORE_03,0,0,Stormy,16.5,Home & Kitchen,138.43,215.85,73,53,5
2026-01-25,SKU_013,23,STORE_03,0,0,Stormy,16.5,Groceries,63.38,95.43,292,53,8
2026-01-25,SKU_014,12,STORE_01,0,0,Stormy,16.5,Groceries,114.03,157.27,120,69,7
2026-01-25,SKU_015,36,STORE_03,0,0,Stormy,16.5,Home & Kitchen,28.9,40.43,190,49,3
2026-01-25,SKU_016,23,STORE_03,0,0,Stormy,16.5,Home & Kitchen,66.47,120.94,211,98,3
2026-01-25,SKU_017,41,STORE_01,0,0,Stormy,16.5,Electronics,97.91,176.78,209,72,3
2026-01-25,SKU_018,37,STORE_02,0,0,Stormy,16.5,Groceries,129.16,218.5,226,56,14
2026-01-25,SKU_019,20,STORE_02,0,0,Stormy,16.5,Apparel,107.94,154.53,202,92,8
2026-01-25,SKU_020,30,STORE_02,0,0,Stormy,16.5,Apparel,91.87,157.08,203,69,8
2026-01-26,SKU_001,28,STORE_01,0,0,Stormy,17.1,Groceries,89.11,173.34,225,59,3
2026-01-26,SKU_002,22,STORE_03,0,0,Stormy,17.1,Groceries,93.67,139.52,92,48,10
2026-01-26,SKU_003,24,STORE_03,0,0,Stormy,17.1,Apparel,76.77,144.31,39,57,13
2026-01-26,SKU_004,20,STORE_02,0,0,Stormy,17.1,Apparel,50.71,93.58,178,31,14
2026-01-26,SKU_005,26,STORE_03,0,0,Stormy,17.1,Home & Kitchen,144.78,283.08,13,91,9
2026-01-26,SKU_006,18,STORE_02,0,0,Stormy,17.1,Home & Kitchen,34.27,61.62,116,37,13
2026-01-26,SKU_007,27,STORE_02,0,0,Stormy,17.1,Groceries,63.35,111.77,59,50,13
2026-01-26,SKU_008,15,STORE_01,0,0,Stormy,17.1,Apparel,77.29,104.6,103,100,13
2026-01-26,SKU_009,14,STORE_01,0,0,Stormy,17.1,Electronics,13.65,22.2,97,26,5
2026-01-26,SKU_010,21,STORE_02,0,0,Stormy,17.1,Apparel,54.66,105.41,220,66,9
2026-01-26,SKU_011,10,STORE_02,0,0,Stormy,17.1,Home & Kitchen,41.13,78.19,257,73,13
2026-01-26,SKU_012,21,STORE_02,0,0,Stormy,17.1,Home & Kitchen,138.43,215.85,73,53,5
2026-01-26,SKU_013,19,STORE_01,0,0,Stormy,17.1,Groceries,63.38,95.43,292,53,8
2026-01-26,SKU_014,14,STORE_03,0,0,Stormy,17.1,Groceries,114.03,157.27,120,69,7
2026-01-26,SKU_015,11,STORE_03,0,0,Stormy,17.1,Home & Kitchen,28.9,40.43,190,49,3
2026-01-26,SKU_016,10,STORE_02,0,0,Stormy,17.1,Home & Kitchen,66.47,120.94,211,98,3
2026-01-26,SKU_017,19,STORE_01,0,0,Stormy,17.1,Electronics,97.91,176.78,209,72,3
2026-01-26,SKU_018,23,STORE_02,0,0,Stormy,17.1,Groceries,129.16,218.5,226,56,14
2026-01-26,SKU_019,29,STORE_02,0,0,Stormy,17.1,Apparel,107.94,154.53,202,92,8
2026-01-26,SKU_020,8,STORE_01,0,0,Stormy,17.1,Apparel,91.87,157.08,203,69,8
2026-01-27,SKU_001,3,STORE_01,0,0,Sunny,17.8,Groceries,89.11,173.34,225,59,3
2026-01-27,SKU_002,17,STORE_01,0,0,Sunny,17.8,Groceries,93.67,139.52,92,48,10
2026-01-27,SKU_003,10,STORE_02,0,0,Sunny,17.8,Apparel,76.77,144.31,39,57,13
2026-01-27,SKU_004,16,STORE_03,0,0,Sunny,17.8,Apparel,50.71,93.58,178,31,14
2026-01-27,SKU_005,12,STORE_01,0,0,Sunny,17.8,Home & Kitchen,144.78,283.08,13,91,9
2026-01-27,SKU_006,21,STORE_02,0,0,Sunny,17.8,Home & Kitchen,34.27,61.62,116,37,13
2026-01-27,SKU_007,9,STORE_01,0,0,Sunny,17.8,Groceries,63.35,111.77,59,50,13
2026-01-27,SKU_008,11,STORE_02,0,0,Sunny,17.8,Apparel,77.29,104.6,103,100,13
2026-01-27,SKU_009,23,STORE_02,0,0,Sunny,17.8,Electronics,13.65,22.2,97,26,5
2026-01-27,SKU_010,14,STORE_03,0,0,Sunny,17.8,Apparel,54.66,105.41,220,66,9
2026-01-27,SKU_011,21,STORE_03,0,0,Sunny,17.8,Home & Kitchen,41.13,78.19,257,73,13
2026-01-27,SKU_012,0,STORE_01,0,0,Sunny,17.8,Home & Kitchen,138.43,215.85,73,53,5
2026-01-27,SKU_013,18,STORE_01,0,0,Sunny,17.8,Groceries,63.38,95.43,292,53,8
2026-01-27,SKU_014,16,STORE_01,0,0,Sunny,17.8,Groceries,114.03,157.27,120,69,7
2026-01-27,SKU_015,25,STORE_03,0,0,Sunny,17.8,Home & Kitchen,28.9,40.43,190,49,3
2026-01-27,SKU_016,25,STORE_01,0,0,Sunny,17.8,Home & Kitchen,66.47,120.94,211,98,3
2026-01-27,SKU_017,1,STORE_01,0,0,Sunny,17.8,Electronics,97.91,176.78,209,72,3
2026-01-27,SKU_018,15,STORE_03,0,0,Sunny,17.8,Groceries,129.16,218.5,226,56,14
2026-01-27,SKU_019,6,STORE_01,0,0,Sunny,17.8,Apparel,107.94,154.53,202,92,8
2026-01-27,SKU_020,7,STORE_01,0,0,Sunny,17.8,Apparel,91.87,157.08,203,69,8
2026-01-28,SKU_001,31,STORE_02,0,0,Sunny,24.1,Groceries,89.11,173.34,225,59,3
2026-01-28,SKU_002,26,STORE_02,0,0,Sunny,24.1,Groceries,93.67,139.52,92,48,10
2026-01-28,SKU_003,30,STORE_02,0,0,Sunny,24.1,Apparel,76.77,144.31,39,57,13
2026-01-28,SKU_004,12,STORE_02,0,0,Sunny,24.1,Apparel,50.71,93.58,178,31,14
2026-01-28,SKU_005,26,STORE_03,0,0,Sunny,24.1,Home & Kitchen,144.78,283.08,13,91,9
2026-01-28,SKU_006,14,STORE_03,0,0,Sunny,24.1,Home & Kitchen,34.27,61.62,116,37,13
2026-01-28,SKU_007,27,STORE_03,0,0,Sunny,24.1,Groceries,63.35,111.77,59,50,13
2026-01-28,SKU_008,17,STORE_01,0,0,Sunny,24.1,Apparel,77.29,104.6,103,100,13
2026-01-28,SKU_009,12,STORE_03,0,0,Sunny,24.1,Electronics,13.65,22.2,97,26,5
2026-01-28,SKU_010,25,STORE_02,0,0,Sunny,24.1,Apparel,54.66,105.41,220,66,9
2026-01-28,SKU_011,26,STORE_03,0,0,Sunny,24.1,Home & Kitchen,41.13,78.19,257,73,13
2026-01-28,SKU_012,3,STORE_02,0,0,Sunny,24.1,Home & Kitchen,138.43,215.85,73,53,5
2026-01-28,SKU_013,22,STORE_01,0,0,Sunny,24.1,Groceries,63.38,95.43,292,53,8
2026-01-28,SKU_014,28,STORE_03,0,0,Sunny,24.1,Groceries,114.03,157.27,120,69,7
2026-01-28,SKU_015,7,STORE_01,0,0,Sunny,24.1,Home & Kitchen,28.9,40.43,190,49,3
2026-01-28,SKU_016,28,STORE_01,0,0,Sunny,24.1,Home & Kitchen,66.47,120.94,211,98,3
2026-01-28,SKU_017,17,STORE_01,0,0,Sunny,24.1,Electronics,97.91,176.78,209,72,3
2026-01-28,SKU_018,19,STORE_02,0,0,Sunny,24.1,Groceries,129.16,218.5,226,56,14
2026-01-28,SKU_019,22,STORE_01,0,0,Sunny,24.1,Apparel,107.94,154.53,202,92,8
2026-01-28,SKU_020,20,STORE_02,0,0,Sunny,24.1,Apparel,91.87,157.08,203,69,8
2026-01-29,SKU_001,17,STORE_01,0,0,Sunny,16.5,Groceries,89.11,173.34,225,59,3
2026-01-29,SKU_002,23,STORE_01,0,0,Sunny,16.5,Groceries,93.67,139.52,92,48,10
2026-01-29,SKU_003,24,STORE_02,0,0,Sunny,16.5,Apparel,76.77,144.31,39,57,13
2026-01-29,SKU_004,17,STORE_03,0,0,Sunny,16.5,Apparel,50.71,93.58,178,31,14
2026-01-29,SKU_005,24,STORE_01,0,0,Sunny,16.5,Home & Kitchen,144.78,283.08,13,91,9
2026-01-29,SKU_006,25,STORE_02,0,0,Sunny,16.5,Home & Kitchen,34.27,61.62,116,37,13
2026-01-29,SKU_007,25,STORE_02,0,0,Sunny,16.5,Groceries,63.35,111.77,59,50,13
2026-01-29,SKU_008,25,STORE_01,0,0,Sunny,16.5,Apparel,77.29,104.6,103,100,13
2026-01-29,SKU_009,35,STORE_03,0,0,Sunny,16.5,Electronics,13.65,22.2,97,26,5
2026-01-29,SKU_010,13,STORE_03,0,0,Sunny,16.5,Apparel,54.66,105.41,220,66,9
2026-01-29,SKU_011,20,STORE_02,0,0,Sunny,16.5,Home & Kitchen,41.13,78.19,257,73,13
2026-01-29,SKU_012,20,STORE_01,0,0,Sunny,16.5,Home & Kitchen,138.43,215.85,73,53,5
2026-01-29,SKU_013,27,STORE_02,0,0,Sunny,16.5,Groceries,63.38,95.43,292,53,8
2026-01-29,SKU_014,9,STORE_03,0,0,Sunny,16.5,Groceries,114.03,157.27,120,69,7
2026-01-29,SKU_015,9,STORE_01,0,0,Sunny,16.5,Home & Kitchen,28.9,40.43,190,49,3
2026-01-29,SKU_016,15,STORE_03,0,0,Sunny,16.5,Home & Kitchen,66.47,120.94,211,98,3
2026-01-29,SKU_017,4,STORE_02,0,0,Sunny,16.5,Electronics,97.91,176.78,209,72,3
2026-01-29,SKU_018,12,STORE_02,0,0,Sunny,16.5,Groceries,129.16,218.5,226,56,14
2026-01-29,SKU_019,25,STORE_02,0,0,Sunny,16.5,Apparel,107.94,154.53,202,92,8
2026-01-29,SKU_020,17,STORE_03,0,0,Sunny,16.5,Apparel,91.87,157.08,203,69,8
2026-01-30,SKU_001,64,STORE_03,0,0,Clear,34.6,Groceries,89.11,173.34,225,59,3
2026-01-30,SKU_002,30,STORE_03,0,0,Clear,34.6,Groceries,93.67,139.52,92,48,10
2026-01-30,SKU_003,19,STORE_01,0,0,Clear,34.6,Apparel,76.77,144.31,39,57,13
2026-01-30,SKU_004,19,STORE_02,0,0,Clear,34.6,Apparel,50.71,93.58,178,31,14
2026-01-30,SKU_005,7,STORE_01,0,0,Clear,34.6,Home & Kitchen,144.78,283.08,13,91,9
2026-01-30,SKU_006,23,STORE_02,0,0,Clear,34.6,Home & Kitchen,34.27,61.62,116,37,13
2026-01-30,SKU_007,14,STORE_01,0,0,Clear,34.6,Groceries,63.35,111.77,59,50,13
2026-01-30,SKU_008,8,STORE_01,0,0,Clear,34.6,Apparel,77.29,104.6,103,100,13
2026-01-30,SKU_009,18,STORE_02,0,0,Clear,34.6,Electronics,13.65,22.2,97,26,5
2026-01-30,SKU_010,9,STORE_03,0,0,Clear,34.6,Apparel,54.66,105.41,220,66,9
2026-01-30,SKU_011,23,STORE_02,0,0,Clear,34.6,Home & Kitchen,41.13,78.19,257,73,13
2026-01-30,SKU_012,15,STORE_01,0,0,Clear,34.6,Home & Kitchen,138.43,215.85,73,53,5
2026-01-30,SKU_013,10,STORE_03,0,0,Clear,34.6,Groceries,63.38,95.43,292,53,8
2026-01-30,SKU_014,4,STORE_01,0,0,Clear,34.6,Groceries,114.03,157.27,120,69,7
2026-01-30,SKU_015,20,STORE_02,0,0,Clear,34.6,Home & Kitchen,28.9,40.43,190,49,3
2026-01-30,SKU_016,33,STORE_03,0,0,Clear,34.6,Home & Kitchen,66.47,120.94,211,98,3
2026-01-30,SKU_017,25,STORE_02,0,0,Clear,34.6,Electronics,97.91,176.78,209,72,3
2026-01-30,SKU_018,10,STORE_02,0,0,Clear,34.6,Groceries,129.16,218.5,226,56,14
2026-01-30,SKU_019,22,STORE_03,0,0,Clear,34.6,Apparel,107.94,154.53,202,92,8
2026-01-30,SKU_020,21,STORE_03,0,0,Clear,34.6,Apparel,91.87,157.08,203,69,8
2026-01-31,SKU_001,27,STORE_03,0,0,Clear,29.5,Groceries,89.11,173.34,225,59,3
2026-01-31,SKU_002,9,STORE_03,0,0,Clear,29.5,Groceries,93.67,139.52,92,48,10
2026-01-31,SKU_003,13,STORE_02,0,0,Clear,29.5,Apparel,76.77,144.31,39,57,13
2026-01-31,SKU_004,36,STORE_03,0,0,Clear,29.5,Apparel,50.71,93.58,178,31,14
2026-01-31,SKU_005,21,STORE_01,0,0,Clear,29.5,Home & Kitchen,144.78,283.08,13,91,9
2026-01-31,SKU_006,23,STORE_01,0,0,Clear,29.5,Home & Kitchen,34.27,61.62,116,37,13
2026-01-31,SKU_007,12,STORE_03,0,0,Clear,29.5,Groceries,63.35,111.77,59,50,13
2026-01-31,SKU_008,32,STORE_01,0,0,Clear,29.5,Apparel,77.29,104.6,103,100,13
2026-01-31,SKU_009,25,STORE_02,0,0,Clear,29.5,Electronics,13.65,22.2,97,26,5
2026-01-31,SKU_010,30,STORE_03,0,0,Clear,29.5,Apparel,54.66,105.41,220,66,9
2026-01-31,SKU_011,15,STORE_02,0,0,Clear,29.5,Home & Kitchen,41.13,78.19,257,73,13
2026-01-31,SKU_012,18,STORE_02,0,0,Clear,29.5,Home & Kitchen,138.43,215.85,73,53,5
2026-01-31,SKU_013,24,STORE_03,0,0,Clear,29.5,Groceries,63.38,95.43,292,53,8
2026-01-31,SKU_014,25,STORE_03,0,0,Clear,29.5,Groceries,114.03,157.27,120,69,7
2026-01-31,SKU_015,17,STORE_02,0,0,Clear,29.5,Home & Kitchen,28.9,40.43,190,49,3
2026-01-31,SKU_016,33,STORE_02,0,0,Clear,29.5,Home & Kitchen,66.47,120.94,211,98,3
2026-01-31,SKU_017,14,STORE_03,0,0,Clear,29.5,Electronics,97.91,176.78,209,72,3
2026-01-31,SKU_018,32,STORE_01,0,0,Clear,29.5,Groceries,129.16,218.5,226,56,14
2026-01-31,SKU_019,13,STORE_01,0,0,Clear,29.5,Apparel,107.94,154.53,202,92,8
2026-01-31,SKU_020,80,STORE_02,0,0,Clear,29.5,Apparel,91.87,157.08,203,69,8
2026-02-01,SKU_001,37,STORE_03,0,0,Rainy,33.9,Groceries,89.11,173.34,225,59,3
2026-02-01,SKU_002,133,STORE_02,0,0,Rainy,33.9,Groceries,93.67,139.52,92,48,10
2026-02-01,SKU_003,23,STORE_01,0,0,Rainy,33.9,Apparel,76.77,144.31,39,57,13
2026-02-01,SKU_004,139,STORE_03,0,0,Rainy,33.9,Apparel,50.71,93.58,178,31,14
2026-02-01,SKU_005,15,STORE_01,0,0,Rainy,33.9,Home & Kitchen,144.78,283.08,13,91,9
2026-02-01,SKU_006,36,STORE_01,0,0,Rainy,33.9,Home & Kitchen,34.27,61.62,116,37,13
2026-02-01,SKU_007,35,STORE_03,0,0,Rainy,33.9,Groceries,63.35,111.77,59,50,13
2026-02-01,SKU_008,17,STORE_02,0,0,Rainy,33.9,Apparel,77.29,104.6,103,100,13
2026-02-01,SKU_009,15,STORE_01,0,0,Rainy,33.9,Electronics,13.65,22.2,97,26,5
2026-02-01,SKU_010,7,STORE_01,0,0,Rainy,33.9,Apparel,54.66,105.41,220,66,9
2026-02-01,SKU_011,17,STORE_02,0,0,Rainy,33.9,Home & Kitchen,41.13,78.19,257,73,13
2026-02-01,SKU_012,21,STORE_03,0,0,Rainy,33.9,Home & Kitchen,138.43,215.85,73,53,5
2026-02-01,SKU_013,8,STORE_02,0,0,Rainy,33.9,Groceries,63.38,95.43,292,53,8
2026-02-01,SKU_014,75,STORE_02,0,0,Rainy,33.9,Groceries,114.03,157.27,120,69,7
2026-02-01,SKU_015,9,STORE_01,0,0,Rainy,33.9,Home & Kitchen,28.9,40.43,190,49,3
2026-02-01,SKU_016,13,STORE_03,0,0,Rainy,33.9,Home & Kitchen,66.47,120.94,211,98,3
2026-02-01,SKU_017,24,STORE_03,0,0,Rainy,33.9,Electronics,97.91,176.78,209,72,3
2026-02-01,SKU_018,32,STORE_02,0,0,Rainy,33.9,Groceries,129.16,218.5,226,56,14
2026-02-01,SKU_019,13,STORE_03,0,0,Rainy,33.9,Apparel,107.94,154.53,202,92,8
2026-02-01,SKU_020,25,STORE_02,0,0,Rainy,33.9,Apparel,91.87,157.08,203,69,8
2026-02-02,SKU_001,14,STORE_03,0,0,Sunny,31.8,Groceries,89.11,173.34,225,59,3
2026-02-02,SKU_002,14,STORE_02,0,0,Sunny,31.8,Groceries,93.67,139.52,92,48,10
2026-02-02,SKU_003,24,STORE_01,0,0,Sunny,31.8,Apparel,76.77,144.31,39,57,13
2026-02-02,SKU_004,6,STORE_01,0,0,Sunny,31.8,Apparel,50.71,93.58,178,31,14
2026-02-02,SKU_005,20,STORE_01,0,0,Sunny,31.8,Home & Kitchen,144.78,283.08,13,91,9
2026-02-02,SKU_006,2,STORE_03,0,0,Sunny,31.8,Home & Kitchen,34.27,61.62,116,37,13
2026-02-02,SKU_007,8,STORE_01,0,0,Sunny,31.8,Groceries,63.35,111.77,59,50,13
2026-02-02,SKU_008,28,STORE_01,0,0,Sunny,31.8,Apparel,77.29,104.6,103,100,13
2026-02-02,SKU_009,22,STORE_02,0,0,Sunny,31.8,Electronics,13.65,22.2,97,26,5
2026-02-02,SKU_010,25,STORE_01,0,0,Sunny,31.8,Apparel,54.66,105.41,220,66,9
2026-02-02,SKU_011,10,STORE_02,0,0,Sunny,31.8,Home & Kitchen,41.13,78.19,257,73,13
2026-02-02,SKU_012,14,STORE_01,0,0,Sunny,31.8,Home & Kitchen,138.43,215.85,73,53,5
2026-02-02,SKU_013,14,STORE_03,0,0,Sunny,31.8,Groceries,63.38,95.43,292,53,8
2026-02-02,SKU_014,16,STORE_02,0,0,Sunny,31.8,Groceries,114.03,157.27,120,69,7
2026-02-02,SKU_015,22,STORE_03,0,0,Sunny,31.8,Home & Kitchen,28.9,40.43,190,49,3
2026-02-02,SKU_016,28,STORE_03,0,0,Sunny,31.8,Home & Kitchen,66.47,120.94,211,98,3
2026-02-02,SKU_017,5,STORE_03,0,0,Sunny,31.8,Electronics,97.91,176.78,209,72,3
2026-02-02,SKU_018,31,STORE_03,0,0,Sunny,31.8,Groceries,129.16,218.5,226,56,14
2026-02-02,SKU_019,16,STORE_02,0,0,Sunny,31.8,Apparel,107.94,154.53,202,92,8
2026-02-02,SKU_020,2,STORE_03,0,0,Sunny,31.8,Apparel,91.87,157.08,203,69,8
2026-02-03,SKU_001,20,STORE_01,0,0,Stormy,32.5,Groceries,89.11,173.34,225,59,3
2026-02-03,SKU_002,14,STORE_01,0,0,Stormy,32.5,Groceries,93.67,139.52,92,48,10
2026-02-03,SKU_003,28,STORE_03,0,0,Stormy,32.5,Apparel,76.77,144.31,39,57,13
2026-02-03,SKU_004,8,STORE_01,0,0,Stormy,32.5,Apparel,50.71,93.58,178,31,14
2026-02-03,SKU_005,26,STORE_03,0,0,Stormy,32.5,Home & Kitchen,144.78,283.08,13,91,9
2026-02-03,SKU_006,13,STORE_03,0,0,Stormy,32.5,Home & Kitchen,34.27,61.62,116,37,13
2026-02-03,SKU_007,2,STORE_01,0,0,Stormy,32.5,Groceries,63.35,111.77,59,50,13
2026-02-03,SKU_008,18,STORE_03,0,0,Stormy,32.5,Apparel,77.29,104.6,103,100,13
2026-02-03,SKU_009,2,STORE_01,0,0,Stormy,32.5,Electronics,13.65,22.2,97,26,5
2026-02-03,SKU_010,25,STORE_03,0,0,Stormy,32.5,Apparel,54.66,105.41,220,66,9
2026-02-03,SKU_011,15,STORE_01,0,0,Stormy,32.5,Home & Kitchen,41.13,78.19,257,73,13
2026-02-03,SKU_012,13,STORE_01,0,0,Stormy,32.5,Home & Kitchen,138.43,215.85,73,53,5
2026-02-03,SKU_013,20,STORE_01,0,0,Stormy,32.5,Groceries,63.38,95.43,292,53,8
2026-02-03,SKU_014,14,STORE_02,0,0,Stormy,32.5,Groceries,114.03,157.27,120,69,7
2026-02-03,SKU_015,9,STORE_03,0,0,Stormy,32.5,Home & Kitchen,28.9,40.43,190,49,3
2026-02-03,SKU_016,25,STORE_01,0,0,Stormy,32.5,Home & Kitchen,66.47,120.94,211,98,3
2026-02-03,SKU_017,22,STORE_02,0,0,Stormy,32.5,Electronics,97.91,176.78,209,72,3
2026-02-03,SKU_018,7,STORE_02,0,0,Stormy,32.5,Groceries,129.16,218.5,226,56,14
2026-02-03,SKU_019,23,STORE_02,0,0,Stormy,32.5,Apparel,107.94,154.53,202,92,8
2026-02-03,SKU_020,25,STORE_01,0,0,Stormy,32.5,Apparel,91.87,157.08,203,69,8
2026-02-04,SKU_001,20,STORE_01,0,0,Sunny,19.9,Groceries,89.11,173.34,225,59,3
2026-02-04,SKU_002,4,STORE_03,0,0,Sunny,19.9,Groceries,93.67,139.52,92,48,10
2026-02-04,SKU_003,17,STORE_03,0,0,Sunny,19.9,Apparel,76.77,144.31,39,57,13
2026-02-04,SKU_004,20,STORE_01,0,0,Sunny,19.9,Apparel,50.71,93.58,178,31,14
2026-02-04,SKU_005,13,STORE_01,0,0,Sunny,19.9,Home & Kitchen,144.78,283.08,13,91,9
2026-02-04,SKU_006,4,STORE_03,0,0,Sunny,19.9,Home & Kitchen,34.27,61.62,116,37,13
2026-02-04,SKU_007,27,STORE_03,0,0,Sunny,19.9,Groceries,63.35,111.77,59,50,13
2026-02-04,SKU_008,9,STORE_03,0,0,Sunny,19.9,Apparel,77.29,104.6,103,100,13
2026-02-04,SKU_009,17,STORE_01,0,0,Sunny,19.9,Electronics,13.65,22.2,97,26,5
2026-02-04,SKU_010,28,STORE_02,0,0,Sunny,19.9,Apparel,54.66,105.41,220,66,9
2026-02-04,SKU_011,4,STORE_03,0,0,Sunny,19.9,Home & Kitchen,41.13,78.19,257,73,13
2026-02-04,SKU_012,14,STORE_03,0,0,Sunny,19.9,Home & Kitchen,138.43,215.85,73,53,5
2026-02-04,SKU_013,16,STORE_03,0,0,Sunny,19.9,Groceries,63.38,95.43,292,53,8
2026-02-04,SKU_014,13,STORE_01,0,0,Sunny,19.9,Groceries,114.03,157.27,120,69,7
2026-02-04,SKU_015,18,STORE_01,0,0,Sunny,19.9,Home & Kitchen,28.9,40.43,190,49,3
2026-02-04,SKU_016,1,STORE_02,0,0,Sunny,19.9,Home & Kitchen,66.47,120.94,211,98,3
2026-02-04,SKU_017,10,STORE_02,0,0,Sunny,19.9,Electronics,97.91,176.78,209,72,3
2026-02-04,SKU_018,29,STORE_03,0,0,Sunny,19.9,Groceries,129.16,218.5,226,56,14
2026-02-04,SKU_019,14,STORE_03,0,0,Sunny,19.9,Apparel,107.94,154.53,202,92,8
2026-02-04,SKU_020,19,STORE_02,0,0,Sunny,19.9,Apparel,91.87,157.08,203,69,8
2026-02-05,SKU_001,10,STORE_02,0,0,Stormy,22.1,Groceries,89.11,173.34,225,59,3
2026-02-05,SKU_002,10,STORE_01,0,0,Stormy,22.1,Groceries,93.67,139.52,92,48,10
2026-02-05,SKU_003,28,STORE_01,0,0,Stormy,22.1,Apparel,76.77,144.31,39,57,13
2026-02-05,SKU_004,19,STORE_02,0,0,Stormy,22.1,Apparel,50.71,93.58,178,31,14
2026-02-05,SKU_005,27,STORE_02,0,0,Stormy,22.1,Home & Kitchen,144.78,283.08,13,91,9
2026-02-05,SKU_006,6,STORE_03,0,0,Stormy,22.1,Home & Kitchen,34.27,61.62,116,37,13
2026-02-05,SKU_007,5,STORE_01,0,0,Stormy,22.1,Groceries,63.35,111.77,59,50,13
2026-02-05,SKU_008,15,STORE_01,0,0,Stormy,22.1,Apparel,77.29,104.6,103,100,13
2026-02-05,SKU_009,7,STORE_02,0,0,Stormy,22.1,Electronics,13.65,22.2,97,26,5
2026-02-05,SKU_010,20,STORE_01,0,0,Stormy,22.1,Apparel,54.66,105.41,220,66,9
2026-02-05,SKU_011,16,STORE_02,0,0,Stormy,22.1,Home & Kitchen,41.13,78.19,257,73,13
2026-02-05,SKU_012,20,STORE_02,0,0,Stormy,22.1,Home & Kitchen,138.43,215.85,73,53,5
2026-02-05,SKU_013,6,STORE_03,0,0,Stormy,22.1,Groceries,63.38,95.43,292,53,8
2026-02-05,SKU_014,28,STORE_02,0,0,Stormy,22.1,Groceries,114.03,157.27,120,69,7
2026-02-05,SKU_015,14,STORE_02,0,0,Stormy,22.1,Home & Kitchen,28.9,40.43,190,49,3
2026-02-05,SKU_016,20,STORE_01,0,0,Stormy,22.1,Home & Kitchen,66.47,120.94,211,98,3
2026-02-05,SKU_017,21,STORE_03,0,0,Stormy,22.1,Electronics,97.91,176.78,209,72,3
2026-02-05,SKU_018,20,STORE_02,0,0,Stormy,22.1,Groceries,129.16,218.5,226,56,14
2026-02-05,SKU_019,14,STORE_02,0,0,Stormy,22.1,Apparel,107.94,154.53,202,92,8
2026-02-05,SKU_020,12,STORE_02,0,0,Stormy,22.1,Apparel,91.87,157.08,203,69,8
2026-02-06,SKU_001,24,STORE_03,0,0,Stormy,31.6,Groceries,89.11,173.34,225,59,3
2026-02-06,SKU_002,23,STORE_02,0,0,Stormy,31.6,Groceries,93.67,139.52,92,48,10
2026-02-06,SKU_003,8,STORE_01,0,0,Stormy,31.6,Apparel,76.77,144.31,39,57,13
2026-02-06,SKU_004,11,STORE_02,0,0,Stormy,31.6,Apparel,50.71,93.58,178,31,14
2026-02-06,SKU_005,33,STORE_01,0,0,Stormy,31.6,Home & Kitchen,144.78,283.08,13,91,9
2026-02-06,SKU_006,14,STORE_02,0,0,Stormy,31.6,Home & Kitchen,34.27,61.62,116,37,13
2026-02-06,SKU_007,9,STORE_02,0,0,Stormy,31.6,Groceries,63.35,111.77,59,50,13
2026-02-06,SKU_008,19,STORE_02,0,0,Stormy,31.6,Apparel,77.29,104.6,103,100,13
2026-02-06,SKU_009,11,STORE_03,0,0,Stormy,31.6,Electronics,13.65,22.2,97,26,5
2026-02-06,SKU_010,19,STORE_02,0,0,Stormy,31.6,Apparel,54.66,105.41,220,66,9
2026-02-06,SKU_011,11,STORE_01,0,0,Stormy,31.6,Home & Kitchen,41.13,78.19,257,73,13
2026-02-06,SKU_012,10,STORE_03,0,0,Stormy,31.6,Home & Kitchen,138.43,215.85,73,53,5
2026-02-06,SKU_013,21,STORE_02,0,0,Stormy,31.6,Groceries,63.38,95.43,292,53,8
2026-02-06,SKU_014,50,STORE_02,0,0,Stormy,31.6,Groceries,114.03,157.27,120,69,7
2026-02-06,SKU_015,16,STORE_01,0,0,Stormy,31.6,Home & Kitchen,28.9,40.43,190,49,3
2026-02-06,SKU_016,30,STORE_03,0,0,Stormy,31.6,Home & Kitchen,66.47,120.94,211,98,3
2026-02-06,SKU_017,30,STORE_03,0,0,Stormy,31.6,Electronics,97.91,176.78,209,72,3
2026-02-06,SKU_018,7,STORE_01,0,0,Stormy,31.6,Groceries,129.16,218.5,226,56,14
2026-02-06,SKU_019,19,STORE_03,0,0,Stormy,31.6,Apparel,107.94,154.53,202,92,8
2026-02-06,SKU_020,21,STORE_03,0,0,Stormy,31.6,Apparel,91.87,157.08,203,69,8
2026-02-07,SKU_001,27,STORE_03,0,0,Sunny,27.0,Groceries,89.11,173.34,225,59,3
2026-02-07,SKU_002,7,STORE_01,0,0,Sunny,27.0,Groceries,93.67,139.52,92,48,10
2026-02-07,SKU_003,26,STORE_01,0,0,Sunny,27.0,Apparel,76.77,144.31,39,57,13
2026-02-07,SKU_004,31,STORE_02,0,0,Sunny,27.0,Apparel,50.71,93.58,178,31,14
2026-02-07,SKU_005,29,STORE_02,0,0,Sunny,27.0,Home & Kitchen,144.78,283.08,13,91,9
2026-02-07,SKU_006,22,STORE_03,0,0,Sunny,27.0,Home & Kitchen,34.27,61.62,116,37,13
2026-02-07,SKU_007,40,STORE_01,0,0,Sunny,27.0,Groceries,63.35,111.77,59,50,13
2026-02-07,SKU_008,18,STORE_03,0,0,Sunny,27.0,Apparel,77.29,104.6,103,100,13
2026-02-07,SKU_009,31,STORE_01,0,0,Sunny,27.0,Electronics,13.65,22.2,97,26,5
2026-02-07,SKU_010,29,STORE_01,0,0,Sunny,27.0,Apparel,54.66,105.41,220,66,9
2026-02-07,SKU_011,37,STORE_02,0,0,Sunny,27.0,Home & Kitchen,41.13,78.19,257,73,13
2026-02-07,SKU_012,6,STORE_03,0,0,Sunny,27.0,Home & Kitchen,138.43,215.85,73,53,5
2026-02-07,SKU_013,35,STORE_02,0,0,Sunny,27.0,Groceries,63.38,95.43,292,53,8
2026-02-07,SKU_014,30,STORE_02,0,0,Sunny,27.0,Groceries,114.03,157.27,120,69,7
2026-02-07,SKU_015,36,STORE_02,0,0,Sunny,27.0,Home & Kitchen,28.9,40.43,190,49,3
2026-02-07,SKU_016,9,STORE_01,0,0,Sunny,27.0,Home & Kitchen,66.47,120.94,211,98,3
2026-02-07,SKU_017,20,STORE_03,0,0,Sunny,27.0,Electronics,97.91,176.78,209,72,3
2026-02-07,SKU_018,22,STORE_01,0,0,Sunny,27.0,Groceries,129.16,218.5,226,56,14
2026-02-07,SKU_019,33,STORE_03,0,0,Sunny,27.0,Apparel,107.94,154.53,202,92,8
2026-02-07,SKU_020,21,STORE_02,0,0,Sunny,27.0,Apparel,91.87,157.08,203,69,8
2026-02-08,SKU_001,18,STORE_01,0,0,Rainy,31.3,Groceries,89.11,173.34,225,59,3
2026-02-08,SKU_002,66,STORE_01,0,0,Rainy,31.3,Groceries,93.67,139.52,92,48,10
2026-02-08,SKU_003,15,STORE_03,0,0,Rainy,31.3,Apparel,76.77,144.31,39,57,13
2026-02-08,SKU_004,22,STORE_01,0,0,Rainy,31.3,Apparel,50.71,93.58,178,31,14
2026-02-08,SKU_005,34,STORE_03,0,0,Rainy,31.3,Home & Kitchen,144.78,283.08,13,91,9
2026-02-08,SKU_006,9,STORE_01,0,0,Rainy,31.3,Home & Kitchen,34.27,61.62,116,37,13
2026-02-08,SKU_007,17,STORE_02,0,0,Rainy,31.3,Groceries,63.35,111.77,59,50,13
2026-02-08,SKU_008,16,STORE_01,0,0,Rainy,31.3,Apparel,77.29,104.6,103,100,13
2026-02-08,SKU_009,11,STORE_01,0,0,Rainy,31.3,Electronics,13.65,22.2,97,26,5
2026-02-08,SKU_010,37,STORE_02,0,0,Rainy,31.3,Apparel,54.66,105.41,220,66,9
2026-02-08,SKU_011,27,STORE_01,0,0,Rainy,31.3,Home & Kitchen,41.13,78.19,257,73,13
2026-02-08,SKU_012,10,STORE_01,0,0,Rainy,31.3,Home & Kitchen,138.43,215.85,73,53,5
2026-02-08,SKU_013,13,STORE_01,0,0,Rainy,31.3,Groceries,63.38,95.43,292,53,8
2026-02-08,SKU_014,24,STORE_03,0,0,Rainy,31.3,Groceries,114.03,157.27,120,69,7
2026-02-08,SKU_015,3,STORE_02,0,0,Rainy,31.3,Home & Kitchen,28.9,40.43,190,49,3
2026-02-08,SKU_016,33,STORE_02,0,0,Rainy,31.3,Home & Kitchen,66.47,120.94,211,98,3
2026-02-08,SKU_017,13,STORE_02,0,0,Rainy,31.3,Electronics,97.91,176.78,209,72,3
2026-02-08,SKU_018,29,STORE_02,0,0,Rainy,31.3,Groceries,129.16,218.5,226,56,14
2026-02-08,SKU_019,125,STORE_03,0,0,Rainy,31.3,Apparel,107.94,154.53,202,92,8
2026-02-08,SKU_020,35,STORE_02,0,0,Rainy,31.3,Apparel,91.87,157.08,203,69,8
2026-02-09,SKU_001,13,STORE_01,0,0,Rainy,31.1,Groceries,89.11,173.34,225,59,3
2026-02-09,SKU_002,23,STORE_03,0,0,Rainy,31.1,Groceries,93.67,139.52,92,48,10
2026-02-09,SKU_003,9,STORE_03,0,0,Rainy,31.1,Apparel,76.77,144.31,39,57,13
2026-02-09,SKU_004,27,STORE_03,0,0,Rainy,31.1,Apparel,50.71,93.58,178,31,14
2026-02-09,SKU_005,14,STORE_03,0,0,Rainy,31.1,Home & Kitchen,144.78,283.08,13,91,9
2026-02-09,SKU_006,24,STORE_01,0,0,Rainy,31.1,Home & Kitchen,34.27,61.62,116,37,13
2026-02-09,SKU_007,26,STORE_03,0,0,Rainy,31.1,Groceries,63.35,111.77,59,50,13
2026-02-09,SKU_008,12,STORE_03,0,0,Rainy,31.1,Apparel,77.29,104.6,103,100,13
2026-02-09,SKU_009,7,STORE_02,0,0,Rainy,31.1,Electronics,13.65,22.2,97,26,5
2026-02-09,SKU_010,16,STORE_03,0,0,Rainy,31.1,Apparel,54.66,105.41,220,66,9
2026-02-09,SKU_011,23,STORE_03,0,0,Rainy,31.1,Home & Kitchen,41.13,78.19,257,73,13
2026-02-09,SKU_012,18,STORE_03,0,0,Rainy,31.1,Home & Kitchen,138.43,215.85,73,53,5
2026-02-09,SKU_013,26,STORE_01,0,0,Rainy,31.1,Groceries,63.38,95.43,292,53,8
2026-02-09,SKU_014,6,STORE_01,0,0,Rainy,31.1,Groceries,114.03,157.27,120,69,7
2026-02-09,SKU_015,9,STORE_01,0,0,Rainy,31.1,Home & Kitchen,28.9,40.43,190,49,3
2026-02-09,SKU_016,19,STORE_01,0,0,Rainy,31.1,Home & Kitchen,66.47,120.94,211,98,3
2026-02-09,SKU_017,22,STORE_01,0,0,Rainy,31.1,Electronics,97.91,176.78,209,72,3
2026-02-09,SKU_018,10,STORE_03,0,0,Rainy,31.1,Groceries,129.16,218.5,226,56,14
2026-02-09,SKU_019,26,STORE_02,0,0,Rainy,31.1,Apparel,107.94,154.53,202,92,8
2026-02-09,SKU_020,22,STORE_01,0,0,Rainy,31.1,Apparel,91.87,157.08,203,69,8
2026-02-10,SKU_001,24,STORE_03,1,50,Stormy,29.9,Groceries,89.11,173.34,225,59,3
2026-02-10,SKU_002,19,STORE_02,1,50,Stormy,29.9,Groceries,93.67,139.52,92,48,10
2026-02-10,SKU_003,9,STORE_03,1,50,Stormy,29.9,Apparel,76.77,144.31,39,57,13
2026-02-10,SKU_004,3,STORE_02,1,50,Stormy,29.9,Apparel,50.71,93.58,178,31,14
2026-02-10,SKU_005,8,STORE_03,1,50,Stormy,29.9,Home & Kitchen,144.78,283.08,13,91,9
2026-02-10,SKU_006,29,STORE_01,1,50,Stormy,29.9,Home & Kitchen,34.27,61.62,116,37,13
2026-02-10,SKU_007,3,STORE_01,1,50,Stormy,29.9,Groceries,63.35,111.77,59,50,13
2026-02-10,SKU_008,17,STORE_01,1,50,Stormy,29.9,Apparel,77.29,104.6,103,100,13
2026-02-10,SKU_009,19,STORE_02,1,50,Stormy,29.9,Electronics,13.65,22.2,97,26,5
2026-02-10,SKU_010,15,STORE_01,1,50,Stormy,29.9,Apparel,54.66,105.41,220,66,9
2026-02-10,SKU_011,14,STORE_01,1,50,Stormy,29.9,Home & Kitchen,41.13,78.19,257,73,13
2026-02-10,SKU_012,25,STORE_01,1,50,Stormy,29.9,Home & Kitchen,138.43,215.85,73,53,5
2026-02-10,SKU_013,22,STORE_01,1,50,Stormy,29.9,Groceries,63.38,95.43,292,53,8
2026-02-10,SKU_014,29,STORE_02,1,50,Stormy,29.9,Groceries,114.03,157.27,120,69,7
2026-02-10,SKU_015,25,STORE_01,1,50,Stormy,29.9,Home & Kitchen,28.9,40.43,190,49,3
2026-02-10,SKU_016,9,STORE_01,1,50,Stormy,29.9,Home & Kitchen,66.47,120.94,211,98,3
2026-02-10,SKU_017,18,STORE_01,1,50,Stormy,29.9,Electronics,97.91,176.78,209,72,3
2026-02-10,SKU_018,28,STORE_03,1,50,Stormy,29.9,Groceries,129.16,218.5,226,56,14
2026-02-10,SKU_019,0,STORE_02,1,50,Stormy,29.9,Apparel,107.94,154.53,202,92,8
2026-02-10,SKU_020,22,STORE_03,1,50,Stormy,29.9,Apparel,91.87,157.08,203,69,8
2026-02-11,SKU_001,46,STORE_01,0,0,Stormy,28.3,Groceries,89.11,173.34,225,59,3
2026-02-11,SKU_002,48,STORE_02,0,0,Stormy,28.3,Groceries,93.67,139.52,92,48,10
2026-02-11,SKU_003,19,STORE_03,0,0,Stormy,28.3,Apparel,76.77,144.31,39,57,13
2026-02-11,SKU_004,8,STORE_03,0,0,Stormy,28.3,Apparel,50.71,93.58,178,31,14
2026-02-11,SKU_005,23,STORE_03,0,0,Stormy,28.3,Home & Kitchen,144.78,283.08,13,91,9
2026-02-11,SKU_006,61,STORE_01,0,0,Stormy,28.3,Home & Kitchen,34.27,61.62,116,37,13
2026-02-11,SKU_007,22,STORE_01,0,0,Stormy,28.3,Groceries,63.35,111.77,59,50,13
2026-02-11,SKU_008,32,STORE_02,0,0,Stormy,28.3,Apparel,77.29,104.6,103,100,13
2026-02-11,SKU_009,4,STORE_03,0,0,Stormy,28.3,Electronics,13.65,22.2,97,26,5
2026-02-11,SKU_010,10,STORE_01,0,0,Stormy,28.3,Apparel,54.66,105.41,220,66,9
2026-02-11,SKU_011,45,STORE_02,0,0,Stormy,28.3,Home & Kitchen,41.13,78.19,257,73,13
2026-02-11,SKU_012,3,STORE_03,0,0,Stormy,28.3,Home & Kitchen,138.43,215.85,73,53,5
2026-02-11,SKU_013,20,STORE_02,0,0,Stormy,28.3,Groceries,63.38,95.43,292,53,8
2026-02-11,SKU_014,12,STORE_02,0,0,Stormy,28.3,Groceries,114.03,157.27,120,69,7
2026-02-11,SKU_015,47,STORE_03,0,0,Stormy,28.3,Home & Kitchen,28.9,40.43,190,49,3
2026-02-11,SKU_016,18,STORE_02,0,0,Stormy,28.3,Home & Kitchen,66.47,120.94,211,98,3
2026-02-11,SKU_017,20,STORE_03,0,0,Stormy,28.3,Electronics,97.91,176.78,209,72,3
2026-02-11,SKU_018,6,STORE_03,0,0,Stormy,28.3,Groceries,129.16,218.5,226,56,14
2026-02-11,SKU_019,14,STORE_02,0,0,Stormy,28.3,Apparel,107.94,154.53,202,92,8
2026-02-11,SKU_020,4,STORE_03,0,0,Stormy,28.3,Apparel,91.87,157.08,203,69,8
2026-02-12,SKU_001,6,STORE_03,0,0,Clear,32.3,Groceries,89.11,173.34,225,59,3
2026-02-12,SKU_002,9,STORE_03,0,0,Clear,32.3,Groceries,93.67,139.52,92,48,10
2026-02-12,SKU_003,12,STORE_02,0,0,Clear,32.3,Apparel,76.77,144.31,39,57,13
2026-02-12,SKU_004,21,STORE_01,0,0,Clear,32.3,Apparel,50.71,93.58,178,31,14
2026-02-12,SKU_005,10,STORE_03,0,0,Clear,32.3,Home & Kitchen,144.78,283.08,13,91,9
2026-02-12,SKU_006,26,STORE_01,0,0,Clear,32.3,Home & Kitchen,34.27,61.62,116,37,13
2026-02-12,SKU_007,8,STORE_03,0,0,Clear,32.3,Groceries,63.35,111.77,59,50,13
2026-02-12,SKU_008,29,STORE_01,0,0,Clear,32.3,Apparel,77.29,104.6,103,100,13
2026-02-12,SKU_009,13,STORE_02,0,0,Clear,32.3,Electronics,13.65,22.2,97,26,5
2026-02-12,SKU_010,11,STORE_01,0,0,Clear,32.3,Apparel,54.66,105.41,220,66,9
2026-02-12,SKU_011,23,STORE_01,0,0,Clear,32.3,Home & Kitchen,41.13,78.19,257,73,13
2026-02-12,SKU_012,31,STORE_03,0,0,Clear,32.3,Home & Kitchen,138.43,215.85,73,53,5
2026-02-12,SKU_013,21,STORE_03,0,0,Clear,32.3,Groceries,63.38,95.43,292,53,8
2026-02-12,SKU_014,27,STORE_01,0,0,Clear,32.3,Groceries,114.03,157.27,120,69,7
2026-02-12,SKU_015,17,STORE_03,0,0,Clear,32.3,Home & Kitchen,28.9,40.43,190,49,3
2026-02-12,SKU_016,14,STORE_03,0,0,Clear,32.3,Home & Kitchen,66.47,120.94,211,98,3
2026-02-12,SKU_017,25,STORE_01,0,0,Clear,32.3,Electronics,97.91,176.78,209,72,3
2026-02-12,SKU_018,5,STORE_02,0,0,Clear,32.3,Groceries,129.16,218.5,226,56,14
2026-02-12,SKU_019,2,STORE_01,0,0,Clear,32.3,Apparel,107.94,154.53,202,92,8
2026-02-12,SKU_020,23,STORE_02,0,0,Clear,32.3,Apparel,91.87,157.08,203,69,8
2026-02-13,SKU_001,13,STORE_03,0,0,Clear,34.9,Groceries,89.11,173.34,225,59,3
2026-02-13,SKU_002,32,STORE_01,0,0,Clear,34.9,Groceries,93.67,139.52,92,48,10
2026-02-13,SKU_003,3,STORE_01,0,0,Clear,34.9,Apparel,76.77,144.31,39,57,13
2026-02-13,SKU_004,19,STORE_02,0,0,Clear,34.9,Apparel,50.71,93.58,178,31,14
2026-02-13,SKU_005,25,STORE_03,0,0,Clear,34.9,Home & Kitchen,144.78,283.08,13,91,9
2026-02-13,SKU_006,20,STORE_01,0,0,Clear,34.9,Home & Kitchen,34.27,61.62,116,37,13
2026-02-13,SKU_007,4,STORE_03,0,0,Clear,34.9,Groceries,63.35,111.77,59,50,13
2026-02-13,SKU_008,22,STORE_01,0,0,Clear,34.9,Apparel,77.29,104.6,103,100,13
2026-02-13,SKU_009,6,STORE_02,0,0,Clear,34.9,Electronics,13.65,22.2,97,26,5
2026-02-13,SKU_010,11,STORE_03,0,0,Clear,34.9,Apparel,54.66,105.41,220,66,9
2026-02-13,SKU_011,8,STORE_03,0,0,Clear,34.9,Home & Kitchen,41.13,78.19,257,73,13
2026-02-13,SKU_012,28,STORE_02,0,0,Clear,34.9,Home & Kitchen,138.43,215.85,73,53,5
2026-02-13,SKU_013,30,STORE_03,0,0,Clear,34.9,Groceries,63.38,95.43,292,53,8
2026-02-13,SKU_014,20,STORE_03,0,0,Clear,34.9,Groceries,114.03,157.27,120,69,7
2026-02-13,SKU_015,80,STORE_03,0,0,Clear,34.9,Home & Kitchen,28.9,40.43,190,49,3
2026-02-13,SKU_016,28,STORE_03,0,0,Clear,34.9,Home & Kitchen,66.47,120.94,211,98,3
2026-02-13,SKU_017,6,STORE_03,0,0,Clear,34.9,Electronics,97.91,176.78,209,72,3
2026-02-13,SKU_018,21,STORE_02,0,0,Clear,34.9,Groceries,129.16,218.5,226,56,14
2026-02-13,SKU_019,16,STORE_03,0,0,Clear,34.9,Apparel,107.94,154.53,202,92,8
2026-02-13,SKU_020,7,STORE_02,0,0,Clear,34.9,Apparel,91.87,157.08,203,69,8
2026-02-14,SKU_001,22,STORE_01,0,0,Rainy,18.7,Groceries,89.11,173.34,225,59,3
2026-02-14,SKU_002,24,STORE_02,0,0,Rainy,18.7,Groceries,93.67,139.52,92,48,10
2026-02-14,SKU_003,28,STORE_02,0,0,Rainy,18.7,Apparel,76.77,144.31,39,57,13
2026-02-14,SKU_004,9,STORE_02,0,0,Rainy,18.7,Apparel,50.71,93.58,178,31,14
2026-02-14,SKU_005,14,STORE_01,0,0,Rainy,18.7,Home & Kitchen,144.78,283.08,13,91,9
2026-02-14,SKU_006,17,STORE_03,0,0,Rainy,18.7,Home & Kitchen,34.27,61.62,116,37,13
2026-02-14,SKU_007,30,STORE_02,0,0,Rainy,18.7,Groceries,63.35,111.77,59,50,13
2026-02-14,SKU_008,20,STORE_02,0,0,Rainy,18.7,Apparel,77.29,104.6,103,100,13
2026-02-14,SKU_009,20,STORE_01,0,0,Rainy,18.7,Electronics,13.65,22.2,97,26,5
2026-02-14,SKU_010,9,STORE_02,0,0,Rainy,18.7,Apparel,54.66,105.41,220,66,9
2026-02-14,SKU_011,8,STORE_03,0,0,Rainy,18.7,Home & Kitchen,41.13,78.19,257,73,13
2026-02-14,SKU_012,38,STORE_02,0,0,Rainy,18.7,Home & Kitchen,138.43,215.85,73,53,5
2026-02-14,SKU_013,17,STORE_01,0,0,Rainy,18.7,Groceries,63.38,95.43,292,53,8
2026-02-14,SKU_014,64,STORE_01,0,0,Rainy,18.7,Groceries,114.03,157.27,120,69,7
2026-02-14,SKU_015,15,STORE_02,0,0,Rainy,18.7,Home & Kitchen,28.9,40.43,190,49,3
2026-02-14,SKU_016,45,STORE_01,0,0,Rainy,18.7,Home & Kitchen,66.47,120.94,211,98,3
2026-02-14,SKU_017,30,STORE_03,0,0,Rainy,18.7,Electronics,97.91,176.78,209,72,3
2026-02-14,SKU_018,32,STORE_03,0,0,Rainy,18.7,Groceries,129.16,218.5,226,56,14
2026-02-14,SKU_019,4,STORE_03,0,0,Rainy,18.7,Apparel,107.94,154.53,202,92,8
2026-02-14,SKU_020,7,STORE_03,0,0,Rainy,18.7,Apparel,91.87,157.08,203,69,8
2026-02-15,SKU_001,31,STORE_01,0,0,Stormy,17.2,Groceries,89.11,173.34,225,59,3
2026-02-15,SKU_002,13,STORE_01,0,0,Stormy,17.2,Groceries,93.67,139.52,92,48,10
2026-02-15,SKU_003,22,STORE_03,0,0,Stormy,17.2,Apparel,76.77,144.31,39,57,13
2026-02-15,SKU_004,106,STORE_01,0,0,Stormy,17.2,Apparel,50.71,93.58,178,31,14
2026-02-15,SKU_005,15,STORE_03,0,0,Stormy,17.2,Home & Kitchen,144.78,283.08,13,91,9
2026-02-15,SKU_006,37,STORE_01,0,0,Stormy,17.2,Home & Kitchen,34.27,61.62,116,37,13
2026-02-15,SKU_007,18,STORE_02,0,0,Stormy,17.2,Groceries,63.35,111.77,59,50,13
2026-02-15,SKU_008,31,STORE_01,0,0,Stormy,17.2,Apparel,77.29,104.6,103,100,13
2026-02-15,SKU_009,23,STORE_03,0,0,Stormy,17.2,Electronics,13.65,22.2,97,26,5
2026-02-15,SKU_010,13,STORE_03,0,0,Stormy,17.2,Apparel,54.66,105.41,220,66,9
2026-02-15,SKU_011,6,STORE_01,0,0,Stormy,17.2,Home & Kitchen,41.13,78.19,257,73,13
2026-02-15,SKU_012,23,STORE_02,0,0,Stormy,17.2,Home & Kitchen,138.43,215.85,73,53,5
2026-02-15,SKU_013,29,STORE_02,0,0,Stormy,17.2,Groceries,63.38,95.43,292,53,8
2026-02-15,SKU_014,58,STORE_03,0,0,Stormy,17.2,Groceries,114.03,157.27,120,69,7
2026-02-15,SKU_015,44,STORE_02,0,0,Stormy,17.2,Home & Kitchen,28.9,40.43,190,49,3
2026-02-15,SKU_016,25,STORE_01,0,0,Stormy,17.2,Home & Kitchen,66.47,120.94,211,98,3
2026-02-15,SKU_017,41,STORE_03,0,0,Stormy,17.2,Electronics,97.91,176.78,209,72,3
2026-02-15,SKU_018,10,STORE_02,0,0,Stormy,17.2,Groceries,129.16,218.5,226,56,14
2026-02-15,SKU_019,12,STORE_02,0,0,Stormy,17.2,Apparel,107.94,154.53,202,92,8
2026-02-15,SKU_020,35,STORE_03,0,0,Stormy,17.2,Apparel,91.87,157.08,203,69,8
2026-02-16,SKU_001,11,STORE_01,0,0,Stormy,24.9,Groceries,89.11,173.34,225,59,3
2026-02-16,SKU_002,15,STORE_01,0,0,Stormy,24.9,Groceries,93.67,139.52,92,48,10
2026-02-16,SKU_003,6,STORE_01,0,0,Stormy,24.9,Apparel,76.77,144.31,39,57,13
2026-02-16,SKU_004,21,STORE_01,0,0,Stormy,24.9,Apparel,50.71,93.58,178,31,14
2026-02-16,SKU_005,6,STORE_01,0,0,Stormy,24.9,Home & Kitchen,144.78,283.08,13,91,9
2026-02-16,SKU_006,17,STORE_01,0,0,Stormy,24.9,Home & Kitchen,34.27,61.62,116,37,13
2026-02-16,SKU_007,16,STORE_02,0,0,Stormy,24.9,Groceries,63.35,111.77,59,50,13
2026-02-16,SKU_008,10,STORE_02,0,0,Stormy,24.9,Apparel,77.29,104.6,103,100,13
2026-02-16,SKU_009,31,STORE_03,0,0,Stormy,24.9,Electronics,13.65,22.2,97,26,5
2026-02-16,SKU_010,18,STORE_03,0,0,Stormy,24.9,Apparel,54.66,105.41,220,66,9
2026-02-16,SKU_011,8,STORE_03,0,0,Stormy,24.9,Home & Kitchen,41.13,78.19,257,73,13
2026-02-16,SKU_012,15,STORE_01,0,0,Stormy,24.9,Home & Kitchen,138.43,215.85,73,53,5
2026-02-16,SKU_013,14,STORE_01,0,0,Stormy,24.9,Groceries,63.38,95.43,292,53,8
2026-02-16,SKU_014,16,STORE_02,0,0,Stormy,24.9,Groceries,114.03,157.27,120,69,7
2026-02-16,SKU_015,29,STORE_02,0,0,Stormy,24.9,Home & Kitchen,28.9,40.43,190,49,3
2026-02-16,SKU_016,64,STORE_02,0,0,Stormy,24.9,Home & Kitchen,66.47,120.94,211,98,3
2026-02-16,SKU_017,6,STORE_03,0,0,Stormy,24.9,Electronics,97.91,176.78,209,72,3
2026-02-16,SKU_018,14,STORE_01,0,0,Stormy,24.9,Groceries,129.16,218.5,226,56,14
2026-02-16,SKU_019,12,STORE_02,0,0,Stormy,24.9,Apparel,107.94,154.53,202,92,8
2026-02-16,SKU_020,16,STORE_02,0,0,Stormy,24.9,Apparel,91.87,157.08,203,69,8
2026-02-17,SKU_001,65,STORE_01,0,0,Rainy,21.9,Groceries,89.11,173.34,225,59,3
2026-02-17,SKU_002,10,STORE_01,0,0,Rainy,21.9,Groceries,93.67,139.52,92,48,10
2026-02-17,SKU_003,6,STORE_01,0,0,Rainy,21.9,Apparel,76.77,144.31,39,57,13
2026-02-17,SKU_004,2,STORE_02,0,0,Rainy,21.9,Apparel,50.71,93.58,178,31,14
2026-02-17,SKU_005,10,STORE_03,0,0,Rainy,21.9,Home & Kitchen,144.78,283.08,13,91,9
2026-02-17,SKU_006,14,STORE_03,0,0,Rainy,21.9,Home & Kitchen,34.27,61.62,116,37,13
2026-02-17,SKU_007,24,STORE_02,0,0,Rainy,21.9,Groceries,63.35,111.77,59,50,13
2026-02-17,SKU_008,30,STORE_03,0,0,Rainy,21.9,Apparel,77.29,104.6,103,100,13
2026-02-17,SKU_009,16,STORE_03,0,0,Rainy,21.9,Electronics,13.65,22.2,97,26,5
2026-02-17,SKU_010,23,STORE_01,0,0,Rainy,21.9,Apparel,54.66,105.41,220,66,9
2026-02-17,SKU_011,12,STORE_03,0,0,Rainy,21.9,Home & Kitchen,41.13,78.19,257,73,13
2026-02-17,SKU_012,18,STORE_01,0,0,Rainy,21.9,Home & Kitchen,138.43,215.85,73,53,5
2026-02-17,SKU_013,28,STORE_02,0,0,Rainy,21.9,Groceries,63.38,95.43,292,53,8
2026-02-17,SKU_014,8,STORE_01,0,0,Rainy,21.9,Groceries,114.03,157.27,120,69,7
2026-02-17,SKU_015,14,STORE_03,0,0,Rainy,21.9,Home & Kitchen,28.9,40.43,190,49,3
2026-02-17,SKU_016,17,STORE_03,0,0,Rainy,21.9,Home & Kitchen,66.47,120.94,211,98,3
2026-02-17,SKU_017,12,STORE_03,0,0,Rainy,21.9,Electronics,97.91,176.78,209,72,3
2026-02-17,SKU_018,15,STORE_01,0,0,Rainy,21.9,Groceries,129.16,218.5,226,56,14
2026-02-17,SKU_019,31,STORE_03,0,0,Rainy,21.9,Apparel,107.94,154.53,202,92,8
2026-02-17,SKU_020,18,STORE_01,0,0,Rainy,21.9,Apparel,91.87,157.08,203,69,8
2026-02-18,SKU_001,6,STORE_01,0,0,Rainy,25.8,Groceries,89.11,173.34,225,59,3
2026-02-18,SKU_002,32,STORE_02,0,0,Rainy,25.8,Groceries,93.67,139.52,92,48,10
2026-02-18,SKU_003,17,STORE_02,0,0,Rainy,25.8,Apparel,76.77,144.31,39,57,13
2026-02-18,SKU_004,6,STORE_03,0,0,Rainy,25.8,Apparel,50.71,93.58,178,31,14
2026-02-18,SKU_005,28,STORE_03,0,0,Rainy,25.8,Home & Kitchen,144.78,283.08,13,91,9
2026-02-18,SKU_006,28,STORE_02,0,0,Rainy,25.8,Home & Kitchen,34.27,61.62,116,37,13
2026-02-18,SKU_007,22,STORE_02,0,0,Rainy,25.8,Groceries,63.35,111.77,59,50,13
2026-02-18,SKU_008,90,STORE_02,0,0,Rainy,25.8,Apparel,77.29,104.6,103,100,13
2026-02-18,SKU_009,2,STORE_02,0,0,Rainy,25.8,Electronics,13.65,22.2,97,26,5
2026-02-18,SKU_010,19,STORE_03,0,0,Rainy,25.8,Apparel,54.66,105.41,220,66,9
2026-02-18,SKU_011,13,STORE_01,0,0,Rainy,25.8,Home & Kitchen,41.13,78.19,257,73,13
2026-02-18,SKU_012,27,STORE_02,0,0,Rainy,25.8,Home & Kitchen,138.43,215.85,73,53,5
2026-02-18,SKU_013,12,STORE_02,0,0,Rainy,25.8,Groceries,63.38,95.43,292,53,8
2026-02-18,SKU_014,23,STORE_03,0,0,Rainy,25.8,Groceries,114.03,157.27,120,69,7
2026-02-18,SKU_015,9,STORE_02,0,0,Rainy,25.8,Home & Kitchen,28.9,40.43,190,49,3
2026-02-18,SKU_016,24,STORE_01,0,0,Rainy,25.8,Home & Kitchen,66.47,120.94,211,98,3
2026-02-18,SKU_017,60,STORE_01,0,0,Rainy,25.8,Electronics,97.91,176.78,209,72,3
2026-02-18,SKU_018,5,STORE_01,0,0,Rainy,25.8,Groceries,129.16,218.5,226,56,14
2026-02-18,SKU_019,8,STORE_01,0,0,Rainy,25.8,Apparel,107.94,154.53,202,92,8
2026-02-18,SKU_020,27,STORE_01,0,0,Rainy,25.8,Apparel,91.87,157.08,203,69,8
2026-02-19,SKU_001,28,STORE_01,0,0,Stormy,26.4,Groceries,89.11,173.34,225,59,3
2026-02-19,SKU_002,18,STORE_02,0,0,Stormy,26.4,Groceries,93.67,139.52,92,48,10
2026-02-19,SKU_003,15,STORE_02,0,0,Stormy,26.4,Apparel,76.77,144.31,39,57,13
2026-02-19,SKU_004,24,STORE_03,0,0,Stormy,26.4,Apparel,50.71,93.58,178,31,14
2026-02-19,SKU_005,19,STORE_02,0,0,Stormy,26.4,Home & Kitchen,144.78,283.08,13,91,9
2026-02-19,SKU_006,8,STORE_03,0,0,Stormy,26.4,Home & Kitchen,34.27,61.62,116,37,13
2026-02-19,SKU_007,16,STORE_02,0,0,Stormy,26.4,Groceries,63.35,111.77,59,50,13
2026-02-19,SKU_008,7,STORE_03,0,0,Stormy,26.4,Apparel,77.29,104.6,103,100,13
2026-02-19,SKU_009,72,STORE_02,0,0,Stormy,26.4,Electronics,13.65,22.2,97,26,5
2026-02-19,SKU_010,16,STORE_02,0,0,Stormy,26.4,Apparel,54.66,105.41,220,66,9
2026-02-19,SKU_011,11,STORE_03,0,0,Stormy,26.4,Home & Kitchen,41.13,78.19,257,73,13
2026-02-19,SKU_012,27,STORE_02,0,0,Stormy,26.4,Home & Kitchen,138.43,215.85,73,53,5
2026-02-19,SKU_013,37,STORE_02,0,0,Stormy,26.4,Groceries,63.38,95.43,292,53,8
2026-02-19,SKU_014,29,STORE_03,0,0,Stormy,26.4,Groceries,114.03,157.27,120,69,7
2026-02-19,SKU_015,53,STORE_02,0,0,Stormy,26.4,Home & Kitchen,28.9,40.43,190,49,3
2026-02-19,SKU_016,7,STORE_02,0,0,Stormy,26.4,Home & Kitchen,66.47,120.94,211,98,3
2026-02-19,SKU_017,13,STORE_01,0,0,Stormy,26.4,Electronics,97.91,176.78,209,72,3
2026-02-19,SKU_018,14,STORE_03,0,0,Stormy,26.4,Groceries,129.16,218.5,226,56,14
2026-02-19,SKU_019,11,STORE_02,0,0,Stormy,26.4,Apparel,107.94,154.53,202,92,8
2026-02-19,SKU_020,30,STORE_02,0,0,Stormy,26.4,Apparel,91.87,157.08,203,69,8
2026-02-20,SKU_001,22,STORE_02,0,0,Clear,29.2,Groceries,89.11,173.34,225,59,3
2026-02-20,SKU_002,6,STORE_03,0,0,Clear,29.2,Groceries,93.67,139.52,92,48,10
2026-02-20,SKU_003,20,STORE_01,0,0,Clear,29.2,Apparel,76.77,144.31,39,57,13
2026-02-20,SKU_004,31,STORE_03,0,0,Clear,29.2,Apparel,50.71,93.58,178,31,14
2026-02-20,SKU_005,13,STORE_02,0,0,Clear,29.2,Home & Kitchen,144.78,283.08,13,91,9
2026-02-20,SKU_006,34,STORE_02,0,0,Clear,29.2,Home & Kitchen,34.27,61.62,116,37,13
2026-02-20,SKU_007,11,STORE_01,0,0,Clear,29.2,Groceries,63.35,111.77,59,50,13
2026-02-20,SKU_008,24,STORE_02,0,0,Clear,29.2,Apparel,77.29,104.6,103,100,13
2026-02-20,SKU_009,23,STORE_03,0,0,Clear,29.2,Electronics,13.65,22.2,97,26,5
2026-02-20,SKU_010,26,STORE_01,0,0,Clear,29.2,Apparel,54.66,105.41,220,66,9
2026-02-20,SKU_011,25,STORE_02,0,0,Clear,29.2,Home & Kitchen,41.13,78.19,257,73,13
2026-02-20,SKU_012,85,STORE_03,0,0,Clear,29.2,Home & Kitchen,138.43,215.85,73,53,5
2026-02-20,SKU_013,22,STORE_01,0,0,Clear,29.2,Groceries,63.38,95.43,292,53,8
2026-02-20,SKU_014,9,STORE_01,0,0,Clear,29.2,Groceries,114.03,157.27,120,69,7
2026-02-20,SKU_015,24,STORE_03,0,0,Clear,29.2,Home & Kitchen,28.9,40.43,190,49,3
2026-02-20,SKU_016,12,STORE_03,0,0,Clear,29.2,Home & Kitchen,66.47,120.94,211,98,3
2026-02-20,SKU_017,19,STORE_01,0,0,Clear,29.2,Electronics,97.91,176.78,209,72,3
2026-02-20,SKU_018,7,STORE_01,0,0,Clear,29.2,Groceries,129.16,218.5,226,56,14
2026-02-20,SKU_019,15,STORE_01,0,0,Clear,29.2,Apparel,107.94,154.53,202,92,8
2026-02-20,SKU_020,18,STORE_03,0,0,Clear,29.2,Apparel,91.87,157.08,203,69,8
2026-02-21,SKU_001,23,STORE_02,0,0,Clear,21.9,Groceries,89.11,173.34,225,59,3
2026-02-21,SKU_002,26,STORE_03,0,0,Clear,21.9,Groceries,93.67,139.52,92,48,10
2026-02-21,SKU_003,34,STORE_02,0,0,Clear,21.9,Apparel,76.77,144.31,39,57,13
2026-02-21,SKU_004,34,STORE_01,0,0,Clear,21.9,Apparel,50.71,93.58,178,31,14
2026-02-21,SKU_005,4,STORE_01,0,0,Clear,21.9,Home & Kitchen,144.78,283.08,13,91,9
2026-02-21,SKU_006,87,STORE_01,0,0,Clear,21.9,Home & Kitchen,34.27,61.62,116,37,13
2026-02-21,SKU_007,25,STORE_02,0,0,Clear,21.9,Groceries,63.35,111.77,59,50,13
2026-02-21,SKU_008,8,STORE_03,0,0,Clear,21.9,Apparel,77.29,104.6,103,100,13
2026-02-21,SKU_009,18,STORE_02,0,0,Clear,21.9,Electronics,13.65,22.2,97,26,5
2026-02-21,SKU_010,35,STORE_03,0,0,Clear,21.9,Apparel,54.66,105.41,220,66,9
2026-02-21,SKU_011,25,STORE_02,0,0,Clear,21.9,Home & Kitchen,41.13,78.19,257,73,13
2026-02-21,SKU_012,32,STORE_03,0,0,Clear,21.9,Home & Kitchen,138.43,215.85,73,53,5
2026-02-21,SKU_013,16,STORE_02,0,0,Clear,21.9,Groceries,63.38,95.43,292,53,8
2026-02-21,SKU_014,29,STORE_02,0,0,Clear,21.9,Groceries,114.03,157.27,120,69,7
2026-02-21,SKU_015,43,STORE_03,0,0,Clear,21.9,Home & Kitchen,28.9,40.43,190,49,3
2026-02-21,SKU_016,21,STORE_01,0,0,Clear,21.9,Home & Kitchen,66.47,120.94,211,98,3
2026-02-21,SKU_017,22,STORE_02,0,0,Clear,21.9,Electronics,97.91,176.78,209,72,3
2026-02-21,SKU_018,21,STORE_03,0,0,Clear,21.9,Groceries,129.16,218.5,226,56,14
2026-02-21,SKU_019,14,STORE_01,0,0,Clear,21.9,Apparel,107.94,154.53,202,92,8
2026-02-21,SKU_020,27,STORE_02,0,0,Clear,21.9,Apparel,91.87,157.08,203,69,8
2026-02-22,SKU_001,4,STORE_02,0,0,Sunny,31.2,Groceries,89.11,173.34,225,59,3
2026-02-22,SKU_002,37,STORE_02,0,0,Sunny,31.2,Groceries,93.67,139.52,92,48,10
2026-02-22,SKU_003,14,STORE_03,0,0,Sunny,31.2,Apparel,76.77,144.31,39,57,13
2026-02-22,SKU_004,9,STORE_02,0,0,Sunny,31.2,Apparel,50.71,93.58,178,31,14
2026-02-22,SKU_005,7,STORE_01,0,0,Sunny,31.2,Home & Kitchen,144.78,283.08,13,91,9
2026-02-22,SKU_006,22,STORE_01,0,0,Sunny,31.2,Home & Kitchen,34.27,61.62,116,37,13
2026-02-22,SKU_007,17,STORE_02,0,0,Sunny,31.2,Groceries,63.35,111.77,59,50,13
2026-02-22,SKU_008,16,STORE_02,0,0,Sunny,31.2,Apparel,77.29,104.6,103,100,13
2026-02-22,SKU_009,35,STORE_03,0,0,Sunny,31.2,Electronics,13.65,22.2,97,26,5
2026-02-22,SKU_010,29,STORE_01,0,0,Sunny,31.2,Apparel,54.66,105.41,220,66,9
2026-02-22,SKU_011,18,STORE_01,0,0,Sunny,31.2,Home & Kitchen,41.13,78.19,257,73,13
2026-02-22,SKU_012,34,STORE_01,0,0,Sunny,31.2,Home & Kitchen,138.43,215.85,73,53,5
2026-02-22,SKU_013,14,STORE_01,0,0,Sunny,31.2,Groceries,63.38,95.43,292,53,8
2026-02-22,SKU_014,34,STORE_01,0,0,Sunny,31.2,Groceries,114.03,157.27,120,69,7
2026-02-22,SKU_015,34,STORE_03,0,0,Sunny,31.2,Home & Kitchen,28.9,40.43,190,49,3
2026-02-22,SKU_016,13,STORE_02,0,0,Sunny,31.2,Home & Kitchen,66.47,120.94,211,98,3
2026-02-22,SKU_017,7,STORE_03,0,0,Sunny,31.2,Electronics,97.91,176.78,209,72,3
2026-02-22,SKU_018,32,STORE_02,0,0,Sunny,31.2,Groceries,129.16,218.5,226,56,14
2026-02-22,SKU_019,26,STORE_01,0,0,Sunny,31.2,Apparel,107.94,154.53,202,92,8
2026-02-22,SKU_020,17,STORE_02,0,0,Sunny,31.2,Apparel,91.87,157.08,203,69,8
2026-02-23,SKU_001,25,STORE_01,0,0,Clear,21.2,Groceries,89.11,173.34,225,59,3
2026-02-23,SKU_002,9,STORE_01,0,0,Clear,21.2,Groceries,93.67,139.52,92,48,10
2026-02-23,SKU_003,10,STORE_02,0,0,Clear,21.2,Apparel,76.77,144.31,39,57,13
2026-02-23,SKU_004,39,STORE_02,0,0,Clear,21.2,Apparel,50.71,93.58,178,31,14
2026-02-23,SKU_005,16,STORE_02,0,0,Clear,21.2,Home & Kitchen,144.78,283.08,13,91,9
2026-02-23,SKU_006,14,STORE_02,0,0,Clear,21.2,Home & Kitchen,34.27,61.62,116,37,13
2026-02-23,SKU_007,5,STORE_03,0,0,Clear,21.2,Groceries,63.35,111.77,59,50,13
2026-02-23,SKU_008,12,STORE_03,0,0,Clear,21.2,Apparel,77.29,104.6,103,100,13
2026-02-23,SKU_009,27,STORE_03,0,0,Clear,21.2,Electronics,13.65,22.2,97,26,5
2026-02-23,SKU_010,27,STORE_02,0,0,Clear,21.2,Apparel,54.66,105.41,220,66,9
2026-02-23,SKU_011,16,STORE_03,0,0,Clear,21.2,Home & Kitchen,41.13,78.19,257,73,13
2026-02-23,SKU_012,18,STORE_03,0,0,Clear,21.2,Home & Kitchen,138.43,215.85,73,53,5
2026-02-23,SKU_013,27,STORE_01,0,0,Clear,21.2,Groceries,63.38,95.43,292,53,8
2026-02-23,SKU_014,15,STORE_03,0,0,Clear,21.2,Groceries,114.03,157.27,120,69,7
2026-02-23,SKU_015,8,STORE_03,0,0,Clear,21.2,Home & Kitchen,28.9,40.43,190,49,3
2026-02-23,SKU_016,24,STORE_01,0,0,Clear,21.2,Home & Kitchen,66.47,120.94,211,98,3
2026-02-23,SKU_017,25,STORE_02,0,0,Clear,21.2,Electronics,97.91,176.78,209,72,3
2026-02-23,SKU_018,6,STORE_02,0,0,Clear,21.2,Groceries,129.16,218.5,226,56,14
2026-02-23,SKU_019,27,STORE_02,0,0,Clear,21.2,Apparel,107.94,154.53,202,92,8
2026-02-23,SKU_020,28,STORE_01,0,0,Clear,21.2,Apparel,91.87,157.08,203,69,8
2026-02-24,SKU_001,10,STORE_03,0,0,Rainy,21.8,Groceries,89.11,173.34,225,59,3
2026-02-24,SKU_002,12,STORE_01,0,0,Rainy,21.8,Groceries,93.67,139.52,92,48,10
2026-02-24,SKU_003,11,STORE_02,0,0,Rainy,21.8,Apparel,76.77,144.31,39,57,13
2026-02-24,SKU_004,9,STORE_01,0,0,Rainy,21.8,Apparel,50.71,93.58,178,31,14
2026-02-24,SKU_005,26,STORE_02,0,0,Rainy,21.8,Home & Kitchen,144.78,283.08,13,91,9
2026-02-24,SKU_006,12,STORE_02,0,0,Rainy,21.8,Home & Kitchen,34.27,61.62,116,37,13
2026-02-24,SKU_007,8,STORE_02,0,0,Rainy,21.8,Groceries,63.35,111.77,59,50,13
2026-02-24,SKU_008,16,STORE_03,0,0,Rainy,21.8,Apparel,77.29,104.6,103,100,13
2026-02-24,SKU_009,9,STORE_02,0,0,Rainy,21.8,Electronics,13.65,22.2,97,26,5
2026-02-24,SKU_010,22,STORE_03,0,0,Rainy,21.8,Apparel,54.66,105.41,220,66,9
2026-02-24,SKU_011,11,STORE_02,0,0,Rainy,21.8,Home & Kitchen,41.13,78.19,257,73,13
2026-02-24,SKU_012,5,STORE_01,0,0,Rainy,21.8,Home & Kitchen,138.43,215.85,73,53,5
2026-02-24,SKU_013,5,STORE_02,0,0,Rainy,21.8,Groceries,63.38,95.43,292,53,8
2026-02-24,SKU_014,27,STORE_01,0,0,Rainy,21.8,Groceries,114.03,157.27,120,69,7
2026-02-24,SKU_015,26,STORE_01,0,0,Rainy,21.8,Home & Kitchen,28.9,40.43,190,49,3
2026-02-24,SKU_016,8,STORE_01,0,0,Rainy,21.8,Home & Kitchen,66.47,120.94,211,98,3
2026-02-24,SKU_017,10,STORE_01,0,0,Rainy,21.8,Electronics,97.91,176.78,209,72,3
2026-02-24,SKU_018,24,STORE_03,0,0,Rainy,21.8,Groceries,129.16,218.5,226,56,14
2026-02-24,SKU_019,6,STORE_03,0,0,Rainy,21.8,Apparel,107.94,154.53,202,92,8
2026-02-24,SKU_020,14,STORE_02,0,0,Rainy,21.8,Apparel,91.87,157.08,203,69,8
2026-02-25,SKU_001,5,STORE_02,0,0,Clear,34.1,Groceries,89.11,173.34,225,59,3
2026-02-25,SKU_002,28,STORE_03,0,0,Clear,34.1,Groceries,93.67,139.52,92,48,10
2026-02-25,SKU_003,20,STORE_01,0,0,Clear,34.1,Apparel,76.77,144.31,39,57,13
2026-02-25,SKU_004,18,STORE_02,0,0,Clear,34.1,Apparel,50.71,93.58,178,31,14
2026-02-25,SKU_005,25,STORE_01,0,0,Clear,34.1,Home & Kitchen,144.78,283.08,13,91,9
2026-02-25,SKU_006,19,STORE_01,0,0,Clear,34.1,Home & Kitchen,34.27,61.62,116,37,13
2026-02-25,SKU_007,10,STORE_03,0,0,Clear,34.1,Groceries,63.35,111.77,59,50,13
2026-02-25,SKU_008,24,STORE_03,0,0,Clear,34.1,Apparel,77.29,104.6,103,100,13
2026-02-25,SKU_009,14,STORE_02,0,0,Clear,34.1,Electronics,13.65,22.2,97,26,5
2026-02-25,SKU_010,19,STORE_02,0,0,Clear,34.1,Apparel,54.66,105.41,220,66,9
2026-02-25,SKU_011,10,STORE_02,0,0,Clear,34.1,Home & Kitchen,41.13,78.19,257,73,13
2026-02-25,SKU_012,23,STORE_02,0,0,Clear,34.1,Home & Kitchen,138.43,215.85,73,53,5
2026-02-25,SKU_013,6,STORE_01,0,0,Clear,34.1,Groceries,63.38,95.43,292,53,8
2026-02-25,SKU_014,7,STORE_02,0,0,Clear,34.1,Groceries,114.03,157.27,120,69,7
2026-02-25,SKU_015,28,STORE_01,0,0,Clear,34.1,Home & Kitchen,28.9,40.43,190,49,3
2026-02-25,SKU_016,26,STORE_01,0,0,Clear,34.1,Home & Kitchen,66.47,120.94,211,98,3
2026-02-25,SKU_017,17,STORE_03,0,0,Clear,34.1,Electronics,97.91,176.78,209,72,3
2026-02-25,SKU_018,14,STORE_01,0,0,Clear,34.1,Groceries,129.16,218.5,226,56,14
2026-02-25,SKU_019,29,STORE_02,0,0,Clear,34.1,Apparel,107.94,154.53,202,92,8
2026-02-25,SKU_020,27,STORE_02,0,0,Clear,34.1,Apparel,91.87,157.08,203,69,8
2026-02-26,SKU_001,19,STORE_01,0,0,Stormy,28.1,Groceries,89.11,173.34,225,59,3
2026-02-26,SKU_002,37,STORE_02,0,0,Stormy,28.1,Groceries,93.67,139.52,92,48,10
2026-02-26,SKU_003,4,STORE_03,0,0,Stormy,28.1,Apparel,76.77,144.31,39,57,13
2026-02-26,SKU_004,16,STORE_01,0,0,Stormy,28.1,Apparel,50.71,93.58,178,31,14
2026-02-26,SKU_005,19,STORE_02,0,0,Stormy,28.1,Home & Kitchen,144.78,283.08,13,91,9
2026-02-26,SKU_006,11,STORE_02,0,0,Stormy,28.1,Home & Kitchen,34.27,61.62,116,37,13
2026-02-26,SKU_007,26,STORE_01,0,0,Stormy,28.1,Groceries,63.35,111.77,59,50,13
2026-02-26,SKU_008,11,STORE_01,0,0,Stormy,28.1,Apparel,77.29,104.6,103,100,13
2026-02-26,SKU_009,26,STORE_02,0,0,Stormy,28.1,Electronics,13.65,22.2,97,26,5
2026-02-26,SKU_010,17,STORE_01,0,0,Stormy,28.1,Apparel,54.66,105.41,220,66,9
2026-02-26,SKU_011,11,STORE_03,0,0,Stormy,28.1,Home & Kitchen,41.13,78.19,257,73,13
2026-02-26,SKU_012,13,STORE_02,0,0,Stormy,28.1,Home & Kitchen,138.43,215.85,73,53,5
2026-02-26,SKU_013,30,STORE_03,0,0,Stormy,28.1,Groceries,63.38,95.43,292,53,8
2026-02-26,SKU_014,11,STORE_03,0,0,Stormy,28.1,Groceries,114.03,157.27,120,69,7
2026-02-26,SKU_015,16,STORE_01,0,0,Stormy,28.1,Home & Kitchen,28.9,40.43,190,49,3
2026-02-26,SKU_016,10,STORE_02,0,0,Stormy,28.1,Home & Kitchen,66.47,120.94,211,98,3
2026-02-26,SKU_017,20,STORE_02,0,0,Stormy,28.1,Electronics,97.91,176.78,209,72,3
2026-02-26,SKU_018,5,STORE_03,0,0,Stormy,28.1,Groceries,129.16,218.5,226,56,14
2026-02-26,SKU_019,8,STORE_01,0,0,Stormy,28.1,Apparel,107.94,154.53,202,92,8
2026-02-26,SKU_020,23,STORE_03,0,0,Stormy,28.1,Apparel,91.87,157.08,203,69,8
2026-02-27,SKU_001,5,STORE_02,0,0,Sunny,16.1,Groceries,89.11,173.34,225,59,3
2026-02-27,SKU_002,12,STORE_03,0,0,Sunny,16.1,Groceries,93.67,139.52,92,48,10
2026-02-27,SKU_003,9,STORE_02,0,0,Sunny,16.1,Apparel,76.77,144.31,39,57,13
2026-02-27,SKU_004,23,STORE_01,0,0,Sunny,16.1,Apparel,50.71,93.58,178,31,14
2026-02-27,SKU_005,28,STORE_01,0,0,Sunny,16.1,Home & Kitchen,144.78,283.08,13,91,9
2026-02-27,SKU_006,19,STORE_01,0,0,Sunny,16.1,Home & Kitchen,34.27,61.62,116,37,13
2026-02-27,SKU_007,8,STORE_03,0,0,Sunny,16.1,Groceries,63.35,111.77,59,50,13
2026-02-27,SKU_008,6,STORE_03,0,0,Sunny,16.1,Apparel,77.29,104.6,103,100,13
2026-02-27,SKU_009,7,STORE_01,0,0,Sunny,16.1,Electronics,13.65,22.2,97,26,5
2026-02-27,SKU_010,14,STORE_01,0,0,Sunny,16.1,Apparel,54.66,105.41,220,66,9
2026-02-27,SKU_011,4,STORE_03,0,0,Sunny,16.1,Home & Kitchen,41.13,78.19,257,73,13
2026-02-27,SKU_012,14,STORE_01,0,0,Sunny,16.1,Home & Kitchen,138.43,215.85,73,53,5
2026-02-27,SKU_013,5,STORE_01,0,0,Sunny,16.1,Groceries,63.38,95.43,292,53,8
2026-02-27,SKU_014,19,STORE_01,0,0,Sunny,16.1,Groceries,114.03,157.27,120,69,7
2026-02-27,SKU_015,24,STORE_02,0,0,Sunny,16.1,Home & Kitchen,28.9,40.43,190,49,3
2026-02-27,SKU_016,21,STORE_02,0,0,Sunny,16.1,Home & Kitchen,66.47,120.94,211,98,3
2026-02-27,SKU_017,53,STORE_02,0,0,Sunny,16.1,Electronics,97.91,176.78,209,72,3
2026-02-27,SKU_018,24,STORE_02,0,0,Sunny,16.1,Groceries,129.16,218.5,226,56,14
2026-02-27,SKU_019,28,STORE_01,0,0,Sunny,16.1,Apparel,107.94,154.53,202,92,8
2026-02-27,SKU_020,4,STORE_02,0,0,Sunny,16.1,Apparel,91.87,157.08,203,69,8
2026-02-28,SKU_001,15,STORE_01,0,0,Rainy,24.4,Groceries,89.11,173.34,225,59,3
2026-02-28,SKU_002,26,STORE_02,0,0,Rainy,24.4,Groceries,93.67,139.52,92,48,10
2026-02-28,SKU_003,13,STORE_01,0,0,Rainy,24.4,Apparel,76.77,144.31,39,57,13
2026-02-28,SKU_004,17,STORE_01,0,0,Rainy,24.4,Apparel,50.71,93.58,178,31,14
2026-02-28,SKU_005,9,STORE_01,0,0,Rainy,24.4,Home & Kitchen,144.78,283.08,13,91,9
2026-02-28,SKU_006,23,STORE_03,0,0,Rainy,24.4,Home & Kitchen,34.27,61.62,116,37,13
2026-02-28,SKU_007,8,STORE_03,0,0,Rainy,24.4,Groceries,63.35,111.77,59,50,13
2026-02-28,SKU_008,36,STORE_02,0,0,Rainy,24.4,Apparel,77.29,104.6,103,100,13
2026-02-28,SKU_009,16,STORE_02,0,0,Rainy,24.4,Electronics,13.65,22.2,97,26,5
2026-02-28,SKU_010,30,STORE_03,0,0,Rainy,24.4,Apparel,54.66,105.41,220,66,9
2026-02-28,SKU_011,22,STORE_02,0,0,Rainy,24.4,Home & Kitchen,41.13,78.19,257,73,13
2026-02-28,SKU_012,14,STORE_02,0,0,Rainy,24.4,Home & Kitchen,138.43,215.85,73,53,5
2026-02-28,SKU_013,4,STORE_02,0,0,Rainy,24.4,Groceries,63.38,95.43,292,53,8
2026-02-28,SKU_014,36,STORE_01,0,0,Rainy,24.4,Groceries,114.03,157.27,120,69,7
2026-02-28,SKU_015,22,STORE_02,0,0,Rainy,24.4,Home & Kitchen,28.9,40.43,190,49,3
2026-02-28,SKU_016,15,STORE_03,0,0,Rainy,24.4,Home & Kitchen,66.47,120.94,211,98,3
2026-02-28,SKU_017,29,STORE_02,0,0,Rainy,24.4,Electronics,97.91,176.78,209,72,3
2026-02-28,SKU_018,10,STORE_03,0,0,Rainy,24.4,Groceries,129.16,218.5,226,56,14
2026-02-28,SKU_019,35,STORE_02,0,0,Rainy,24.4,Apparel,107.94,154.53,202,92,8
2026-02-28,SKU_020,34,STORE_01,0,0,Rainy,24.4,Apparel,91.87,157.08,203,69,8
2026-03-01,SKU_001,39,STORE_02,0,0,Rainy,34.4,Groceries,89.11,173.34,225,59,3
2026-03-01,SKU_002,24,STORE_02,0,0,Rainy,34.4,Groceries,93.67,139.52,92,48,10
2026-03-01,SKU_003,40,STORE_03,0,0,Rainy,34.4,Apparel,76.77,144.31,39,57,13
2026-03-01,SKU_004,10,STORE_01,0,0,Rainy,34.4,Apparel,50.71,93.58,178,31,14
2026-03-01,SKU_005,34,STORE_02,0,0,Rainy,34.4,Home & Kitchen,144.78,283.08,13,91,9
2026-03-01,SKU_006,16,STORE_01,0,0,Rainy,34.4,Home & Kitchen,34.27,61.62,116,37,13
2026-03-01,SKU_007,26,STORE_03,0,0,Rainy,34.4,Groceries,63.35,111.77,59,50,13
2026-03-01,SKU_008,43,STORE_03,0,0,Rainy,34.4,Apparel,77.29,104.6,103,100,13
2026-03-01,SKU_009,17,STORE_01,0,0,Rainy,34.4,Electronics,13.65,22.2,97,26,5
2026-03-01,SKU_010,7,STORE_01,0,0,Rainy,34.4,Apparel,54.66,105.41,220,66,9
2026-03-01,SKU_011,15,STORE_03,0,0,Rainy,34.4,Home & Kitchen,41.13,78.19,257,73,13
2026-03-01,SKU_012,13,STORE_03,0,0,Rainy,34.4,Home & Kitchen,138.43,215.85,73,53,5
2026-03-01,SKU_013,13,STORE_03,0,0,Rainy,34.4,Groceries,63.38,95.43,292,53,8
2026-03-01,SKU_014,42,STORE_03,0,0,Rainy,34.4,Groceries,114.03,157.27,120,69,7
2026-03-01,SKU_015,48,STORE_02,0,0,Rainy,34.4,Home & Kitchen,28.9,40.43,190,49,3
2026-03-01,SKU_016,8,STORE_01,0,0,Rainy,34.4,Home & Kitchen,66.47,120.94,211,98,3
2026-03-01,SKU_017,23,STORE_02,0,0,Rainy,34.4,Electronics,97.91,176.78,209,72,3
2026-03-01,SKU_018,22,STORE_01,0,0,Rainy,34.4,Groceries,129.16,218.5,226,56,14
2026-03-01,SKU_019,9,STORE_02,0,0,Rainy,34.4,Apparel,107.94,154.53,202,92,8
2026-03-01,SKU_020,37,STORE_02,0,0,Rainy,34.4,Apparel,91.87,157.08,203,69,8
2026-03-02,SKU_001,27,STORE_01,0,0,Sunny,17.8,Groceries,89.11,173.34,225,59,3
2026-03-02,SKU_002,17,STORE_01,0,0,Sunny,17.8,Groceries,93.67,139.52,92,48,10
2026-03-02,SKU_003,12,STORE_01,0,0,Sunny,17.8,Apparel,76.77,144.31,39,57,13
2026-03-02,SKU_004,13,STORE_01,0,0,Sunny,17.8,Apparel,50.71,93.58,178,31,14
2026-03-02,SKU_005,27,STORE_03,0,0,Sunny,17.8,Home & Kitchen,144.78,283.08,13,91,9
2026-03-02,SKU_006,25,STORE_03,0,0,Sunny,17.8,Home & Kitchen,34.27,61.62,116,37,13
2026-03-02,SKU_007,11,STORE_01,0,0,Sunny,17.8,Groceries,63.35,111.77,59,50,13
2026-03-02,SKU_008,9,STORE_01,0,0,Sunny,17.8,Apparel,77.29,104.6,103,100,13
2026-03-02,SKU_009,10,STORE_02,0,0,Sunny,17.8,Electronics,13.65,22.2,97,26,5
2026-03-02,SKU_010,8,STORE_03,0,0,Sunny,17.8,Apparel,54.66,105.41,220,66,9
2026-03-02,SKU_011,5,STORE_01,0,0,Sunny,17.8,Home & Kitchen,41.13,78.19,257,73,13
2026-03-02,SKU_012,20,STORE_03,0,0,Sunny,17.8,Home & Kitchen,138.43,215.85,73,53,5
2026-03-02,SKU_013,19,STORE_03,0,0,Sunny,17.8,Groceries,63.38,95.43,292,53,8
2026-03-02,SKU_014,25,STORE_03,0,0,Sunny,17.8,Groceries,114.03,157.27,120,69,7
2026-03-02,SKU_015,8,STORE_02,0,0,Sunny,17.8,Home & Kitchen,28.9,40.43,190,49,3
2026-03-02,SKU_016,26,STORE_02,0,0,Sunny,17.8,Home & Kitchen,66.47,120.94,211,98,3
2026-03-02,SKU_017,14,STORE_02,0,0,Sunny,17.8,Electronics,97.91,176.78,209,72,3
2026-03-02,SKU_018,16,STORE_02,0,0,Sunny,17.8,Groceries,129.16,218.5,226,56,14
2026-03-02,SKU_019,9,STORE_01,0,0,Sunny,17.8,Apparel,107.94,154.53,202,92,8
2026-03-02,SKU_020,18,STORE_03,0,0,Sunny,17.8,Apparel,91.87,157.08,203,69,8
2026-03-03,SKU_001,10,STORE_02,0,0,Rainy,33.5,Groceries,89.11,173.34,225,59,3
2026-03-03,SKU_002,13,STORE_01,0,0,Rainy,33.5,Groceries,93.67,139.52,92,48,10
2026-03-03,SKU_003,17,STORE_03,0,0,Rainy,33.5,Apparel,76.77,144.31,39,57,13
2026-03-03,SKU_004,12,STORE_03,0,0,Rainy,33.5,Apparel,50.71,93.58,178,31,14
2026-03-03,SKU_005,33,STORE_03,0,0,Rainy,33.5,Home & Kitchen,144.78,283.08,13,91,9
2026-03-03,SKU_006,15,STORE_02,0,0,Rainy,33.5,Home & Kitchen,34.27,61.62,116,37,13
2026-03-03,SKU_007,21,STORE_01,0,0,Rainy,33.5,Groceries,63.35,111.77,59,50,13
2026-03-03,SKU_008,15,STORE_02,0,0,Rainy,33.5,Apparel,77.29,104.6,103,100,13
2026-03-03,SKU_009,31,STORE_02,0,0,Rainy,33.5,Electronics,13.65,22.2,97,26,5
2026-03-03,SKU_010,19,STORE_02,0,0,Rainy,33.5,Apparel,54.66,105.41,220,66,9
2026-03-03,SKU_011,15,STORE_03,0,0,Rainy,33.5,Home & Kitchen,41.13,78.19,257,73,13
2026-03-03,SKU_012,26,STORE_01,0,0,Rainy,33.5,Home & Kitchen,138.43,215.85,73,53,5
2026-03-03,SKU_013,31,STORE_02,0,0,Rainy,33.5,Groceries,63.38,95.43,292,53,8
2026-03-03,SKU_014,17,STORE_03,0,0,Rainy,33.5,Groceries,114.03,157.27,120,69,7
2026-03-03,SKU_015,18,STORE_01,0,0,Rainy,33.5,Home & Kitchen,28.9,40.43,190,49,3
2026-03-03,SKU_016,20,STORE_02,0,0,Rainy,33.5,Home & Kitchen,66.47,120.94,211,98,3
2026-03-03,SKU_017,19,STORE_02,0,0,Rainy,33.5,Electronics,97.91,176.78,209,72,3
2026-03-03,SKU_018,12,STORE_01,0,0,Rainy,33.5,Groceries,129.16,218.5,226,56,14
2026-03-03,SKU_019,25,STORE_01,0,0,Rainy,33.5,Apparel,107.94,154.53,202,92,8
2026-03-03,SKU_020,19,STORE_02,0,0,Rainy,33.5,Apparel,91.87,157.08,203,69,8
2026-03-04,SKU_001,4,STORE_03,0,0,Rainy,23.7,Groceries,89.11,173.34,225,59,3
2026-03-04,SKU_002,8,STORE_02,0,0,Rainy,23.7,Groceries,93.67,139.52,92,48,10
2026-03-04,SKU_003,7,STORE_01,0,0,Rainy,23.7,Apparel,76.77,144.31,39,57,13
2026-03-04,SKU_004,9,STORE_02,0,0,Rainy,23.7,Apparel,50.71,93.58,178,31,14
2026-03-04,SKU_005,14,STORE_03,0,0,Rainy,23.7,Home & Kitchen,144.78,283.08,13,91,9
2026-03-04,SKU_006,10,STORE_03,0,0,Rainy,23.7,Home & Kitchen,34.27,61.62,116,37,13
2026-03-04,SKU_007,19,STORE_01,0,0,Rainy,23.7,Groceries,63.35,111.77,59,50,13
2026-03-04,SKU_008,8,STORE_01,0,0,Rainy,23.7,Apparel,77.29,104.6,103,100,13
2026-03-04,SKU_009,28,STORE_01,0,0,Rainy,23.7,Electronics,13.65,22.2,97,26,5
2026-03-04,SKU_010,24,STORE_03,0,0,Rainy,23.7,Apparel,54.66,105.41,220,66,9
2026-03-04,SKU_011,25,STORE_02,0,0,Rainy,23.7,Home & Kitchen,41.13,78.19,257,73,13
2026-03-04,SKU_012,9,STORE_03,0,0,Rainy,23.7,Home & Kitchen,138.43,215.85,73,53,5
2026-03-04,SKU_013,61,STORE_01,0,0,Rainy,23.7,Groceries,63.38,95.43,292,53,8
2026-03-04,SKU_014,15,STORE_01,0,0,Rainy,23.7,Groceries,114.03,157.27,120,69,7
2026-03-04,SKU_015,3,STORE_02,0,0,Rainy,23.7,Home & Kitchen,28.9,40.43,190,49,3
2026-03-04,SKU_016,7,STORE_01,0,0,Rainy,23.7,Home & Kitchen,66.47,120.94,211,98,3
2026-03-04,SKU_017,14,STORE_02,0,0,Rainy,23.7,Electronics,97.91,176.78,209,72,3
2026-03-04,SKU_018,28,STORE_01,0,0,Rainy,23.7,Groceries,129.16,218.5,226,56,14
2026-03-04,SKU_019,17,STORE_01,0,0,Rainy,23.7,Apparel,107.94,154.53,202,92,8
2026-03-04,SKU_020,29,STORE_02,0,0,Rainy,23.7,Apparel,91.87,157.08,203,69,8
2026-03-05,SKU_001,12,STORE_01,0,0,Sunny,30.0,Groceries,89.11,173.34,225,59,3
2026-03-05,SKU_002,22,STORE_02,0,0,Sunny,30.0,Groceries,93.67,139.52,92,48,10
2026-03-05,SKU_003,12,STORE_01,0,0,Sunny,30.0,Apparel,76.77,144.31,39,57,13
2026-03-05,SKU_004,2,STORE_03,0,0,Sunny,30.0,Apparel,50.71,93.58,178,31,14
2026-03-05,SKU_005,12,STORE_03,0,0,Sunny,30.0,Home & Kitchen,144.78,283.08,13,91,9
2026-03-05,SKU_006,13,STORE_03,0,0,Sunny,30.0,Home & Kitchen,34.27,61.62,116,37,13
2026-03-05,SKU_007,23,STORE_03,0,0,Sunny,30.0,Groceries,63.35,111.77,59,50,13
2026-03-05,SKU_008,28,STORE_02,0,0,Sunny,30.0,Apparel,77.29,104.6,103,100,13
2026-03-05,SKU_009,9,STORE_01,0,0,Sunny,30.0,Electronics,13.65,22.2,97,26,5
2026-03-05,SKU_010,8,STORE_01,0,0,Sunny,30.0,Apparel,54.66,105.41,220,66,9
2026-03-05,SKU_011,7,STORE_02,0,0,Sunny,30.0,Home & Kitchen,41.13,78.19,257,73,13
2026-03-05,SKU_012,8,STORE_01,0,0,Sunny,30.0,Home & Kitchen,138.43,215.85,73,53,5
2026-03-05,SKU_013,14,STORE_02,0,0,Sunny,30.0,Groceries,63.38,95.43,292,53,8
2026-03-05,SKU_014,30,STORE_01,0,0,Sunny,30.0,Groceries,114.03,157.27,120,69,7
2026-03-05,SKU_015,26,STORE_01,0,0,Sunny,30.0,Home & Kitchen,28.9,40.43,190,49,3
2026-03-05,SKU_016,12,STORE_03,0,0,Sunny,30.0,Home & Kitchen,66.47,120.94,211,98,3
2026-03-05,SKU_017,16,STORE_02,0,0,Sunny,30.0,Electronics,97.91,176.78,209,72,3
2026-03-05,SKU_018,7,STORE_02,0,0,Sunny,30.0,Groceries,129.16,218.5,226,56,14
2026-03-05,SKU_019,9,STORE_02,0,0,Sunny,30.0,Apparel,107.94,154.53,202,92,8
2026-03-05,SKU_020,5,STORE_03,0,0,Sunny,30.0,Apparel,91.87,157.08,203,69,8
2026-03-06,SKU_001,20,STORE_03,0,0,Clear,15.9,Groceries,89.11,173.34,225,59,3
2026-03-06,SKU_002,10,STORE_03,0,0,Clear,15.9,Groceries,93.67,139.52,92,48,10
2026-03-06,SKU_003,18,STORE_01,0,0,Clear,15.9,Apparel,76.77,144.31,39,57,13
2026-03-06,SKU_004,41,STORE_02,0,0,Clear,15.9,Apparel,50.71,93.58,178,31,14
2026-03-06,SKU_005,1,STORE_02,0,0,Clear,15.9,Home & Kitchen,144.78,283.08,13,91,9
2026-03-06,SKU_006,8,STORE_01,0,0,Clear,15.9,Home & Kitchen,34.27,61.62,116,37,13
2026-03-06,SKU_007,18,STORE_02,0,0,Clear,15.9,Groceries,63.35,111.77,59,50,13
2026-03-06,SKU_008,29,STORE_01,0,0,Clear,15.9,Apparel,77.29,104.6,103,100,13
2026-03-06,SKU_009,16,STORE_02,0,0,Clear,15.9,Electronics,13.65,22.2,97,26,5
2026-03-06,SKU_010,17,STORE_03,0,0,Clear,15.9,Apparel,54.66,105.41,220,66,9
2026-03-06,SKU_011,27,STORE_01,0,0,Clear,15.9,Home & Kitchen,41.13,78.19,257,73,13
2026-03-06,SKU_012,29,STORE_03,0,0,Clear,15.9,Home & Kitchen,138.43,215.85,73,53,5
2026-03-06,SKU_013,5,STORE_01,0,0,Clear,15.9,Groceries,63.38,95.43,292,53,8
2026-03-06,SKU_014,29,STORE_01,0,0,Clear,15.9,Groceries,114.03,157.27,120,69,7
2026-03-06,SKU_015,20,STORE_01,0,0,Clear,15.9,Home & Kitchen,28.9,40.43,190,49,3
2026-03-06,SKU_016,11,STORE_02,0,0,Clear,15.9,Home & Kitchen,66.47,120.94,211,98,3
2026-03-06,SKU_017,4,STORE_02,0,0,Clear,15.9,Electronics,97.91,176.78,209,72,3
2026-03-06,SKU_018,17,STORE_01,0,0,Clear,15.9,Groceries,129.16,218.5,226,56,14
2026-03-06,SKU_019,24,STORE_01,0,0,Clear,15.9,Apparel,107.94,154.53,202,92,8
2026-03-06,SKU_020,8,STORE_01,0,0,Clear,15.9,Apparel,91.87,157.08,203,69,8
2026-03-07,SKU_001,153,STORE_03,0,0,Clear,28.9,Groceries,89.11,173.34,225,59,3
2026-03-07,SKU_002,18,STORE_01,0,0,Clear,28.9,Groceries,93.67,139.52,92,48,10
2026-03-07,SKU_003,13,STORE_02,0,0,Clear,28.9,Apparel,76.77,144.31,39,57,13
2026-03-07,SKU_004,31,STORE_01,0,0,Clear,28.9,Apparel,50.71,93.58,178,31,14
2026-03-07,SKU_005,67,STORE_03,0,0,Clear,28.9,Home & Kitchen,144.78,283.08,13,91,9
2026-03-07,SKU_006,18,STORE_02,0,0,Clear,28.9,Home & Kitchen,34.27,61.62,116,37,13
2026-03-07,SKU_007,24,STORE_03,0,0,Clear,28.9,Groceries,63.35,111.77,59,50,13
2026-03-07,SKU_008,9,STORE_03,0,0,Clear,28.9,Apparel,77.29,104.6,103,100,13
2026-03-07,SKU_009,6,STORE_01,0,0,Clear,28.9,Electronics,13.65,22.2,97,26,5
2026-03-07,SKU_010,31,STORE_03,0,0,Clear,28.9,Apparel,54.66,105.41,220,66,9
2026-03-07,SKU_011,17,STORE_01,0,0,Clear,28.9,Home & Kitchen,41.13,78.19,257,73,13
2026-03-07,SKU_012,13,STORE_02,0,0,Clear,28.9,Home & Kitchen,138.43,215.85,73,53,5
2026-03-07,SKU_013,12,STORE_02,0,0,Clear,28.9,Groceries,63.38,95.43,292,53,8
2026-03-07,SKU_014,12,STORE_03,0,0,Clear,28.9,Groceries,114.03,157.27,120,69,7
2026-03-07,SKU_015,11,STORE_01,0,0,Clear,28.9,Home & Kitchen,28.9,40.43,190,49,3
2026-03-07,SKU_016,5,STORE_02,0,0,Clear,28.9,Home & Kitchen,66.47,120.94,211,98,3
2026-03-07,SKU_017,27,STORE_01,0,0,Clear,28.9,Electronics,97.91,176.78,209,72,3
2026-03-07,SKU_018,18,STORE_01,0,0,Clear,28.9,Groceries,129.16,218.5,226,56,14
2026-03-07,SKU_019,37,STORE_01,0,0,Clear,28.9,Apparel,107.94,154.53,202,92,8
2026-03-07,SKU_020,32,STORE_03,0,0,Clear,28.9,Apparel,91.87,157.08,203,69,8
2026-03-08,SKU_001,25,STORE_03,0,0,Stormy,31.1,Groceries,89.11,173.34,225,59,3
2026-03-08,SKU_002,39,STORE_03,0,0,Stormy,31.1,Groceries,93.67,139.52,92,48,10
2026-03-08,SKU_003,39,STORE_01,0,0,Stormy,31.1,Apparel,76.77,144.31,39,57,13
2026-03-08,SKU_004,18,STORE_01,0,0,Stormy,31.1,Apparel,50.71,93.58,178,31,14
2026-03-08,SKU_005,31,STORE_03,0,0,Stormy,31.1,Home & Kitchen,144.78,283.08,13,91,9
2026-03-08,SKU_006,26,STORE_01,0,0,Stormy,31.1,Home & Kitchen,34.27,61.62,116,37,13
2026-03-08,SKU_007,28,STORE_02,0,0,Stormy,31.1,Groceries,63.35,111.77,59,50,13
2026-03-08,SKU_008,31,STORE_03,0,0,Stormy,31.1,Apparel,77.29,104.6,103,100,13
2026-03-08,SKU_009,14,STORE_02,0,0,Stormy,31.1,Electronics,13.65,22.2,97,26,5
2026-03-08,SKU_010,4,STORE_01,0,0,Stormy,31.1,Apparel,54.66,105.41,220,66,9
2026-03-08,SKU_011,8,STORE_02,0,0,Stormy,31.1,Home & Kitchen,41.13,78.19,257,73,13
2026-03-08,SKU_012,8,STORE_03,0,0,Stormy,31.1,Home & Kitchen,138.43,215.85,73,53,5
2026-03-08,SKU_013,36,STORE_01,0,0,Stormy,31.1,Groceries,63.38,95.43,292,53,8
2026-03-08,SKU_014,13,STORE_03,0,0,Stormy,31.1,Groceries,114.03,157.27,120,69,7
2026-03-08,SKU_015,31,STORE_02,0,0,Stormy,31.1,Home & Kitchen,28.9,40.43,190,49,3
2026-03-08,SKU_016,18,STORE_02,0,0,Stormy,31.1,Home & Kitchen,66.47,120.94,211,98,3
2026-03-08,SKU_017,20,STORE_03,0,0,Stormy,31.1,Electronics,97.91,176.78,209,72,3
2026-03-08,SKU_018,23,STORE_01,0,0,Stormy,31.1,Groceries,129.16,218.5,226,56,14
2026-03-08,SKU_019,16,STORE_03,0,0,Stormy,31.1,Apparel,107.94,154.53,202,92,8
2026-03-08,SKU_020,15,STORE_03,0,0,Stormy,31.1,Apparel,91.87,157.08,203,69,8
2026-03-09,SKU_001,14,STORE_01,0,0,Stormy,15.6,Groceries,89.11,173.34,225,59,3
2026-03-09,SKU_002,4,STORE_03,0,0,Stormy,15.6,Groceries,93.67,139.52,92,48,10
2026-03-09,SKU_003,9,STORE_01,0,0,Stormy,15.6,Apparel,76.77,144.31,39,57,13
2026-03-09,SKU_004,27,STORE_02,0,0,Stormy,15.6,Apparel,50.71,93.58,178,31,14
2026-03-09,SKU_005,19,STORE_01,0,0,Stormy,15.6,Home & Kitchen,144.78,283.08,13,91,9
2026-03-09,SKU_006,9,STORE_02,0,0,Stormy,15.6,Home & Kitchen,34.27,61.62,116,37,13
2026-03-09,SKU_007,19,STORE_03,0,0,Stormy,15.6,Groceries,63.35,111.77,59,50,13
2026-03-09,SKU_008,23,STORE_01,0,0,Stormy,15.6,Apparel,77.29,104.6,103,100,13
2026-03-09,SKU_009,11,STORE_01,0,0,Stormy,15.6,Electronics,13.65,22.2,97,26,5
2026-03-09,SKU_010,28,STORE_02,0,0,Stormy,15.6,Apparel,54.66,105.41,220,66,9
2026-03-09,SKU_011,9,STORE_01,0,0,Stormy,15.6,Home & Kitchen,41.13,78.19,257,73,13
2026-03-09,SKU_012,30,STORE_01,0,0,Stormy,15.6,Home & Kitchen,138.43,215.85,73,53,5
2026-03-09,SKU_013,11,STORE_01,0,0,Stormy,15.6,Groceries,63.38,95.43,292,53,8
2026-03-09,SKU_014,11,STORE_01,0,0,Stormy,15.6,Groceries,114.03,157.27,120,69,7
2026-03-09,SKU_015,11,STORE_03,0,0,Stormy,15.6,Home & Kitchen,28.9,40.43,190,49,3
2026-03-09,SKU_016,4,STORE_02,0,0,Stormy,15.6,Home & Kitchen,66.47,120.94,211,98,3
2026-03-09,SKU_017,9,STORE_03,0,0,Stormy,15.6,Electronics,97.91,176.78,209,72,3
2026-03-09,SKU_018,23,STORE_01,0,0,Stormy,15.6,Groceries,129.16,218.5,226,56,14
2026-03-09,SKU_019,15,STORE_01,0,0,Stormy,15.6,Apparel,107.94,154.53,202,92,8
2026-03-09,SKU_020,9,STORE_01,0,0,Stormy,15.6,Apparel,91.87,157.08,203,69,8
2026-03-10,SKU_001,12,STORE_01,1,30,Clear,28.5,Groceries,89.11,173.34,225,59,3
2026-03-10,SKU_002,13,STORE_02,1,30,Clear,28.5,Groceries,93.67,139.52,92,48,10
2026-03-10,SKU_003,74,STORE_02,1,30,Clear,28.5,Apparel,76.77,144.31,39,57,13
2026-03-10,SKU_004,8,STORE_01,1,30,Clear,28.5,Apparel,50.71,93.58,178,31,14
2026-03-10,SKU_005,24,STORE_03,1,30,Clear,28.5,Home & Kitchen,144.78,283.08,13,91,9
2026-03-10,SKU_006,20,STORE_01,1,30,Clear,28.5,Home & Kitchen,34.27,61.62,116,37,13
2026-03-10,SKU_007,12,STORE_03,1,30,Clear,28.5,Groceries,63.35,111.77,59,50,13
2026-03-10,SKU_008,30,STORE_03,1,30,Clear,28.5,Apparel,77.29,104.6,103,100,13
2026-03-10,SKU_009,9,STORE_03,1,30,Clear,28.5,Electronics,13.65,22.2,97,26,5
2026-03-10,SKU_010,9,STORE_01,1,30,Clear,28.5,Apparel,54.66,105.41,220,66,9
2026-03-10,SKU_011,50,STORE_01,1,30,Clear,28.5,Home & Kitchen,41.13,78.19,257,73,13
2026-03-10,SKU_012,9,STORE_01,1,30,Clear,28.5,Home & Kitchen,138.43,215.85,73,53,5
2026-03-10,SKU_013,19,STORE_02,1,30,Clear,28.5,Groceries,63.38,95.43,292,53,8
2026-03-10,SKU_014,1,STORE_02,1,30,Clear,28.5,Groceries,114.03,157.27,120,69,7
2026-03-10,SKU_015,9,STORE_01,1,30,Clear,28.5,Home & Kitchen,28.9,40.43,190,49,3
2026-03-10,SKU_016,28,STORE_03,1,30,Clear,28.5,Home & Kitchen,66.47,120.94,211,98,3
2026-03-10,SKU_017,23,STORE_03,1,30,Clear,28.5,Electronics,97.91,176.78,209,72,3
2026-03-10,SKU_018,17,STORE_01,1,30,Clear,28.5,Groceries,129.16,218.5,226,56,14
2026-03-10,SKU_019,2,STORE_03,1,30,Clear,28.5,Apparel,107.94,154.53,202,92,8
2026-03-10,SKU_020,23,STORE_01,1,30,Clear,28.5,Apparel,91.87,157.08,203,69,8
2026-03-11,SKU_001,20,STORE_03,0,0,Sunny,16.2,Groceries,89.11,173.34,225,59,3
2026-03-11,SKU_002,7,STORE_03,0,0,Sunny,16.2,Groceries,93.67,139.52,92,48,10
2026-03-11,SKU_003,28,STORE_03,0,0,Sunny,16.2,Apparel,76.77,144.31,39,57,13
2026-03-11,SKU_004,14,STORE_01,0,0,Sunny,16.2,Apparel,50.71,93.58,178,31,14
2026-03-11,SKU_005,0,STORE_02,0,0,Sunny,16.2,Home & Kitchen,144.78,283.08,13,91,9
2026-03-11,SKU_006,7,STORE_02,0,0,Sunny,16.2,Home & Kitchen,34.27,61.62,116,37,13
2026-03-11,SKU_007,12,STORE_01,0,0,Sunny,16.2,Groceries,63.35,111.77,59,50,13
2026-03-11,SKU_008,6,STORE_01,0,0,Sunny,16.2,Apparel,77.29,104.6,103,100,13
2026-03-11,SKU_009,6,STORE_01,0,0,Sunny,16.2,Electronics,13.65,22.2,97,26,5
2026-03-11,SKU_010,21,STORE_01,0,0,Sunny,16.2,Apparel,54.66,105.41,220,66,9
2026-03-11,SKU_011,12,STORE_02,0,0,Sunny,16.2,Home & Kitchen,41.13,78.19,257,73,13
2026-03-11,SKU_012,6,STORE_01,0,0,Sunny,16.2,Home & Kitchen,138.43,215.85,73,53,5
2026-03-11,SKU_013,9,STORE_02,0,0,Sunny,16.2,Groceries,63.38,95.43,292,53,8
2026-03-11,SKU_014,21,STORE_02,0,0,Sunny,16.2,Groceries,114.03,157.27,120,69,7
2026-03-11,SKU_015,20,STORE_01,0,0,Sunny,16.2,Home & Kitchen,28.9,40.43,190,49,3
2026-03-11,SKU_016,26,STORE_01,0,0,Sunny,16.2,Home & Kitchen,66.47,120.94,211,98,3
2026-03-11,SKU_017,21,STORE_01,0,0,Sunny,16.2,Electronics,97.91,176.78,209,72,3
2026-03-11,SKU_018,55,STORE_03,0,0,Sunny,16.2,Groceries,129.16,218.5,226,56,14
2026-03-11,SKU_019,29,STORE_03,0,0,Sunny,16.2,Apparel,107.94,154.53,202,92,8
2026-03-11,SKU_020,17,STORE_02,0,0,Sunny,16.2,Apparel,91.87,157.08,203,69,8
2026-03-12,SKU_001,14,STORE_03,0,0,Rainy,15.6,Groceries,89.11,173.34,225,59,3
2026-03-12,SKU_002,27,STORE_01,0,0,Rainy,15.6,Groceries,93.67,139.52,92,48,10
2026-03-12,SKU_003,23,STORE_03,0,0,Rainy,15.6,Apparel,76.77,144.31,39,57,13
2026-03-12,SKU_004,27,STORE_01,0,0,Rainy,15.6,Apparel,50.71,93.58,178,31,14
2026-03-12,SKU_005,4,STORE_02,0,0,Rainy,15.6,Home & Kitchen,144.78,283.08,13,91,9
2026-03-12,SKU_006,14,STORE_01,0,0,Rainy,15.6,Home & Kitchen,34.27,61.62,116,37,13
2026-03-12,SKU_007,19,STORE_02,0,0,Rainy,15.6,Groceries,63.35,111.77,59,50,13
2026-03-12,SKU_008,9,STORE_02,0,0,Rainy,15.6,Apparel,77.29,104.6,103,100,13
2026-03-12,SKU_009,12,STORE_01,0,0,Rainy,15.6,Electronics,13.65,22.2,97,26,5
2026-03-12,SKU_010,21,STORE_02,0,0,Rainy,15.6,Apparel,54.66,105.41,220,66,9
2026-03-12,SKU_011,13,STORE_01,0,0,Rainy,15.6,Home & Kitchen,41.13,78.19,257,73,13
2026-03-12,SKU_012,32,STORE_03,0,0,Rainy,15.6,Home & Kitchen,138.43,215.85,73,53,5
2026-03-12,SKU_013,16,STORE_02,0,0,Rainy,15.6,Groceries,63.38,95.43,292,53,8
2026-03-12,SKU_014,29,STORE_03,0,0,Rainy,15.6,Groceries,114.03,157.27,120,69,7
2026-03-12,SKU_015,29,STORE_02,0,0,Rainy,15.6,Home & Kitchen,28.9,40.43,190,49,3
2026-03-12,SKU_016,0,STORE_03,0,0,Rainy,15.6,Home & Kitchen,66.47,120.94,211,98,3
2026-03-12,SKU_017,13,STORE_02,0,0,Rainy,15.6,Electronics,97.91,176.78,209,72,3
2026-03-12,SKU_018,32,STORE_03,0,0,Rainy,15.6,Groceries,129.16,218.5,226,56,14
2026-03-12,SKU_019,24,STORE_01,0,0,Rainy,15.6,Apparel,107.94,154.53,202,92,8
2026-03-12,SKU_020,3,STORE_02,0,0,Rainy,15.6,Apparel,91.87,157.08,203,69,8
2026-03-13,SKU_001,27,STORE_01,0,0,Stormy,34.1,Groceries,89.11,173.34,225,59,3
2026-03-13,SKU_002,21,STORE_02,0,0,Stormy,34.1,Groceries,93.67,139.52,92,48,10
2026-03-13,SKU_003,19,STORE_02,0,0,Stormy,34.1,Apparel,76.77,144.31,39,57,13
2026-03-13,SKU_004,32,STORE_01,0,0,Stormy,34.1,Apparel,50.71,93.58,178,31,14
2026-03-13,SKU_005,14,STORE_01,0,0,Stormy,34.1,Home & Kitchen,144.78,283.08,13,91,9
2026-03-13,SKU_006,12,STORE_02,0,0,Stormy,34.1,Home & Kitchen,34.27,61.62,116,37,13
2026-03-13,SKU_007,26,STORE_03,0,0,Stormy,34.1,Groceries,63.35,111.77,59,50,13
2026-03-13,SKU_008,74,STORE_01,0,0,Stormy,34.1,Apparel,77.29,104.6,103,100,13
2026-03-13,SKU_009,15,STORE_01,0,0,Stormy,34.1,Electronics,13.65,22.2,97,26,5
2026-03-13,SKU_010,18,STORE_01,0,0,Stormy,34.1,Apparel,54.66,105.41,220,66,9
2026-03-13,SKU_011,14,STORE_02,0,0,Stormy,34.1,Home & Kitchen,41.13,78.19,257,73,13
2026-03-13,SKU_012,11,STORE_02,0,0,Stormy,34.1,Home & Kitchen,138.43,215.85,73,53,5
2026-03-13,SKU_013,6,STORE_01,0,0,Stormy,34.1,Groceries,63.38,95.43,292,53,8
2026-03-13,SKU_014,56,STORE_03,0,0,Stormy,34.1,Groceries,114.03,157.27,120,69,7
2026-03-13,SKU_015,17,STORE_01,0,0,Stormy,34.1,Home & Kitchen,28.9,40.43,190,49,3
2026-03-13,SKU_016,14,STORE_03,0,0,Stormy,34.1,Home & Kitchen,66.47,120.94,211,98,3
2026-03-13,SKU_017,7,STORE_02,0,0,Stormy,34.1,Electronics,97.91,176.78,209,72,3
2026-03-13,SKU_018,28,STORE_01,0,0,Stormy,34.1,Groceries,129.16,218.5,226,56,14
2026-03-13,SKU_019,4,STORE_03,0,0,Stormy,34.1,Apparel,107.94,154.53,202,92,8
2026-03-13,SKU_020,5,STORE_03,0,0,Stormy,34.1,Apparel,91.87,157.08,203,69,8
2026-03-14,SKU_001,7,STORE_03,0,0,Stormy,26.9,Groceries,89.11,173.34,225,59,3
2026-03-14,SKU_002,15,STORE_03,0,0,Stormy,26.9,Groceries,93.67,139.52,92,48,10
2026-03-14,SKU_003,29,STORE_03,0,0,Stormy,26.9,Apparel,76.77,144.31,39,57,13
2026-03-14,SKU_004,14,STORE_03,0,0,Stormy,26.9,Apparel,50.71,93.58,178,31,14
2026-03-14,SKU_005,28,STORE_02,0,0,Stormy,26.9,Home & Kitchen,144.78,283.08,13,91,9
2026-03-14,SKU_006,26,STORE_03,0,0,Stormy,26.9,Home & Kitchen,34.27,61.62,116,37,13
2026-03-14,SKU_007,29,STORE_01,0,0,Stormy,26.9,Groceries,63.35,111.77,59,50,13
2026-03-14,SKU_008,31,STORE_01,0,0,Stormy,26.9,Apparel,77.29,104.6,103,100,13
2026-03-14,SKU_009,12,STORE_03,0,0,Stormy,26.9,Electronics,13.65,22.2,97,26,5
2026-03-14,SKU_010,14,STORE_01,0,0,Stormy,26.9,Apparel,54.66,105.41,220,66,9
2026-03-14,SKU_011,8,STORE_01,0,0,Stormy,26.9,Home & Kitchen,41.13,78.19,257,73,13
2026-03-14,SKU_012,24,STORE_01,0,0,Stormy,26.9,Home & Kitchen,138.43,215.85,73,53,5
2026-03-14,SKU_013,40,STORE_01,0,0,Stormy,26.9,Groceries,63.38,95.43,292,53,8
2026-03-14,SKU_014,12,STORE_03,0,0,Stormy,26.9,Groceries,114.03,157.27,120,69,7
2026-03-14,SKU_015,28,STORE_03,0,0,Stormy,26.9,Home & Kitchen,28.9,40.43,190,49,3
2026-03-14,SKU_016,11,STORE_02,0,0,Stormy,26.9,Home & Kitchen,66.47,120.94,211,98,3
2026-03-14,SKU_017,36,STORE_01,0,0,Stormy,26.9,Electronics,97.91,176.78,209,72,3
2026-03-14,SKU_018,20,STORE_03,0,0,Stormy,26.9,Groceries,129.16,218.5,226,56,14
2026-03-14,SKU_019,8,STORE_01,0,0,Stormy,26.9,Apparel,107.94,154.53,202,92,8
2026-03-14,SKU_020,12,STORE_01,0,0,Stormy,26.9,Apparel,91.87,157.08,203,69,8
2026-03-15,SKU_001,40,STORE_02,0,0,Clear,18.1,Groceries,89.11,173.34,225,59,3
2026-03-15,SKU_002,27,STORE_03,0,0,Clear,18.1,Groceries,93.67,139.52,92,48,10
2026-03-15,SKU_003,37,STORE_01,0,0,Clear,18.1,Apparel,76.77,144.31,39,57,13
2026-03-15,SKU_004,29,STORE_01,0,0,Clear,18.1,Apparel,50.71,93.58,178,31,14
2026-03-15,SKU_005,33,STORE_03,0,0,Clear,18.1,Home & Kitchen,144.78,283.08,13,91,9
2026-03-15,SKU_006,28,STORE_02,0,0,Clear,18.1,Home & Kitchen,34.27,61.62,116,37,13
2026-03-15,SKU_007,8,STORE_03,0,0,Clear,18.1,Groceries,63.35,111.77,59,50,13
2026-03-15,SKU_008,34,STORE_03,0,0,Clear,18.1,Apparel,77.29,104.6,103,100,13
2026-03-15,SKU_009,29,STORE_03,0,0,Clear,18.1,Electronics,13.65,22.2,97,26,5
2026-03-15,SKU_010,32,STORE_01,0,0,Clear,18.1,Apparel,54.66,105.41,220,66,9
2026-03-15,SKU_011,18,STORE_03,0,0,Clear,18.1,Home & Kitchen,41.13,78.19,257,73,13
2026-03-15,SKU_012,8,STORE_02,0,0,Clear,18.1,Home & Kitchen,138.43,215.85,73,53,5
2026-03-15,SKU_013,17,STORE_02,0,0,Clear,18.1,Groceries,63.38,95.43,292,53,8
2026-03-15,SKU_014,2,STORE_03,0,0,Clear,18.1,Groceries,114.03,157.27,120,69,7
2026-03-15,SKU_015,22,STORE_03,0,0,Clear,18.1,Home & Kitchen,28.9,40.43,190,49,3
2026-03-15,SKU_016,22,STORE_02,0,0,Clear,18.1,Home & Kitchen,66.47,120.94,211,98,3
2026-03-15,SKU_017,24,STORE_01,0,0,Clear,18.1,Electronics,97.91,176.78,209,72,3
2026-03-15,SKU_018,6,STORE_02,0,0,Clear,18.1,Groceries,129.16,218.5,226,56,14
2026-03-15,SKU_019,10,STORE_03,0,0,Clear,18.1,Apparel,107.94,154.53,202,92,8
2026-03-15,SKU_020,36,STORE_01,0,0,Clear,18.1,Apparel,91.87,157.08,203,69,8
2026-03-16,SKU_001,30,STORE_03,0,0,Stormy,19.9,Groceries,89.11,173.34,225,59,3
2026-03-16,SKU_002,27,STORE_01,0,0,Stormy,19.9,Groceries,93.67,139.52,92,48,10
2026-03-16,SKU_003,27,STORE_01,0,0,Stormy,19.9,Apparel,76.77,144.31,39,57,13
2026-03-16,SKU_004,14,STORE_01,0,0,Stormy,19.9,Apparel,50.71,93.58,178,31,14
2026-03-16,SKU_005,4,STORE_02,0,0,Stormy,19.9,Home & Kitchen,144.78,283.08,13,91,9
2026-03-16,SKU_006,16,STORE_02,0,0,Stormy,19.9,Home & Kitchen,34.27,61.62,116,37,13
2026-03-16,SKU_007,12,STORE_01,0,0,Stormy,19.9,Groceries,63.35,111.77,59,50,13
2026-03-16,SKU_008,15,STORE_03,0,0,Stormy,19.9,Apparel,77.29,104.6,103,100,13
2026-03-16,SKU_009,18,STORE_01,0,0,Stormy,19.9,Electronics,13.65,22.2,97,26,5
2026-03-16,SKU_010,27,STORE_03,0,0,Stormy,19.9,Apparel,54.66,105.41,220,66,9
2026-03-16,SKU_011,18,STORE_01,0,0,Stormy,19.9,Home & Kitchen,41.13,78.19,257,73,13
2026-03-16,SKU_012,29,STORE_02,0,0,Stormy,19.9,Home & Kitchen,138.43,215.85,73,53,5
2026-03-16,SKU_013,6,STORE_03,0,0,Stormy,19.9,Groceries,63.38,95.43,292,53,8
2026-03-16,SKU_014,18,STORE_01,0,0,Stormy,19.9,Groceries,114.03,157.27,120,69,7
2026-03-16,SKU_015,15,STORE_01,0,0,Stormy,19.9,Home & Kitchen,28.9,40.43,190,49,3
2026-03-16,SKU_016,15,STORE_01,0,0,Stormy,19.9,Home & Kitchen,66.47,120.94,211,98,3
2026-03-16,SKU_017,7,STORE_03,0,0,Stormy,19.9,Electronics,97.91,176.78,209,72,3
2026-03-16,SKU_018,5,STORE_03,0,0,Stormy,19.9,Groceries,129.16,218.5,226,56,14
2026-03-16,SKU_019,20,STORE_01,0,0,Stormy,19.9,Apparel,107.94,154.53,202,92,8
2026-03-16,SKU_020,9,STORE_03,0,0,Stormy,19.9,Apparel,91.87,157.08,203,69,8
2026-03-17,SKU_001,6,STORE_01,0,0,Stormy,24.2,Groceries,89.11,173.34,225,59,3
2026-03-17,SKU_002,18,STORE_01,0,0,Stormy,24.2,Groceries,93.67,139.52,92,48,10
2026-03-17,SKU_003,15,STORE_02,0,0,Stormy,24.2,Apparel,76.77,144.31,39,57,13
2026-03-17,SKU_004,19,STORE_02,0,0,Stormy,24.2,Apparel,50.71,93.58,178,31,14
2026-03-17,SKU_005,19,STORE_03,0,0,Stormy,24.2,Home & Kitchen,144.78,283.08,13,91,9
2026-03-17,SKU_006,27,STORE_03,0,0,Stormy,24.2,Home & Kitchen,34.27,61.62,116,37,13
2026-03-17,SKU_007,15,STORE_02,0,0,Stormy,24.2,Groceries,63.35,111.77,59,50,13
2026-03-17,SKU_008,21,STORE_01,0,0,Stormy,24.2,Apparel,77.29,104.6,103,100,13
2026-03-17,SKU_009,22,STORE_03,0,0,Stormy,24.2,Electronics,13.65,22.2,97,26,5
2026-03-17,SKU_010,11,STORE_03,0,0,Stormy,24.2,Apparel,54.66,105.41,220,66,9
2026-03-17,SKU_011,22,STORE_01,0,0,Stormy,24.2,Home & Kitchen,41.13,78.19,257,73,13
2026-03-17,SKU_012,17,STORE_02,0,0,Stormy,24.2,Home & Kitchen,138.43,215.85,73,53,5
2026-03-17,SKU_013,9,STORE_01,0,0,Stormy,24.2,Groceries,63.38,95.43,292,53,8
2026-03-17,SKU_014,26,STORE_02,0,0,Stormy,24.2,Groceries,114.03,157.27,120,69,7
2026-03-17,SKU_015,16,STORE_03,0,0,Stormy,24.2,Home & Kitchen,28.9,40.43,190,49,3
2026-03-17,SKU_016,6,STORE_03,0,0,Stormy,24.2,Home & Kitchen,66.47,120.94,211,98,3
2026-03-17,SKU_017,22,STORE_02,0,0,Stormy,24.2,Electronics,97.91,176.78,209,72,3
2026-03-17,SKU_018,11,STORE_01,0,0,Stormy,24.2,Groceries,129.16,218.5,226,56,14
2026-03-17,SKU_019,27,STORE_03,0,0,Stormy,24.2,Apparel,107.94,154.53,202,92,8
2026-03-17,SKU_020,18,STORE_02,0,0,Stormy,24.2,Apparel,91.87,157.08,203,69,8
2026-03-18,SKU_001,24,STORE_02,0,0,Rainy,21.9,Groceries,89.11,173.34,225,59,3
2026-03-18,SKU_002,0,STORE_01,0,0,Rainy,21.9,Groceries,93.67,139.52,92,48,10
2026-03-18,SKU_003,6,STORE_02,0,0,Rainy,21.9,Apparel,76.77,144.31,39,57,13
2026-03-18,SKU_004,20,STORE_03,0,0,Rainy,21.9,Apparel,50.71,93.58,178,31,14
2026-03-18,SKU_005,10,STORE_03,0,0,Rainy,21.9,Home & Kitchen,144.78,283.08,13,91,9
2026-03-18,SKU_006,6,STORE_03,0,0,Rainy,21.9,Home & Kitchen,34.27,61.62,116,37,13
2026-03-18,SKU_007,23,STORE_02,0,0,Rainy,21.9,Groceries,63.35,111.77,59,50,13
2026-03-18,SKU_008,16,STORE_02,0,0,Rainy,21.9,Apparel,77.29,104.6,103,100,13
2026-03-18,SKU_009,12,STORE_03,0,0,Rainy,21.9,Electronics,13.65,22.2,97,26,5
2026-03-18,SKU_010,25,STORE_03,0,0,Rainy,21.9,Apparel,54.66,105.41,220,66,9
2026-03-18,SKU_011,11,STORE_02,0,0,Rainy,21.9,Home & Kitchen,41.13,78.19,257,73,13
2026-03-18,SKU_012,13,STORE_02,0,0,Rainy,21.9,Home & Kitchen,138.43,215.85,73,53,5
2026-03-18,SKU_013,4,STORE_01,0,0,Rainy,21.9,Groceries,63.38,95.43,292,53,8
2026-03-18,SKU_014,12,STORE_02,0,0,Rainy,21.9,Groceries,114.03,157.27,120,69,7
2026-03-18,SKU_015,8,STORE_01,0,0,Rainy,21.9,Home & Kitchen,28.9,40.43,190,49,3
2026-03-18,SKU_016,20,STORE_01,0,0,Rainy,21.9,Home & Kitchen,66.47,120.94,211,98,3
2026-03-18,SKU_017,17,STORE_02,0,0,Rainy,21.9,Electronics,97.91,176.78,209,72,3
2026-03-18,SKU_018,12,STORE_03,0,0,Rainy,21.9,Groceries,129.16,218.5,226,56,14
2026-03-18,SKU_019,17,STORE_01,0,0,Rainy,21.9,Apparel,107.94,154.53,202,92,8
2026-03-18,SKU_020,17,STORE_02,0,0,Rainy,21.9,Apparel,91.87,157.08,203,69,8
2026-03-19,SKU_001,11,STORE_01,0,0,Rainy,20.4,Groceries,89.11,173.34,225,59,3
2026-03-19,SKU_002,14,STORE_03,0,0,Rainy,20.4,Groceries,93.67,139.52,92,48,10
2026-03-19,SKU_003,23,STORE_03,0,0,Rainy,20.4,Apparel,76.77,144.31,39,57,13
2026-03-19,SKU_004,8,STORE_02,0,0,Rainy,20.4,Apparel,50.71,93.58,178,31,14
2026-03-19,SKU_005,6,STORE_01,0,0,Rainy,20.4,Home & Kitchen,144.78,283.08,13,91,9
2026-03-19,SKU_006,33,STORE_03,0,0,Rainy,20.4,Home & Kitchen,34.27,61.62,116,37,13
2026-03-19,SKU_007,13,STORE_03,0,0,Rainy,20.4,Groceries,63.35,111.77,59,50,13
2026-03-19,SKU_008,6,STORE_02,0,0,Rainy,20.4,Apparel,77.29,104.6,103,100,13
2026-03-19,SKU_009,6,STORE_02,0,0,Rainy,20.4,Electronics,13.65,22.2,97,26,5
2026-03-19,SKU_010,22,STORE_03,0,0,Rainy,20.4,Apparel,54.66,105.41,220,66,9
2026-03-19,SKU_011,20,STORE_02,0,0,Rainy,20.4,Home & Kitchen,41.13,78.19,257,73,13
2026-03-19,SKU_012,31,STORE_01,0,0,Rainy,20.4,Home & Kitchen,138.43,215.85,73,53,5
2026-03-19,SKU_013,16,STORE_02,0,0,Rainy,20.4,Groceries,63.38,95.43,292,53,8
2026-03-19,SKU_014,30,STORE_02,0,0,Rainy,20.4,Groceries,114.03,157.27,120,69,7
2026-03-19,SKU_015,26,STORE_03,0,0,Rainy,20.4,Home & Kitchen,28.9,40.43,190,49,3
2026-03-19,SKU_016,4,STORE_01,0,0,Rainy,20.4,Home & Kitchen,66.47,120.94,211,98,3
2026-03-19,SKU_017,27,STORE_02,0,0,Rainy,20.4,Electronics,97.91,176.78,209,72,3
2026-03-19,SKU_018,20,STORE_01,0,0,Rainy,20.4,Groceries,129.16,218.5,226,56,14
2026-03-19,SKU_019,17,STORE_02,0,0,Rainy,20.4,Apparel,107.94,154.53,202,92,8
2026-03-19,SKU_020,4,STORE_03,0,0,Rainy,20.4,Apparel,91.87,157.08,203,69,8
2026-03-20,SKU_001,16,STORE_01,0,0,Stormy,34.5,Groceries,89.11,173.34,225,59,3
2026-03-20,SKU_002,24,STORE_03,0,0,Stormy,34.5,Groceries,93.67,139.52,92,48,10
2026-03-20,SKU_003,16,STORE_02,0,0,Stormy,34.5,Apparel,76.77,144.31,39,57,13
2026-03-20,SKU_004,5,STORE_02,0,0,Stormy,34.5,Apparel,50.71,93.58,178,31,14
2026-03-20,SKU_005,17,STORE_01,0,0,Stormy,34.5,Home & Kitchen,144.78,283.08,13,91,9
2026-03-20,SKU_006,10,STORE_03,0,0,Stormy,34.5,Home & Kitchen,34.27,61.62,116,37,13
2026-03-20,SKU_007,19,STORE_03,0,0,Stormy,34.5,Groceries,63.35,111.77,59,50,13
2026-03-20,SKU_008,8,STORE_03,0,0,Stormy,34.5,Apparel,77.29,104.6,103,100,13
2026-03-20,SKU_009,7,STORE_02,0,0,Stormy,34.5,Electronics,13.65,22.2,97,26,5
2026-03-20,SKU_010,83,STORE_01,0,0,Stormy,34.5,Apparel,54.66,105.41,220,66,9
2026-03-20,SKU_011,11,STORE_03,0,0,Stormy,34.5,Home & Kitchen,41.13,78.19,257,73,13
2026-03-20,SKU_012,10,STORE_01,0,0,Stormy,34.5,Home & Kitchen,138.43,215.85,73,53,5
2026-03-20,SKU_013,20,STORE_03,0,0,Stormy,34.5,Groceries,63.38,95.43,292,53,8
2026-03-20,SKU_014,32,STORE_03,0,0,Stormy,34.5,Groceries,114.03,157.27,120,69,7
2026-03-20,SKU_015,21,STORE_02,0,0,Stormy,34.5,Home & Kitchen,28.9,40.43,190,49,3
2026-03-20,SKU_016,20,STORE_01,0,0,Stormy,34.5,Home & Kitchen,66.47,120.94,211,98,3
2026-03-20,SKU_017,10,STORE_02,0,0,Stormy,34.5,Electronics,97.91,176.78,209,72,3
2026-03-20,SKU_018,27,STORE_03,0,0,Stormy,34.5,Groceries,129.16,218.5,226,56,14
2026-03-20,SKU_019,13,STORE_03,0,0,Stormy,34.5,Apparel,107.94,154.53,202,92,8
2026-03-20,SKU_020,6,STORE_03,0,0,Stormy,34.5,Apparel,91.87,157.08,203,69,8
2026-03-21,SKU_001,46,STORE_02,0,0,Clear,22.8,Groceries,89.11,173.34,225,59,3
2026-03-21,SKU_002,17,STORE_02,0,0,Clear,22.8,Groceries,93.67,139.52,92,48,10
2026-03-21,SKU_003,11,STORE_02,0,0,Clear,22.8,Apparel,76.77,144.31,39,57,13
2026-03-21,SKU_004,14,STORE_01,0,0,Clear,22.8,Apparel,50.71,93.58,178,31,14
2026-03-21,SKU_005,22,STORE_03,0,0,Clear,22.8,Home & Kitchen,144.78,283.08,13,91,9
2026-03-21,SKU_006,29,STORE_03,0,0,Clear,22.8,Home & Kitchen,34.27,61.62,116,37,13
2026-03-21,SKU_007,9,STORE_01,0,0,Clear,22.8,Groceries,63.35,111.77,59,50,13
2026-03-21,SKU_008,16,STORE_02,0,0,Clear,22.8,Apparel,77.29,104.6,103,100,13
2026-03-21,SKU_009,10,STORE_03,0,0,Clear,22.8,Electronics,13.65,22.2,97,26,5
2026-03-21,SKU_010,25,STORE_03,0,0,Clear,22.8,Apparel,54.66,105.41,220,66,9
2026-03-21,SKU_011,7,STORE_01,0,0,Clear,22.8,Home & Kitchen,41.13,78.19,257,73,13
2026-03-21,SKU_012,21,STORE_01,0,0,Clear,22.8,Home & Kitchen,138.43,215.85,73,53,5
2026-03-21,SKU_013,6,STORE_02,0,0,Clear,22.8,Groceries,63.38,95.43,292,53,8
2026-03-21,SKU_014,33,STORE_03,0,0,Clear,22.8,Groceries,114.03,157.27,120,69,7
2026-03-21,SKU_015,5,STORE_01,0,0,Clear,22.8,Home & Kitchen,28.9,40.43,190,49,3
2026-03-21,SKU_016,9,STORE_03,0,0,Clear,22.8,Home & Kitchen,66.47,120.94,211,98,3
2026-03-21,SKU_017,24,STORE_02,0,0,Clear,22.8,Electronics,97.91,176.78,209,72,3
2026-03-21,SKU_018,22,STORE_03,0,0,Clear,22.8,Groceries,129.16,218.5,226,56,14
2026-03-21,SKU_019,17,STORE_01,0,0,Clear,22.8,Apparel,107.94,154.53,202,92,8
2026-03-21,SKU_020,36,STORE_02,0,0,Clear,22.8,Apparel,91.87,157.08,203,69,8
2026-03-22,SKU_001,23,STORE_02,0,0,Clear,30.0,Groceries,89.11,173.34,225,59,3
2026-03-22,SKU_002,38,STORE_03,0,0,Clear,30.0,Groceries,93.67,139.52,92,48,10
2026-03-22,SKU_003,36,STORE_02,0,0,Clear,30.0,Apparel,76.77,144.31,39,57,13
2026-03-22,SKU_004,15,STORE_02,0,0,Clear,30.0,Apparel,50.71,93.58,178,31,14
2026-03-22,SKU_005,21,STORE_01,0,0,Clear,30.0,Home & Kitchen,144.78,283.08,13,91,9
2026-03-22,SKU_006,18,STORE_01,0,0,Clear,30.0,Home & Kitchen,34.27,61.62,116,37,13
2026-03-22,SKU_007,35,STORE_03,0,0,Clear,30.0,Groceries,63.35,111.77,59,50,13
2026-03-22,SKU_008,17,STORE_01,0,0,Clear,30.0,Apparel,77.29,104.6,103,100,13
2026-03-22,SKU_009,39,STORE_02,0,0,Clear,30.0,Electronics,13.65,22.2,97,26,5
2026-03-22,SKU_010,12,STORE_01,0,0,Clear,30.0,Apparel,54.66,105.41,220,66,9
2026-03-22,SKU_011,25,STORE_02,0,0,Clear,30.0,Home & Kitchen,41.13,78.19,257,73,13
2026-03-22,SKU_012,26,STORE_01,0,0,Clear,30.0,Home & Kitchen,138.43,215.85,73,53,5
2026-03-22,SKU_013,13,STORE_01,0,0,Clear,30.0,Groceries,63.38,95.43,292,53,8
2026-03-22,SKU_014,24,STORE_01,0,0,Clear,30.0,Groceries,114.03,157.27,120,69,7
2026-03-22,SKU_015,16,STORE_01,0,0,Clear,30.0,Home & Kitchen,28.9,40.43,190,49,3
2026-03-22,SKU_016,19,STORE_03,0,0,Clear,30.0,Home & Kitchen,66.47,120.94,211,98,3
2026-03-22,SKU_017,20,STORE_02,0,0,Clear,30.0,Electronics,97.91,176.78,209,72,3
2026-03-22,SKU_018,3,STORE_01,0,0,Clear,30.0,Groceries,129.16,218.5,226,56,14
2026-03-22,SKU_019,7,STORE_01,0,0,Clear,30.0,Apparel,107.94,154.53,202,92,8
2026-03-22,SKU_020,14,STORE_02,0,0,Clear,30.0,Apparel,91.87,157.08,203,69,8
2026-03-23,SKU_001,21,STORE_01,0,0,Clear,32.8,Groceries,89.11,173.34,225,59,3
2026-03-23,SKU_002,9,STORE_01,0,0,Clear,32.8,Groceries,93.67,139.52,92,48,10
2026-03-23,SKU_003,12,STORE_03,0,0,Clear,32.8,Apparel,76.77,144.31,39,57,13
2026-03-23,SKU_004,21,STORE_01,0,0,Clear,32.8,Apparel,50.71,93.58,178,31,14
2026-03-23,SKU_005,17,STORE_01,0,0,Clear,32.8,Home & Kitchen,144.78,283.08,13,91,9
2026-03-23,SKU_006,8,STORE_01,0,0,Clear,32.8,Home & Kitchen,34.27,61.62,116,37,13
2026-03-23,SKU_007,17,STORE_03,0,0,Clear,32.8,Groceries,63.35,111.77,59,50,13
2026-03-23,SKU_008,3,STORE_02,0,0,Clear,32.8,Apparel,77.29,104.6,103,100,13
2026-03-23,SKU_009,28,STORE_02,0,0,Clear,32.8,Electronics,13.65,22.2,97,26,5
2026-03-23,SKU_010,9,STORE_01,0,0,Clear,32.8,Apparel,54.66,105.41,220,66,9
2026-03-23,SKU_011,7,STORE_02,0,0,Clear,32.8,Home & Kitchen,41.13,78.19,257,73,13
2026-03-23,SKU_012,8,STORE_03,0,0,Clear,32.8,Home & Kitchen,138.43,215.85,73,53,5
2026-03-23,SKU_013,25,STORE_02,0,0,Clear,32.8,Groceries,63.38,95.43,292,53,8
2026-03-23,SKU_014,17,STORE_01,0,0,Clear,32.8,Groceries,114.03,157.27,120,69,7
2026-03-23,SKU_015,25,STORE_03,0,0,Clear,32.8,Home & Kitchen,28.9,40.43,190,49,3
2026-03-23,SKU_016,1,STORE_02,0,0,Clear,32.8,Home & Kitchen,66.47,120.94,211,98,3
2026-03-23,SKU_017,20,STORE_01,0,0,Clear,32.8,Electronics,97.91,176.78,209,72,3
2026-03-23,SKU_018,18,STORE_01,0,0,Clear,32.8,Groceries,129.16,218.5,226,56,14
2026-03-23,SKU_019,30,STORE_02,0,0,Clear,32.8,Apparel,107.94,154.53,202,92,8
2026-03-23,SKU_020,18,STORE_03,0,0,Clear,32.8,Apparel,91.87,157.08,203,69,8
2026-03-24,SKU_001,15,STORE_03,0,0,Stormy,31.6,Groceries,89.11,173.34,225,59,3
2026-03-24,SKU_002,27,STORE_02,0,0,Stormy,31.6,Groceries,93.67,139.52,92,48,10
2026-03-24,SKU_003,20,STORE_03,0,0,Stormy,31.6,Apparel,76.77,144.31,39,57,13
2026-03-24,SKU_004,29,STORE_01,0,0,Stormy,31.6,Apparel,50.71,93.58,178,31,14
2026-03-24,SKU_005,11,STORE_02,0,0,Stormy,31.6,Home & Kitchen,144.78,283.08,13,91,9
2026-03-24,SKU_006,23,STORE_03,0,0,Stormy,31.6,Home & Kitchen,34.27,61.62,116,37,13
2026-03-24,SKU_007,9,STORE_01,0,0,Stormy,31.6,Groceries,63.35,111.77,59,50,13
2026-03-24,SKU_008,21,STORE_03,0,0,Stormy,31.6,Apparel,77.29,104.6,103,100,13
2026-03-24,SKU_009,18,STORE_03,0,0,Stormy,31.6,Electronics,13.65,22.2,97,26,5
2026-03-24,SKU_010,3,STORE_02,0,0,Stormy,31.6,Apparel,54.66,105.41,220,66,9
2026-03-24,SKU_011,14,STORE_02,0,0,Stormy,31.6,Home & Kitchen,41.13,78.19,257,73,13
2026-03-24,SKU_012,1,STORE_01,0,0,Stormy,31.6,Home & Kitchen,138.43,215.85,73,53,5
2026-03-24,SKU_013,5,STORE_03,0,0,Stormy,31.6,Groceries,63.38,95.43,292,53,8
2026-03-24,SKU_014,36,STORE_02,0,0,Stormy,31.6,Groceries,114.03,157.27,120,69,7
2026-03-24,SKU_015,22,STORE_02,0,0,Stormy,31.6,Home & Kitchen,28.9,40.43,190,49,3
2026-03-24,SKU_016,24,STORE_01,0,0,Stormy,31.6,Home & Kitchen,66.47,120.94,211,98,3
2026-03-24,SKU_017,3,STORE_01,0,0,Stormy,31.6,Electronics,97.91,176.78,209,72,3
2026-03-24,SKU_018,27,STORE_03,0,0,Stormy,31.6,Groceries,129.16,218.5,226,56,14
2026-03-24,SKU_019,67,STORE_01,0,0,Stormy,31.6,Apparel,107.94,154.53,202,92,8
2026-03-24,SKU_020,20,STORE_01,0,0,Stormy,31.6,Apparel,91.87,157.08,203,69,8
2026-03-25,SKU_001,17,STORE_03,0,0,Clear,24.7,Groceries,89.11,173.34,225,59,3
2026-03-25,SKU_002,12,STORE_01,0,0,Clear,24.7,Groceries,93.67,139.52,92,48,10
2026-03-25,SKU_003,32,STORE_02,0,0,Clear,24.7,Apparel,76.77,144.31,39,57,13
2026-03-25,SKU_004,17,STORE_01,0,0,Clear,24.7,Apparel,50.71,93.58,178,31,14
2026-03-25,SKU_005,22,STORE_01,0,0,Clear,24.7,Home & Kitchen,144.78,283.08,13,91,9
2026-03-25,SKU_006,22,STORE_01,0,0,Clear,24.7,Home & Kitchen,34.27,61.62,116,37,13
2026-03-25,SKU_007,26,STORE_03,0,0,Clear,24.7,Groceries,63.35,111.77,59,50,13
2026-03-25,SKU_008,15,STORE_01,0,0,Clear,24.7,Apparel,77.29,104.6,103,100,13
2026-03-25,SKU_009,29,STORE_01,0,0,Clear,24.7,Electronics,13.65,22.2,97,26,5
2026-03-25,SKU_010,20,STORE_01,0,0,Clear,24.7,Apparel,54.66,105.41,220,66,9
2026-03-25,SKU_011,26,STORE_01,0,0,Clear,24.7,Home & Kitchen,41.13,78.19,257,73,13
2026-03-25,SKU_012,16,STORE_02,0,0,Clear,24.7,Home & Kitchen,138.43,215.85,73,53,5
2026-03-25,SKU_013,18,STORE_01,0,0,Clear,24.7,Groceries,63.38,95.43,292,53,8
2026-03-25,SKU_014,14,STORE_01,0,0,Clear,24.7,Groceries,114.03,157.27,120,69,7
2026-03-25,SKU_015,21,STORE_03,0,0,Clear,24.7,Home & Kitchen,28.9,40.43,190,49,3
2026-03-25,SKU_016,27,STORE_01,0,0,Clear,24.7,Home & Kitchen,66.47,120.94,211,98,3
2026-03-25,SKU_017,8,STORE_01,0,0,Clear,24.7,Electronics,97.91,176.78,209,72,3
2026-03-25,SKU_018,6,STORE_02,0,0,Clear,24.7,Groceries,129.16,218.5,226,56,14
2026-03-25,SKU_019,30,STORE_01,0,0,Clear,24.7,Apparel,107.94,154.53,202,92,8
2026-03-25,SKU_020,69,STORE_02,0,0,Clear,24.7,Apparel,91.87,157.08,203,69,8
2026-03-26,SKU_001,16,STORE_02,0,0,Rainy,34.1,Groceries,89.11,173.34,225,59,3
2026-03-26,SKU_002,29,STORE_02,0,0,Rainy,34.1,Groceries,93.67,139.52,92,48,10
2026-03-26,SKU_003,29,STORE_02,0,0,Rainy,34.1,Apparel,76.77,144.31,39,57,13
2026-03-26,SKU_004,19,STORE_02,0,0,Rainy,34.1,Apparel,50.71,93.58,178,31,14
2026-03-26,SKU_005,19,STORE_01,0,0,Rainy,34.1,Home & Kitchen,144.78,283.08,13,91,9
2026-03-26,SKU_006,16,STORE_03,0,0,Rainy,34.1,Home & Kitchen,34.27,61.62,116,37,13
2026-03-26,SKU_007,21,STORE_03,0,0,Rainy,34.1,Groceries,63.35,111.77,59,50,13
2026-03-26,SKU_008,8,STORE_01,0,0,Rainy,34.1,Apparel,77.29,104.6,103,100,13
2026-03-26,SKU_009,7,STORE_03,0,0,Rainy,34.1,Electronics,13.65,22.2,97,26,5
2026-03-26,SKU_010,21,STORE_02,0,0,Rainy,34.1,Apparel,54.66,105.41,220,66,9
2026-03-26,SKU_011,27,STORE_03,0,0,Rainy,34.1,Home & Kitchen,41.13,78.19,257,73,13
2026-03-26,SKU_012,25,STORE_03,0,0,Rainy,34.1,Home & Kitchen,138.43,215.85,73,53,5
2026-03-26,SKU_013,8,STORE_03,0,0,Rainy,34.1,Groceries,63.38,95.43,292,53,8
2026-03-26,SKU_014,17,STORE_02,0,0,Rainy,34.1,Groceries,114.03,157.27,120,69,7
2026-03-26,SKU_015,7,STORE_03,0,0,Rainy,34.1,Home & Kitchen,28.9,40.43,190,49,3
2026-03-26,SKU_016,15,STORE_02,0,0,Rainy,34.1,Home & Kitchen,66.47,120.94,211,98,3
2026-03-26,SKU_017,20,STORE_01,0,0,Rainy,34.1,Electronics,97.91,176.78,209,72,3
2026-03-26,SKU_018,20,STORE_02,0,0,Rainy,34.1,Groceries,129.16,218.5,226,56,14
2026-03-26,SKU_019,3,STORE_03,0,0,Rainy,34.1,Apparel,107.94,154.53,202,92,8
2026-03-26,SKU_020,21,STORE_03,0,0,Rainy,34.1,Apparel,91.87,157.08,203,69,8
2026-03-27,SKU_001,22,STORE_01,0,0,Stormy,17.9,Groceries,89.11,173.34,225,59,3
2026-03-27,SKU_002,8,STORE_02,0,0,Stormy,17.9,Groceries,93.67,139.52,92,48,10
2026-03-27,SKU_003,15,STORE_02,0,0,Stormy,17.9,Apparel,76.77,144.31,39,57,13
2026-03-27,SKU_004,23,STORE_02,0,0,Stormy,17.9,Apparel,50.71,93.58,178,31,14
2026-03-27,SKU_005,22,STORE_03,0,0,Stormy,17.9,Home & Kitchen,144.78,283.08,13,91,9
2026-03-27,SKU_006,18,STORE_02,0,0,Stormy,17.9,Home & Kitchen,34.27,61.62,116,37,13
2026-03-27,SKU_007,6,STORE_02,0,0,Stormy,17.9,Groceries,63.35,111.77,59,50,13
2026-03-27,SKU_008,25,STORE_01,0,0,Stormy,17.9,Apparel,77.29,104.6,103,100,13
2026-03-27,SKU_009,29,STORE_01,0,0,Stormy,17.9,Electronics,13.65,22.2,97,26,5
2026-03-27,SKU_010,0,STORE_02,0,0,Stormy,17.9,Apparel,54.66,105.41,220,66,9
2026-03-27,SKU_011,20,STORE_01,0,0,Stormy,17.9,Home & Kitchen,41.13,78.19,257,73,13
2026-03-27,SKU_012,20,STORE_01,0,0,Stormy,17.9,Home & Kitchen,138.43,215.85,73,53,5
2026-03-27,SKU_013,23,STORE_02,0,0,Stormy,17.9,Groceries,63.38,95.43,292,53,8
2026-03-27,SKU_014,11,STORE_03,0,0,Stormy,17.9,Groceries,114.03,157.27,120,69,7
2026-03-27,SKU_015,16,STORE_02,0,0,Stormy,17.9,Home & Kitchen,28.9,40.43,190,49,3
2026-03-27,SKU_016,17,STORE_01,0,0,Stormy,17.9,Home & Kitchen,66.47,120.94,211,98,3
2026-03-27,SKU_017,29,STORE_03,0,0,Stormy,17.9,Electronics,97.91,176.78,209,72,3
2026-03-27,SKU_018,24,STORE_02,0,0,Stormy,17.9,Groceries,129.16,218.5,226,56,14
2026-03-27,SKU_019,20,STORE_03,0,0,Stormy,17.9,Apparel,107.94,154.53,202,92,8
2026-03-27,SKU_020,13,STORE_03,0,0,Stormy,17.9,Apparel,91.87,157.08,203,69,8
2026-03-28,SKU_001,10,STORE_02,0,0,Stormy,24.0,Groceries,89.11,173.34,225,59,3
2026-03-28,SKU_002,19,STORE_01,0,0,Stormy,24.0,Groceries,93.67,139.52,92,48,10
2026-03-28,SKU_003,28,STORE_03,0,0,Stormy,24.0,Apparel,76.77,144.31,39,57,13
2026-03-28,SKU_004,26,STORE_03,0,0,Stormy,24.0,Apparel,50.71,93.58,178,31,14
2026-03-28,SKU_005,32,STORE_03,0,0,Stormy,24.0,Home & Kitchen,144.78,283.08,13,91,9
2026-03-28,SKU_006,33,STORE_03,0,0,Stormy,24.0,Home & Kitchen,34.27,61.62,116,37,13
2026-03-28,SKU_007,21,STORE_02,0,0,Stormy,24.0,Groceries,63.35,111.77,59,50,13
2026-03-28,SKU_008,38,STORE_02,0,0,Stormy,24.0,Apparel,77.29,104.6,103,100,13
2026-03-28,SKU_009,36,STORE_03,0,0,Stormy,24.0,Electronics,13.65,22.2,97,26,5
2026-03-28,SKU_010,27,STORE_03,0,0,Stormy,24.0,Apparel,54.66,105.41,220,66,9
2026-03-28,SKU_011,5,STORE_02,0,0,Stormy,24.0,Home & Kitchen,41.13,78.19,257,73,13
2026-03-28,SKU_012,20,STORE_01,0,0,Stormy,24.0,Home & Kitchen,138.43,215.85,73,53,5
2026-03-28,SKU_013,17,STORE_01,0,0,Stormy,24.0,Groceries,63.38,95.43,292,53,8
2026-03-28,SKU_014,35,STORE_02,0,0,Stormy,24.0,Groceries,114.03,157.27,120,69,7
2026-03-28,SKU_015,19,STORE_01,0,0,Stormy,24.0,Home & Kitchen,28.9,40.43,190,49,3
2026-03-28,SKU_016,4,STORE_01,0,0,Stormy,24.0,Home & Kitchen,66.47,120.94,211,98,3
2026-03-28,SKU_017,12,STORE_03,0,0,Stormy,24.0,Electronics,97.91,176.78,209,72,3
2026-03-28,SKU_018,18,STORE_02,0,0,Stormy,24.0,Groceries,129.16,218.5,226,56,14
2026-03-28,SKU_019,23,STORE_01,0,0,Stormy,24.0,Apparel,107.94,154.53,202,92,8
2026-03-28,SKU_020,105,STORE_03,0,0,Stormy,24.0,Apparel,91.87,157.08,203,69,8
2026-03-29,SKU_001,8,STORE_02,0,0,Stormy,17.6,Groceries,89.11,173.34,225,59,3
2026-03-29,SKU_002,20,STORE_02,0,0,Stormy,17.6,Groceries,93.67,139.52,92,48,10
2026-03-29,SKU_003,16,STORE_02,0,0,Stormy,17.6,Apparel,76.77,144.31,39,57,13
2026-03-29,SKU_004,31,STORE_01,0,0,Stormy,17.6,Apparel,50.71,93.58,178,31,14
2026-03-29,SKU_005,33,STORE_03,0,0,Stormy,17.6,Home & Kitchen,144.78,283.08,13,91,9
2026-03-29,SKU_006,25,STORE_03,0,0,Stormy,17.6,Home & Kitchen,34.27,61.62,116,37,13
2026-03-29,SKU_007,40,STORE_01,0,0,Stormy,17.6,Groceries,63.35,111.77,59,50,13
2026-03-29,SKU_008,30,STORE_01,0,0,Stormy,17.6,Apparel,77.29,104.6,103,100,13
2026-03-29,SKU_009,19,STORE_02,0,0,Stormy,17.6,Electronics,13.65,22.2,97,26,5
2026-03-29,SKU_010,41,STORE_03,0,0,Stormy,17.6,Apparel,54.66,105.41,220,66,9
2026-03-29,SKU_011,36,STORE_03,0,0,Stormy,17.6,Home & Kitchen,41.13,78.19,257,73,13
2026-03-29,SKU_012,21,STORE_03,0,0,Stormy,17.6,Home & Kitchen,138.43,215.85,73,53,5
2026-03-29,SKU_013,32,STORE_03,0,0,Stormy,17.6,Groceries,63.38,95.43,292,53,8
2026-03-29,SKU_014,32,STORE_01,0,0,Stormy,17.6,Groceries,114.03,157.27,120,69,7
2026-03-29,SKU_015,42,STORE_02,0,0,Stormy,17.6,Home & Kitchen,28.9,40.43,190,49,3
2026-03-29,SKU_016,29,STORE_02,0,0,Stormy,17.6,Home & Kitchen,66.47,120.94,211,98,3
2026-03-29,SKU_017,26,STORE_02,0,0,Stormy,17.6,Electronics,97.91,176.78,209,72,3
2026-03-29,SKU_018,6,STORE_01,0,0,Stormy,17.6,Groceries,129.16,218.5,226,56,14
2026-03-29,SKU_019,12,STORE_01,0,0,Stormy,17.6,Apparel,107.94,154.53,202,92,8
2026-03-29,SKU_020,25,STORE_02,0,0,Stormy,17.6,Apparel,91.87,157.08,203,69,8
2026-03-30,SKU_001,7,STORE_02,0,0,Stormy,26.3,Groceries,89.11,173.34,225,59,3
2026-03-30,SKU_002,18,STORE_01,0,0,Stormy,26.3,Groceries,93.67,139.52,92,48,10
2026-03-30,SKU_003,19,STORE_01,0,0,Stormy,26.3,Apparel,76.77,144.31,39,57,13
2026-03-30,SKU_004,34,STORE_01,0,0,Stormy,26.3,Apparel,50.71,93.58,178,31,14
2026-03-30,SKU_005,24,STORE_02,0,0,Stormy,26.3,Home & Kitchen,144.78,283.08,13,91,9
2026-03-30,SKU_006,21,STORE_01,0,0,Stormy,26.3,Home & Kitchen,34.27,61.62,116,37,13
2026-03-30,SKU_007,13,STORE_03,0,0,Stormy,26.3,Groceries,63.35,111.77,59,50,13
2026-03-30,SKU_008,14,STORE_03,0,0,Stormy,26.3,Apparel,77.29,104.6,103,100,13
2026-03-30,SKU_009,22,STORE_01,0,0,Stormy,26.3,Electronics,13.65,22.2,97,26,5
2026-03-30,SKU_010,34,STORE_01,0,0,Stormy,26.3,Apparel,54.66,105.41,220,66,9
2026-03-30,SKU_011,23,STORE_01,0,0,Stormy,26.3,Home & Kitchen,41.13,78.19,257,73,13
2026-03-30,SKU_012,13,STORE_03,0,0,Stormy,26.3,Home & Kitchen,138.43,215.85,73,53,5
2026-03-30,SKU_013,37,STORE_01,0,0,Stormy,26.3,Groceries,63.38,95.43,292,53,8
2026-03-30,SKU_014,7,STORE_02,0,0,Stormy,26.3,Groceries,114.03,157.27,120,69,7
2026-03-30,SKU_015,15,STORE_02,0,0,Stormy,26.3,Home & Kitchen,28.9,40.43,190,49,3
2026-03-30,SKU_016,8,STORE_02,0,0,Stormy,26.3,Home & Kitchen,66.47,120.94,211,98,3
2026-03-30,SKU_017,12,STORE_01,0,0,Stormy,26.3,Electronics,97.91,176.78,209,72,3
2026-03-30,SKU_018,15,STORE_02,0,0,Stormy,26.3,Groceries,129.16,218.5,226,56,14
2026-03-30,SKU_019,18,STORE_02,0,0,Stormy,26.3,Apparel,107.94,154.53,202,92,8
2026-03-30,SKU_020,11,STORE_01,0,0,Stormy,26.3,Apparel,91.87,157.08,203,69,8
2026-03-31,SKU_001,21,STORE_01,0,0,Rainy,23.4,Groceries,89.11,173.34,225,59,3
2026-03-31,SKU_002,11,STORE_03,0,0,Rainy,23.4,Groceries,93.67,139.52,92,48,10
2026-03-31,SKU_003,23,STORE_03,0,0,Rainy,23.4,Apparel,76.77,144.31,39,57,13
2026-03-31,SKU_004,5,STORE_01,0,0,Rainy,23.4,Apparel,50.71,93.58,178,31,14
2026-03-31,SKU_005,21,STORE_03,0,0,Rainy,23.4,Home & Kitchen,144.78,283.08,13,91,9
2026-03-31,SKU_006,7,STORE_02,0,0,Rainy,23.4,Home & Kitchen,34.27,61.62,116,37,13
2026-03-31,SKU_007,43,STORE_01,0,0,Rainy,23.4,Groceries,63.35,111.77,59,50,13
2026-03-31,SKU_008,25,STORE_02,0,0,Rainy,23.4,Apparel,77.29,104.6,103,100,13
2026-03-31,SKU_009,24,STORE_02,0,0,Rainy,23.4,Electronics,13.65,22.2,97,26,5
2026-03-31,SKU_010,4,STORE_01,0,0,Rainy,23.4,Apparel,54.66,105.41,220,66,9
2026-03-31,SKU_011,57,STORE_01,0,0,Rainy,23.4,Home & Kitchen,41.13,78.19,257,73,13
2026-03-31,SKU_012,15,STORE_01,0,0,Rainy,23.4,Home & Kitchen,138.43,215.85,73,53,5
2026-03-31,SKU_013,18,STORE_02,0,0,Rainy,23.4,Groceries,63.38,95.43,292,53,8
2026-03-31,SKU_014,5,STORE_01,0,0,Rainy,23.4,Groceries,114.03,157.27,120,69,7
2026-03-31,SKU_015,17,STORE_03,0,0,Rainy,23.4,Home & Kitchen,28.9,40.43,190,49,3
2026-03-31,SKU_016,23,STORE_03,0,0,Rainy,23.4,Home & Kitchen,66.47,120.94,211,98,3
2026-03-31,SKU_017,12,STORE_03,0,0,Rainy,23.4,Electronics,97.91,176.78,209,72,3
2026-03-31,SKU_018,28,STORE_03,0,0,Rainy,23.4,Groceries,129.16,218.5,226,56,14
2026-03-31,SKU_019,27,STORE_01,0,0,Rainy,23.4,Apparel,107.94,154.53,202,92,8
2026-03-31,SKU_020,22,STORE_01,0,0,Rainy,23.4,Apparel,91.87,157.08,203,69,8
2026-04-01,SKU_001,32,STORE_03,0,0,Clear,34.1,Groceries,89.11,173.34,225,59,3
2026-04-01,SKU_002,21,STORE_03,0,0,Clear,34.1,Groceries,93.67,139.52,92,48,10
2026-04-01,SKU_003,11,STORE_01,0,0,Clear,34.1,Apparel,76.77,144.31,39,57,13
2026-04-01,SKU_004,24,STORE_01,0,0,Clear,34.1,Apparel,50.71,93.58,178,31,14
2026-04-01,SKU_005,13,STORE_02,0,0,Clear,34.1,Home & Kitchen,144.78,283.08,13,91,9
2026-04-01,SKU_006,6,STORE_02,0,0,Clear,34.1,Home & Kitchen,34.27,61.62,116,37,13
2026-04-01,SKU_007,57,STORE_02,0,0,Clear,34.1,Groceries,63.35,111.77,59,50,13
2026-04-01,SKU_008,15,STORE_03,0,0,Clear,34.1,Apparel,77.29,104.6,103,100,13
2026-04-01,SKU_009,18,STORE_01,0,0,Clear,34.1,Electronics,13.65,22.2,97,26,5
2026-04-01,SKU_010,5,STORE_01,0,0,Clear,34.1,Apparel,54.66,105.41,220,66,9
2026-04-01,SKU_011,24,STORE_01,0,0,Clear,34.1,Home & Kitchen,41.13,78.19,257,73,13
2026-04-01,SKU_012,22,STORE_02,0,0,Clear,34.1,Home & Kitchen,138.43,215.85,73,53,5
2026-04-01,SKU_013,10,STORE_02,0,0,Clear,34.1,Groceries,63.38,95.43,292,53,8
2026-04-01,SKU_014,13,STORE_01,0,0,Clear,34.1,Groceries,114.03,157.27,120,69,7
2026-04-01,SKU_015,12,STORE_02,0,0,Clear,34.1,Home & Kitchen,28.9,40.43,190,49,3
2026-04-01,SKU_016,9,STORE_01,0,0,Clear,34.1,Home & Kitchen,66.47,120.94,211,98,3
2026-04-01,SKU_017,1,STORE_02,0,0,Clear,34.1,Electronics,97.91,176.78,209,72,3
2026-04-01,SKU_018,4,STORE_01,0,0,Clear,34.1,Groceries,129.16,218.5,226,56,14
2026-04-01,SKU_019,21,STORE_01,0,0,Clear,34.1,Apparel,107.94,154.53,202,92,8
2026-04-01,SKU_020,28,STORE_02,0,0,Clear,34.1,Apparel,91.87,157.08,203,69,8
2026-04-02,SKU_001,79,STORE_03,0,0,Clear,34.7,Groceries,89.11,173.34,225,59,3
2026-04-02,SKU_002,21,STORE_01,0,0,Clear,34.7,Groceries,93.67,139.52,92,48,10
2026-04-02,SKU_003,10,STORE_01,0,0,Clear,34.7,Apparel,76.77,144.31,39,57,13
2026-04-02,SKU_004,12,STORE_03,0,0,Clear,34.7,Apparel,50.71,93.58,178,31,14
2026-04-02,SKU_005,20,STORE_02,0,0,Clear,34.7,Home & Kitchen,144.78,283.08,13,91,9
2026-04-02,SKU_006,20,STORE_01,0,0,Clear,34.7,Home & Kitchen,34.27,61.62,116,37,13
2026-04-02,SKU_007,24,STORE_02,0,0,Clear,34.7,Groceries,63.35,111.77,59,50,13
2026-04-02,SKU_008,27,STORE_03,0,0,Clear,34.7,Apparel,77.29,104.6,103,100,13
2026-04-02,SKU_009,13,STORE_01,0,0,Clear,34.7,Electronics,13.65,22.2,97,26,5
2026-04-02,SKU_010,9,STORE_02,0,0,Clear,34.7,Apparel,54.66,105.41,220,66,9
2026-04-02,SKU_011,21,STORE_01,0,0,Clear,34.7,Home & Kitchen,41.13,78.19,257,73,13
2026-04-02,SKU_012,24,STORE_01,0,0,Clear,34.7,Home & Kitchen,138.43,215.85,73,53,5
2026-04-02,SKU_013,34,STORE_02,0,0,Clear,34.7,Groceries,63.38,95.43,292,53,8
2026-04-02,SKU_014,21,STORE_03,0,0,Clear,34.7,Groceries,114.03,157.27,120,69,7
2026-04-02,SKU_015,25,STORE_03,0,0,Clear,34.7,Home & Kitchen,28.9,40.43,190,49,3
2026-04-02,SKU_016,26,STORE_02,0,0,Clear,34.7,Home & Kitchen,66.47,120.94,211,98,3
2026-04-02,SKU_017,13,STORE_02,0,0,Clear,34.7,Electronics,97.91,176.78,209,72,3
2026-04-02,SKU_018,18,STORE_03,0,0,Clear,34.7,Groceries,129.16,218.5,226,56,14
2026-04-02,SKU_019,72,STORE_01,0,0,Clear,34.7,Apparel,107.94,154.53,202,92,8
2026-04-02,SKU_020,13,STORE_03,0,0,Clear,34.7,Apparel,91.87,157.08,203,69,8
2026-04-03,SKU_001,21,STORE_03,0,0,Sunny,27.9,Groceries,89.11,173.34,225,59,3
2026-04-03,SKU_002,61,STORE_02,0,0,Sunny,27.9,Groceries,93.67,139.52,92,48,10
2026-04-03,SKU_003,9,STORE_03,0,0,Sunny,27.9,Apparel,76.77,144.31,39,57,13
2026-04-03,SKU_004,20,STORE_03,0,0,Sunny,27.9,Apparel,50.71,93.58,178,31,14
2026-04-03,SKU_005,50,STORE_03,0,0,Sunny,27.9,Home & Kitchen,144.78,283.08,13,91,9
2026-04-03,SKU_006,10,STORE_02,0,0,Sunny,27.9,Home & Kitchen,34.27,61.62,116,37,13
2026-04-03,SKU_007,16,STORE_03,0,0,Sunny,27.9,Groceries,63.35,111.77,59,50,13
2026-04-03,SKU_008,19,STORE_01,0,0,Sunny,27.9,Apparel,77.29,104.6,103,100,13
2026-04-03,SKU_009,27,STORE_03,0,0,Sunny,27.9,Electronics,13.65,22.2,97,26,5
2026-04-03,SKU_010,10,STORE_02,0,0,Sunny,27.9,Apparel,54.66,105.41,220,66,9
2026-04-03,SKU_011,19,STORE_01,0,0,Sunny,27.9,Home & Kitchen,41.13,78.19,257,73,13
2026-04-03,SKU_012,27,STORE_02,0,0,Sunny,27.9,Home & Kitchen,138.43,215.85,73,53,5
2026-04-03,SKU_013,31,STORE_03,0,0,Sunny,27.9,Groceries,63.38,95.43,292,53,8
2026-04-03,SKU_014,29,STORE_01,0,0,Sunny,27.9,Groceries,114.03,157.27,120,69,7
2026-04-03,SKU_015,6,STORE_03,0,0,Sunny,27.9,Home & Kitchen,28.9,40.43,190,49,3
2026-04-03,SKU_016,9,STORE_02,0,0,Sunny,27.9,Home & Kitchen,66.47,120.94,211,98,3
2026-04-03,SKU_017,24,STORE_03,0,0,Sunny,27.9,Electronics,97.91,176.78,209,72,3
2026-04-03,SKU_018,6,STORE_03,0,0,Sunny,27.9,Groceries,129.16,218.5,226,56,14
2026-04-03,SKU_019,22,STORE_02,0,0,Sunny,27.9,Apparel,107.94,154.53,202,92,8
2026-04-03,SKU_020,14,STORE_01,0,0,Sunny,27.9,Apparel,91.87,157.08,203,69,8
2026-04-04,SKU_001,23,STORE_01,0,0,Clear,33.0,Groceries,89.11,173.34,225,59,3
2026-04-04,SKU_002,41,STORE_03,0,0,Clear,33.0,Groceries,93.67,139.52,92,48,10
2026-04-04,SKU_003,25,STORE_02,0,0,Clear,33.0,Apparel,76.77,144.31,39,57,13
2026-04-04,SKU_004,21,STORE_03,0,0,Clear,33.0,Apparel,50.71,93.58,178,31,14
2026-04-04,SKU_005,30,STORE_02,0,0,Clear,33.0,Home & Kitchen,144.78,283.08,13,91,9
2026-04-04,SKU_006,42,STORE_02,0,0,Clear,33.0,Home & Kitchen,34.27,61.62,116,37,13
2026-04-04,SKU_007,6,STORE_03,0,0,Clear,33.0,Groceries,63.35,111.77,59,50,13
2026-04-04,SKU_008,35,STORE_02,0,0,Clear,33.0,Apparel,77.29,104.6,103,100,13
2026-04-04,SKU_009,34,STORE_03,0,0,Clear,33.0,Electronics,13.65,22.2,97,26,5
2026-04-04,SKU_010,20,STORE_01,0,0,Clear,33.0,Apparel,54.66,105.41,220,66,9
2026-04-04,SKU_011,22,STORE_01,0,0,Clear,33.0,Home & Kitchen,41.13,78.19,257,73,13
2026-04-04,SKU_012,35,STORE_02,0,0,Clear,33.0,Home & Kitchen,138.43,215.85,73,53,5
2026-04-04,SKU_013,19,STORE_02,0,0,Clear,33.0,Groceries,63.38,95.43,292,53,8
2026-04-04,SKU_014,27,STORE_01,0,0,Clear,33.0,Groceries,114.03,157.27,120,69,7
2026-04-04,SKU_015,13,STORE_01,0,0,Clear,33.0,Home & Kitchen,28.9,40.43,190,49,3
2026-04-04,SKU_016,32,STORE_02,0,0,Clear,33.0,Home & Kitchen,66.47,120.94,211,98,3
2026-04-04,SKU_017,33,STORE_03,0,0,Clear,33.0,Electronics,97.91,176.78,209,72,3
2026-04-04,SKU_018,11,STORE_02,0,0,Clear,33.0,Groceries,129.16,218.5,226,56,14
2026-04-04,SKU_019,42,STORE_03,0,0,Clear,33.0,Apparel,107.94,154.53,202,92,8
2026-04-04,SKU_020,36,STORE_01,0,0,Clear,33.0,Apparel,91.87,157.08,203,69,8
2026-04-05,SKU_001,8,STORE_03,0,0,Clear,15.7,Groceries,89.11,173.34,225,59,3
2026-04-05,SKU_002,18,STORE_02,0,0,Clear,15.7,Groceries,93.67,139.52,92,48,10
2026-04-05,SKU_003,16,STORE_03,0,0,Clear,15.7,Apparel,76.77,144.31,39,57,13
2026-04-05,SKU_004,28,STORE_01,0,0,Clear,15.7,Apparel,50.71,93.58,178,31,14
2026-04-05,SKU_005,5,STORE_03,0,0,Clear,15.7,Home & Kitchen,144.78,283.08,13,91,9
2026-04-05,SKU_006,146,STORE_03,0,0,Clear,15.7,Home & Kitchen,34.27,61.62,116,37,13
2026-04-05,SKU_007,36,STORE_02,0,0,Clear,15.7,Groceries,63.35,111.77,59,50,13
2026-04-05,SKU_008,19,STORE_01,0,0,Clear,15.7,Apparel,77.29,104.6,103,100,13
2026-04-05,SKU_009,18,STORE_02,0,0,Clear,15.7,Electronics,13.65,22.2,97,26,5
2026-04-05,SKU_010,8,STORE_02,0,0,Clear,15.7,Apparel,54.66,105.41,220,66,9
2026-04-05,SKU_011,28,STORE_02,0,0,Clear,15.7,Home & Kitchen,41.13,78.19,257,73,13
2026-04-05,SKU_012,39,STORE_03,0,0,Clear,15.7,Home & Kitchen,138.43,215.85,73,53,5
2026-04-05,SKU_013,16,STORE_03,0,0,Clear,15.7,Groceries,63.38,95.43,292,53,8
2026-04-05,SKU_014,12,STORE_03,0,0,Clear,15.7,Groceries,114.03,157.27,120,69,7
2026-04-05,SKU_015,4,STORE_02,0,0,Clear,15.7,Home & Kitchen,28.9,40.43,190,49,3
2026-04-05,SKU_016,34,STORE_03,0,0,Clear,15.7,Home & Kitchen,66.47,120.94,211,98,3
2026-04-05,SKU_017,29,STORE_02,0,0,Clear,15.7,Electronics,97.91,176.78,209,72,3
2026-04-05,SKU_018,13,STORE_01,0,0,Clear,15.7,Groceries,129.16,218.5,226,56,14
2026-04-05,SKU_019,18,STORE_03,0,0,Clear,15.7,Apparel,107.94,154.53,202,92,8
2026-04-05,SKU_020,30,STORE_01,0,0,Clear,15.7,Apparel,91.87,157.08,203,69,8
2026-04-06,SKU_001,28,STORE_03,0,0,Sunny,33.9,Groceries,89.11,173.34,225,59,3
2026-04-06,SKU_002,24,STORE_01,0,0,Sunny,33.9,Groceries,93.67,139.52,92,48,10
2026-04-06,SKU_003,30,STORE_01,0,0,Sunny,33.9,Apparel,76.77,144.31,39,57,13
2026-04-06,SKU_004,27,STORE_03,0,0,Sunny,33.9,Apparel,50.71,93.58,178,31,14
2026-04-06,SKU_005,19,STORE_03,0,0,Sunny,33.9,Home & Kitchen,144.78,283.08,13,91,9
2026-04-06,SKU_006,22,STORE_02,0,0,Sunny,33.9,Home & Kitchen,34.27,61.62,116,37,13
2026-04-06,SKU_007,26,STORE_02,0,0,Sunny,33.9,Groceries,63.35,111.77,59,50,13
2026-04-06,SKU_008,28,STORE_03,0,0,Sunny,33.9,Apparel,77.29,104.6,103,100,13
2026-04-06,SKU_009,9,STORE_02,0,0,Sunny,33.9,Electronics,13.65,22.2,97,26,5
2026-04-06,SKU_010,13,STORE_01,0,0,Sunny,33.9,Apparel,54.66,105.41,220,66,9
2026-04-06,SKU_011,69,STORE_02,0,0,Sunny,33.9,Home & Kitchen,41.13,78.19,257,73,13
2026-04-06,SKU_012,20,STORE_02,0,0,Sunny,33.9,Home & Kitchen,138.43,215.85,73,53,5
2026-04-06,SKU_013,13,STORE_03,0,0,Sunny,33.9,Groceries,63.38,95.43,292,53,8
2026-04-06,SKU_014,31,STORE_01,0,0,Sunny,33.9,Groceries,114.03,157.27,120,69,7
2026-04-06,SKU_015,4,STORE_01,0,0,Sunny,33.9,Home & Kitchen,28.9,40.43,190,49,3
2026-04-06,SKU_016,25,STORE_02,0,0,Sunny,33.9,Home & Kitchen,66.47,120.94,211,98,3
2026-04-06,SKU_017,5,STORE_02,0,0,Sunny,33.9,Electronics,97.91,176.78,209,72,3
2026-04-06,SKU_018,27,STORE_03,0,0,Sunny,33.9,Groceries,129.16,218.5,226,56,14
2026-04-06,SKU_019,21,STORE_02,0,0,Sunny,33.9,Apparel,107.94,154.53,202,92,8
2026-04-06,SKU_020,8,STORE_02,0,0,Sunny,33.9,Apparel,91.87,157.08,203,69,8
2026-04-07,SKU_001,9,STORE_01,1,20,Sunny,23.0,Groceries,89.11,173.34,225,59,3
2026-04-07,SKU_002,15,STORE_03,1,20,Sunny,23.0,Groceries,93.67,139.52,92,48,10
2026-04-07,SKU_003,27,STORE_02,1,20,Sunny,23.0,Apparel,76.77,144.31,39,57,13
2026-04-07,SKU_004,7,STORE_01,1,20,Sunny,23.0,Apparel,50.71,93.58,178,31,14
2026-04-07,SKU_005,0,STORE_01,1,20,Sunny,23.0,Home & Kitchen,144.78,283.08,13,91,9
2026-04-07,SKU_006,14,STORE_03,1,20,Sunny,23.0,Home & Kitchen,34.27,61.62,116,37,13
2026-04-07,SKU_007,61,STORE_02,1,20,Sunny,23.0,Groceries,63.35,111.77,59,50,13
2026-04-07,SKU_008,25,STORE_01,1,20,Sunny,23.0,Apparel,77.29,104.6,103,100,13
2026-04-07,SKU_009,9,STORE_02,1,20,Sunny,23.0,Electronics,13.65,22.2,97,26,5
2026-04-07,SKU_010,23,STORE_03,1,20,Sunny,23.0,Apparel,54.66,105.41,220,66,9
2026-04-07,SKU_011,24,STORE_03,1,20,Sunny,23.0,Home & Kitchen,41.13,78.19,257,73,13
2026-04-07,SKU_012,23,STORE_01,1,20,Sunny,23.0,Home & Kitchen,138.43,215.85,73,53,5
2026-04-07,SKU_013,10,STORE_01,1,20,Sunny,23.0,Groceries,63.38,95.43,292,53,8
2026-04-07,SKU_014,26,STORE_02,1,20,Sunny,23.0,Groceries,114.03,157.27,120,69,7
2026-04-07,SKU_015,24,STORE_02,1,20,Sunny,23.0,Home & Kitchen,28.9,40.43,190,49,3
2026-04-07,SKU_016,11,STORE_03,1,20,Sunny,23.0,Home & Kitchen,66.47,120.94,211,98,3
2026-04-07,SKU_017,8,STORE_03,1,20,Sunny,23.0,Electronics,97.91,176.78,209,72,3
2026-04-07,SKU_018,2,STORE_01,1,20,Sunny,23.0,Groceries,129.16,218.5,226,56,14
2026-04-07,SKU_019,3,STORE_03,1,20,Sunny,23.0,Apparel,107.94,154.53,202,92,8
2026-04-07,SKU_020,24,STORE_02,1,20,Sunny,23.0,Apparel,91.87,157.08,203,69,8
2026-04-08,SKU_001,28,STORE_02,0,0,Stormy,27.7,Groceries,89.11,173.34,225,59,3
2026-04-08,SKU_002,26,STORE_03,0,0,Stormy,27.7,Groceries,93.67,139.52,92,48,10
2026-04-08,SKU_003,4,STORE_02,0,0,Stormy,27.7,Apparel,76.77,144.31,39,57,13
2026-04-08,SKU_004,27,STORE_03,0,0,Stormy,27.7,Apparel,50.71,93.58,178,31,14
2026-04-08,SKU_005,23,STORE_01,0,0,Stormy,27.7,Home & Kitchen,144.78,283.08,13,91,9
2026-04-08,SKU_006,5,STORE_01,0,0,Stormy,27.7,Home & Kitchen,34.27,61.62,116,37,13
2026-04-08,SKU_007,22,STORE_01,0,0,Stormy,27.7,Groceries,63.35,111.77,59,50,13
2026-04-08,SKU_008,8,STORE_01,0,0,Stormy,27.7,Apparel,77.29,104.6,103,100,13
2026-04-08,SKU_009,10,STORE_02,0,0,Stormy,27.7,Electronics,13.65,22.2,97,26,5
2026-04-08,SKU_010,9,STORE_01,0,0,Stormy,27.7,Apparel,54.66,105.41,220,66,9
2026-04-08,SKU_011,15,STORE_03,0,0,Stormy,27.7,Home & Kitchen,41.13,78.19,257,73,13
2026-04-08,SKU_012,18,STORE_02,0,0,Stormy,27.7,Home & Kitchen,138.43,215.85,73,53,5
2026-04-08,SKU_013,12,STORE_03,0,0,Stormy,27.7,Groceries,63.38,95.43,292,53,8
2026-04-08,SKU_014,21,STORE_02,0,0,Stormy,27.7,Groceries,114.03,157.27,120,69,7
2026-04-08,SKU_015,22,STORE_01,0,0,Stormy,27.7,Home & Kitchen,28.9,40.43,190,49,3
2026-04-08,SKU_016,12,STORE_03,0,0,Stormy,27.7,Home & Kitchen,66.47,120.94,211,98,3
2026-04-08,SKU_017,12,STORE_02,0,0,Stormy,27.7,Electronics,97.91,176.78,209,72,3
2026-04-08,SKU_018,27,STORE_02,0,0,Stormy,27.7,Groceries,129.16,218.5,226,56,14
2026-04-08,SKU_019,14,STORE_03,0,0,Stormy,27.7,Apparel,107.94,154.53,202,92,8
2026-04-08,SKU_020,14,STORE_03,0,0,Stormy,27.7,Apparel,91.87,157.08,203,69,8
2026-04-09,SKU_001,17,STORE_03,1,10,Stormy,30.4,Groceries,89.11,173.34,225,59,3
2026-04-09,SKU_002,14,STORE_02,1,10,Stormy,30.4,Groceries,93.67,139.52,92,48,10
2026-04-09,SKU_003,14,STORE_03,1,10,Stormy,30.4,Apparel,76.77,144.31,39,57,13
2026-04-09,SKU_004,20,STORE_02,1,10,Stormy,30.4,Apparel,50.71,93.58,178,31,14
2026-04-09,SKU_005,30,STORE_03,1,10,Stormy,30.4,Home & Kitchen,144.78,283.08,13,91,9
2026-04-09,SKU_006,8,STORE_01,1,10,Stormy,30.4,Home & Kitchen,34.27,61.62,116,37,13
2026-04-09,SKU_007,29,STORE_02,1,10,Stormy,30.4,Groceries,63.35,111.77,59,50,13
2026-04-09,SKU_008,12,STORE_03,1,10,Stormy,30.4,Apparel,77.29,104.6,103,100,13
2026-04-09,SKU_009,2,STORE_01,1,10,Stormy,30.4,Electronics,13.65,22.2,97,26,5
2026-04-09,SKU_010,12,STORE_01,1,10,Stormy,30.4,Apparel,54.66,105.41,220,66,9
2026-04-09,SKU_011,19,STORE_03,1,10,Stormy,30.4,Home & Kitchen,41.13,78.19,257,73,13
2026-04-09,SKU_012,10,STORE_02,1,10,Stormy,30.4,Home & Kitchen,138.43,215.85,73,53,5
2026-04-09,SKU_013,3,STORE_01,1,10,Stormy,30.4,Groceries,63.38,95.43,292,53,8
2026-04-09,SKU_014,18,STORE_02,1,10,Stormy,30.4,Groceries,114.03,157.27,120,69,7
2026-04-09,SKU_015,18,STORE_02,1,10,Stormy,30.4,Home & Kitchen,28.9,40.43,190,49,3
2026-04-09,SKU_016,28,STORE_01,1,10,Stormy,30.4,Home & Kitchen,66.47,120.94,211,98,3
2026-04-09,SKU_017,1,STORE_03,1,10,Stormy,30.4,Electronics,97.91,176.78,209,72,3
2026-04-09,SKU_018,7,STORE_03,1,10,Stormy,30.4,Groceries,129.16,218.5,226,56,14
2026-04-09,SKU_019,1,STORE_02,1,10,Stormy,30.4,Apparel,107.94,154.53,202,92,8
2026-04-09,SKU_020,11,STORE_01,1,10,Stormy,30.4,Apparel,91.87,157.08,203,69,8
2026-04-10,SKU_001,17,STORE_03,1,20,Sunny,22.7,Groceries,89.11,173.34,225,59,3
2026-04-10,SKU_002,17,STORE_03,1,20,Sunny,22.7,Groceries,93.67,139.52,92,48,10
2026-04-10,SKU_003,9,STORE_01,1,20,Sunny,22.7,Apparel,76.77,144.31,39,57,13
2026-04-10,SKU_004,8,STORE_01,1,20,Sunny,22.7,Apparel,50.71,93.58,178,31,14
2026-04-10,SKU_005,11,STORE_02,1,20,Sunny,22.7,Home & Kitchen,144.78,283.08,13,91,9
2026-04-10,SKU_006,14,STORE_02,1,20,Sunny,22.7,Home & Kitchen,34.27,61.62,116,37,13
2026-04-10,SKU_007,10,STORE_01,1,20,Sunny,22.7,Groceries,63.35,111.77,59,50,13
2026-04-10,SKU_008,24,STORE_01,1,20,Sunny,22.7,Apparel,77.29,104.6,103,100,13
2026-04-10,SKU_009,8,STORE_03,1,20,Sunny,22.7,Electronics,13.65,22.2,97,26,5
2026-04-10,SKU_010,10,STORE_03,1,20,Sunny,22.7,Apparel,54.66,105.41,220,66,9
2026-04-10,SKU_011,24,STORE_01,1,20,Sunny,22.7,Home & Kitchen,41.13,78.19,257,73,13
2026-04-10,SKU_012,7,STORE_02,1,20,Sunny,22.7,Home & Kitchen,138.43,215.85,73,53,5
2026-04-10,SKU_013,22,STORE_03,1,20,Sunny,22.7,Groceries,63.38,95.43,292,53,8
2026-04-10,SKU_014,5,STORE_01,1,20,Sunny,22.7,Groceries,114.03,157.27,120,69,7
2026-04-10,SKU_015,7,STORE_01,1,20,Sunny,22.7,Home & Kitchen,28.9,40.43,190,49,3
2026-04-10,SKU_016,29,STORE_02,1,20,Sunny,22.7,Home & Kitchen,66.47,120.94,211,98,3
2026-04-10,SKU_017,16,STORE_02,1,20,Sunny,22.7,Electronics,97.91,176.78,209,72,3
2026-04-10,SKU_018,64,STORE_02,1,20,Sunny,22.7,Groceries,129.16,218.5,226,56,14
2026-04-10,SKU_019,89,STORE_01,1,20,Sunny,22.7,Apparel,107.94,154.53,202,92,8
2026-04-10,SKU_020,26,STORE_01,1,20,Sunny,22.7,Apparel,91.87,157.08,203,69,8
2026-04-11,SKU_001,9,STORE_03,0,0,Rainy,19.8,Groceries,89.11,173.34,225,59,3
2026-04-11,SKU_002,17,STORE_01,0,0,Rainy,19.8,Groceries,93.67,139.52,92,48,10
2026-04-11,SKU_003,13,STORE_02,0,0,Rainy,19.8,Apparel,76.77,144.31,39,57,13
2026-04-11,SKU_004,6,STORE_02,0,0,Rainy,19.8,Apparel,50.71,93.58,178,31,14
2026-04-11,SKU_005,31,STORE_02,0,0,Rainy,19.8,Home & Kitchen,144.78,283.08,13,91,9
2026-04-11,SKU_006,13,STORE_03,0,0,Rainy,19.8,Home & Kitchen,34.27,61.62,116,37,13
2026-04-11,SKU_007,27,STORE_02,0,0,Rainy,19.8,Groceries,63.35,111.77,59,50,13
2026-04-11,SKU_008,32,STORE_03,0,0,Rainy,19.8,Apparel,77.29,104.6,103,100,13
2026-04-11,SKU_009,41,STORE_02,0,0,Rainy,19.8,Electronics,13.65,22.2,97,26,5
2026-04-11,SKU_010,26,STORE_01,0,0,Rainy,19.8,Apparel,54.66,105.41,220,66,9
2026-04-11,SKU_011,26,STORE_02,0,0,Rainy,19.8,Home & Kitchen,41.13,78.19,257,73,13
2026-04-11,SKU_012,26,STORE_03,0,0,Rainy,19.8,Home & Kitchen,138.43,215.85,73,53,5
2026-04-11,SKU_013,27,STORE_01,0,0,Rainy,19.8,Groceries,63.38,95.43,292,53,8
2026-04-11,SKU_014,86,STORE_01,0,0,Rainy,19.8,Groceries,114.03,157.27,120,69,7
2026-04-11,SKU_015,11,STORE_03,0,0,Rainy,19.8,Home & Kitchen,28.9,40.43,190,49,3
2026-04-11,SKU_016,16,STORE_03,0,0,Rainy,19.8,Home & Kitchen,66.47,120.94,211,98,3
2026-04-11,SKU_017,27,STORE_01,0,0,Rainy,19.8,Electronics,97.91,176.78,209,72,3
2026-04-11,SKU_018,8,STORE_01,0,0,Rainy,19.8,Groceries,129.16,218.5,226,56,14
2026-04-11,SKU_019,36,STORE_01,0,0,Rainy,19.8,Apparel,107.94,154.53,202,92,8
2026-04-11,SKU_020,35,STORE_02,0,0,Rainy,19.8,Apparel,91.87,157.08,203,69,8
2026-04-12,SKU_001,26,STORE_03,0,0,Sunny,16.9,Groceries,89.11,173.34,225,59,3
2026-04-12,SKU_002,17,STORE_02,0,0,Sunny,16.9,Groceries,93.67,139.52,92,48,10
2026-04-12,SKU_003,36,STORE_03,0,0,Sunny,16.9,Apparel,76.77,144.31,39,57,13
2026-04-12,SKU_004,9,STORE_03,0,0,Sunny,16.9,Apparel,50.71,93.58,178,31,14
2026-04-12,SKU_005,36,STORE_01,0,0,Sunny,16.9,Home & Kitchen,144.78,283.08,13,91,9
2026-04-12,SKU_006,43,STORE_01,0,0,Sunny,16.9,Home & Kitchen,34.27,61.62,116,37,13
2026-04-12,SKU_007,3,STORE_01,0,0,Sunny,16.9,Groceries,63.35,111.77,59,50,13
2026-04-12,SKU_008,10,STORE_03,0,0,Sunny,16.9,Apparel,77.29,104.6,103,100,13
2026-04-12,SKU_009,25,STORE_02,0,0,Sunny,16.9,Electronics,13.65,22.2,97,26,5
2026-04-12,SKU_010,8,STORE_02,0,0,Sunny,16.9,Apparel,54.66,105.41,220,66,9
2026-04-12,SKU_011,24,STORE_03,0,0,Sunny,16.9,Home & Kitchen,41.13,78.19,257,73,13
2026-04-12,SKU_012,36,STORE_01,0,0,Sunny,16.9,Home & Kitchen,138.43,215.85,73,53,5
2026-04-12,SKU_013,39,STORE_03,0,0,Sunny,16.9,Groceries,63.38,95.43,292,53,8
2026-04-12,SKU_014,13,STORE_03,0,0,Sunny,16.9,Groceries,114.03,157.27,120,69,7
2026-04-12,SKU_015,26,STORE_01,0,0,Sunny,16.9,Home & Kitchen,28.9,40.43,190,49,3
2026-04-12,SKU_016,8,STORE_01,0,0,Sunny,16.9,Home & Kitchen,66.47,120.94,211,98,3
2026-04-12,SKU_017,37,STORE_03,0,0,Sunny,16.9,Electronics,97.91,176.78,209,72,3
2026-04-12,SKU_018,28,STORE_03,0,0,Sunny,16.9,Groceries,129.16,218.5,226,56,14
2026-04-12,SKU_019,29,STORE_03,0,0,Sunny,16.9,Apparel,107.94,154.53,202,92,8
2026-04-12,SKU_020,16,STORE_02,0,0,Sunny,16.9,Apparel,91.87,157.08,203,69,8
2026-04-13,SKU_001,15,STORE_03,0,0,Stormy,15.7,Groceries,89.11,173.34,225,59,3
2026-04-13,SKU_002,20,STORE_03,0,0,Stormy,15.7,Groceries,93.67,139.52,92,48,10
2026-04-13,SKU_003,11,STORE_01,0,0,Stormy,15.7,Apparel,76.77,144.31,39,57,13
2026-04-13,SKU_004,8,STORE_03,0,0,Stormy,15.7,Apparel,50.71,93.58,178,31,14
2026-04-13,SKU_005,27,STORE_03,0,0,Stormy,15.7,Home & Kitchen,144.78,283.08,13,91,9
2026-04-13,SKU_006,18,STORE_02,0,0,Stormy,15.7,Home & Kitchen,34.27,61.62,116,37,13
2026-04-13,SKU_007,31,STORE_02,0,0,Stormy,15.7,Groceries,63.35,111.77,59,50,13
2026-04-13,SKU_008,35,STORE_01,0,0,Stormy,15.7,Apparel,77.29,104.6,103,100,13
2026-04-13,SKU_009,9,STORE_03,0,0,Stormy,15.7,Electronics,13.65,22.2,97,26,5
2026-04-13,SKU_010,32,STORE_02,0,0,Stormy,15.7,Apparel,54.66,105.41,220,66,9
2026-04-13,SKU_011,25,STORE_02,0,0,Stormy,15.7,Home & Kitchen,41.13,78.19,257,73,13
2026-04-13,SKU_012,9,STORE_02,0,0,Stormy,15.7,Home & Kitchen,138.43,215.85,73,53,5
2026-04-13,SKU_013,18,STORE_01,0,0,Stormy,15.7,Groceries,63.38,95.43,292,53,8
2026-04-13,SKU_014,10,STORE_01,0,0,Stormy,15.7,Groceries,114.03,157.27,120,69,7
2026-04-13,SKU_015,31,STORE_02,0,0,Stormy,15.7,Home & Kitchen,28.9,40.43,190,49,3
2026-04-13,SKU_016,22,STORE_02,0,0,Stormy,15.7,Home & Kitchen,66.47,120.94,211,98,3
2026-04-13,SKU_017,22,STORE_02,0,0,Stormy,15.7,Electronics,97.91,176.78,209,72,3
2026-04-13,SKU_018,29,STORE_02,0,0,Stormy,15.7,Groceries,129.16,218.5,226,56,14
2026-04-13,SKU_019,29,STORE_02,0,0,Stormy,15.7,Apparel,107.94,154.53,202,92,8
2026-04-13,SKU_020,15,STORE_01,0,0,Stormy,15.7,Apparel,91.87,157.08,203,69,8
2026-04-14,SKU_001,30,STORE_03,0,0,Rainy,30.1,Groceries,89.11,173.34,225,59,3
2026-04-14,SKU_002,18,STORE_02,0,0,Rainy,30.1,Groceries,93.67,139.52,92,48,10
2026-04-14,SKU_003,9,STORE_01,0,0,Rainy,30.1,Apparel,76.77,144.31,39,57,13
2026-04-14,SKU_004,12,STORE_03,0,0,Rainy,30.1,Apparel,50.71,93.58,178,31,14
2026-04-14,SKU_005,7,STORE_03,0,0,Rainy,30.1,Home & Kitchen,144.78,283.08,13,91,9
2026-04-14,SKU_006,35,STORE_01,0,0,Rainy,30.1,Home & Kitchen,34.27,61.62,116,37,13
2026-04-14,SKU_007,9,STORE_02,0,0,Rainy,30.1,Groceries,63.35,111.77,59,50,13
2026-04-14,SKU_008,99,STORE_02,0,0,Rainy,30.1,Apparel,77.29,104.6,103,100,13
2026-04-14,SKU_009,16,STORE_02,0,0,Rainy,30.1,Electronics,13.65,22.2,97,26,5
2026-04-14,SKU_010,5,STORE_02,0,0,Rainy,30.1,Apparel,54.66,105.41,220,66,9
2026-04-14,SKU_011,27,STORE_01,0,0,Rainy,30.1,Home & Kitchen,41.13,78.19,257,73,13
2026-04-14,SKU_012,11,STORE_01,0,0,Rainy,30.1,Home & Kitchen,138.43,215.85,73,53,5
2026-04-14,SKU_013,10,STORE_01,0,0,Rainy,30.1,Groceries,63.38,95.43,292,53,8
2026-04-14,SKU_014,25,STORE_03,0,0,Rainy,30.1,Groceries,114.03,157.27,120,69,7
2026-04-14,SKU_015,22,STORE_03,0,0,Rainy,30.1,Home & Kitchen,28.9,40.43,190,49,3
2026-04-14,SKU_016,20,STORE_01,0,0,Rainy,30.1,Home & Kitchen,66.47,120.94,211,98,3
2026-04-14,SKU_017,92,STORE_02,0,0,Rainy,30.1,Electronics,97.91,176.78,209,72,3
2026-04-14,SKU_018,21,STORE_03,0,0,Rainy,30.1,Groceries,129.16,218.5,226,56,14
2026-04-14,SKU_019,25,STORE_02,0,0,Rainy,30.1,Apparel,107.94,154.53,202,92,8
2026-04-14,SKU_020,2,STORE_02,0,0,Rainy,30.1,Apparel,91.87,157.08,203,69,8
2026-04-15,SKU_001,20,STORE_03,1,30,Stormy,22.0,Groceries,89.11,173.34,225,59,3
2026-04-15,SKU_002,25,STORE_01,1,30,Stormy,22.0,Groceries,93.67,139.52,92,48,10
2026-04-15,SKU_003,10,STORE_01,1,30,Stormy,22.0,Apparel,76.77,144.31,39,57,13
2026-04-15,SKU_004,18,STORE_02,1,30,Stormy,22.0,Apparel,50.71,93.58,178,31,14
2026-04-15,SKU_005,26,STORE_03,1,30,Stormy,22.0,Home & Kitchen,144.78,283.08,13,91,9
2026-04-15,SKU_006,6,STORE_01,1,30,Stormy,22.0,Home & Kitchen,34.27,61.62,116,37,13
2026-04-15,SKU_007,12,STORE_03,1,30,Stormy,22.0,Groceries,63.35,111.77,59,50,13
2026-04-15,SKU_008,15,STORE_03,1,30,Stormy,22.0,Apparel,77.29,104.6,103,100,13
2026-04-15,SKU_009,23,STORE_01,1,30,Stormy,22.0,Electronics,13.65,22.2,97,26,5
2026-04-15,SKU_010,58,STORE_02,1,30,Stormy,22.0,Apparel,54.66,105.41,220,66,9
2026-04-15,SKU_011,23,STORE_02,1,30,Stormy,22.0,Home & Kitchen,41.13,78.19,257,73,13
2026-04-15,SKU_012,27,STORE_03,1,30,Stormy,22.0,Home & Kitchen,138.43,215.85,73,53,5
2026-04-15,SKU_013,4,STORE_03,1,30,Stormy,22.0,Groceries,63.38,95.43,292,53,8
2026-04-15,SKU_014,8,STORE_01,1,30,Stormy,22.0,Groceries,114.03,157.27,120,69,7
2026-04-15,SKU_015,22,STORE_03,1,30,Stormy,22.0,Home & Kitchen,28.9,40.43,190,49,3
2026-04-15,SKU_016,11,STORE_02,1,30,Stormy,22.0,Home & Kitchen,66.47,120.94,211,98,3
2026-04-15,SKU_017,25,STORE_03,1,30,Stormy,22.0,Electronics,97.91,176.78,209,72,3
2026-04-15,SKU_018,30,STORE_03,1,30,Stormy,22.0,Groceries,129.16,218.5,226,56,14
2026-04-15,SKU_019,9,STORE_01,1,30,Stormy,22.0,Apparel,107.94,154.53,202,92,8
2026-04-15,SKU_020,25,STORE_02,1,30,Stormy,22.0,Apparel,91.87,157.08,203,69,8
2026-04-16,SKU_001,2,STORE_03,0,0,Stormy,25.8,Groceries,89.11,173.34,225,59,3
2026-04-16,SKU_002,10,STORE_01,0,0,Stormy,25.8,Groceries,93.67,139.52,92,48,10
2026-04-16,SKU_003,14,STORE_01,0,0,Stormy,25.8,Apparel,76.77,144.31,39,57,13
2026-04-16,SKU_004,0,STORE_01,0,0,Stormy,25.8,Apparel,50.71,93.58,178,31,14
2026-04-16,SKU_005,18,STORE_02,0,0,Stormy,25.8,Home & Kitchen,144.78,283.08,13,91,9
2026-04-16,SKU_006,29,STORE_01,0,0,Stormy,25.8,Home & Kitchen,34.27,61.62,116,37,13
2026-04-16,SKU_007,28,STORE_01,0,0,Stormy,25.8,Groceries,63.35,111.77,59,50,13
2026-04-16,SKU_008,10,STORE_02,0,0,Stormy,25.8,Apparel,77.29,104.6,103,100,13
2026-04-16,SKU_009,21,STORE_02,0,0,Stormy,25.8,Electronics,13.65,22.2,97,26,5
2026-04-16,SKU_010,12,STORE_02,0,0,Stormy,25.8,Apparel,54.66,105.41,220,66,9
2026-04-16,SKU_011,20,STORE_01,0,0,Stormy,25.8,Home & Kitchen,41.13,78.19,257,73,13
2026-04-16,SKU_012,7,STORE_01,0,0,Stormy,25.8,Home & Kitchen,138.43,215.85,73,53,5
2026-04-16,SKU_013,27,STORE_02,0,0,Stormy,25.8,Groceries,63.38,95.43,292,53,8
2026-04-16,SKU_014,32,STORE_02,0,0,Stormy,25.8,Groceries,114.03,157.27,120,69,7
2026-04-16,SKU_015,7,STORE_02,0,0,Stormy,25.8,Home & Kitchen,28.9,40.43,190,49,3
2026-04-16,SKU_016,7,STORE_02,0,0,Stormy,25.8,Home & Kitchen,66.47,120.94,211,98,3
2026-04-16,SKU_017,27,STORE_01,0,0,Stormy,25.8,Electronics,97.91,176.78,209,72,3
2026-04-16,SKU_018,20,STORE_02,0,0,Stormy,25.8,Groceries,129.16,218.5,226,56,14
2026-04-16,SKU_019,18,STORE_02,0,0,Stormy,25.8,Apparel,107.94,154.53,202,92,8
2026-04-16,SKU_020,16,STORE_03,0,0,Stormy,25.8,Apparel,91.87,157.08,203,69,8
2026-04-17,SKU_001,18,STORE_02,0,0,Rainy,28.1,Groceries,89.11,173.34,225,59,3
2026-04-17,SKU_002,17,STORE_01,0,0,Rainy,28.1,Groceries,93.67,139.52,92,48,10
2026-04-17,SKU_003,5,STORE_03,0,0,Rainy,28.1,Apparel,76.77,144.31,39,57,13
2026-04-17,SKU_004,16,STORE_03,0,0,Rainy,28.1,Apparel,50.71,93.58,178,31,14
2026-04-17,SKU_005,25,STORE_03,0,0,Rainy,28.1,Home & Kitchen,144.78,283.08,13,91,9
2026-04-17,SKU_006,9,STORE_03,0,0,Rainy,28.1,Home & Kitchen,34.27,61.62,116,37,13
2026-04-17,SKU_007,17,STORE_02,0,0,Rainy,28.1,Groceries,63.35,111.77,59,50,13
2026-04-17,SKU_008,12,STORE_03,0,0,Rainy,28.1,Apparel,77.29,104.6,103,100,13
2026-04-17,SKU_009,14,STORE_03,0,0,Rainy,28.1,Electronics,13.65,22.2,97,26,5
2026-04-17,SKU_010,18,STORE_02,0,0,Rainy,28.1,Apparel,54.66,105.41,220,66,9
2026-04-17,SKU_011,19,STORE_01,0,0,Rainy,28.1,Home & Kitchen,41.13,78.19,257,73,13
2026-04-17,SKU_012,9,STORE_02,0,0,Rainy,28.1,Home & Kitchen,138.43,215.85,73,53,5
2026-04-17,SKU_013,4,STORE_01,0,0,Rainy,28.1,Groceries,63.38,95.43,292,53,8
2026-04-17,SKU_014,18,STORE_02,0,0,Rainy,28.1,Groceries,114.03,157.27,120,69,7
2026-04-17,SKU_015,24,STORE_02,0,0,Rainy,28.1,Home & Kitchen,28.9,40.43,190,49,3
2026-04-17,SKU_016,16,STORE_02,0,0,Rainy,28.1,Home & Kitchen,66.47,120.94,211,98,3
2026-04-17,SKU_017,28,STORE_02,0,0,Rainy,28.1,Electronics,97.91,176.78,209,72,3
2026-04-17,SKU_018,20,STORE_01,0,0,Rainy,28.1,Groceries,129.16,218.5,226,56,14
2026-04-17,SKU_019,19,STORE_03,0,0,Rainy,28.1,Apparel,107.94,154.53,202,92,8
2026-04-17,SKU_020,24,STORE_03,0,0,Rainy,28.1,Apparel,91.87,157.08,203,69,8
2026-04-18,SKU_001,14,STORE_01,0,0,Sunny,16.9,Groceries,89.11,173.34,225,59,3
2026-04-18,SKU_002,29,STORE_02,0,0,Sunny,16.9,Groceries,93.67,139.52,92,48,10
2026-04-18,SKU_003,29,STORE_01,0,0,Sunny,16.9,Apparel,76.77,144.31,39,57,13
2026-04-18,SKU_004,38,STORE_02,0,0,Sunny,16.9,Apparel,50.71,93.58,178,31,14
2026-04-18,SKU_005,16,STORE_03,0,0,Sunny,16.9,Home & Kitchen,144.78,283.08,13,91,9
2026-04-18,SKU_006,20,STORE_01,0,0,Sunny,16.9,Home & Kitchen,34.27,61.62,116,37,13
2026-04-18,SKU_007,38,STORE_01,0,0,Sunny,16.9,Groceries,63.35,111.77,59,50,13
2026-04-18,SKU_008,31,STORE_01,0,0,Sunny,16.9,Apparel,77.29,104.6,103,100,13
2026-04-18,SKU_009,16,STORE_03,0,0,Sunny,16.9,Electronics,13.65,22.2,97,26,5
2026-04-18,SKU_010,20,STORE_02,0,0,Sunny,16.9,Apparel,54.66,105.41,220,66,9
2026-04-18,SKU_011,16,STORE_03,0,0,Sunny,16.9,Home & Kitchen,41.13,78.19,257,73,13
2026-04-18,SKU_012,31,STORE_02,0,0,Sunny,16.9,Home & Kitchen,138.43,215.85,73,53,5
2026-04-18,SKU_013,28,STORE_03,0,0,Sunny,16.9,Groceries,63.38,95.43,292,53,8
2026-04-18,SKU_014,33,STORE_03,0,0,Sunny,16.9,Groceries,114.03,157.27,120,69,7
2026-04-18,SKU_015,31,STORE_01,0,0,Sunny,16.9,Home & Kitchen,28.9,40.43,190,49,3
2026-04-18,SKU_016,27,STORE_01,0,0,Sunny,16.9,Home & Kitchen,66.47,120.94,211,98,3
2026-04-18,SKU_017,23,STORE_01,0,0,Sunny,16.9,Electronics,97.91,176.78,209,72,3
2026-04-18,SKU_018,12,STORE_02,0,0,Sunny,16.9,Groceries,129.16,218.5,226,56,14
2026-04-18,SKU_019,14,STORE_03,0,0,Sunny,16.9,Apparel,107.94,154.53,202,92,8
2026-04-18,SKU_020,27,STORE_02,0,0,Sunny,16.9,Apparel,91.87,157.08,203,69,8
2026-04-19,SKU_001,28,STORE_02,1,30,Rainy,17.9,Groceries,89.11,173.34,225,59,3
2026-04-19,SKU_002,5,STORE_03,1,30,Rainy,17.9,Groceries,93.67,139.52,92,48,10
2026-04-19,SKU_003,27,STORE_02,1,30,Rainy,17.9,Apparel,76.77,144.31,39,57,13
2026-04-19,SKU_004,31,STORE_02,1,30,Rainy,17.9,Apparel,50.71,93.58,178,31,14
2026-04-19,SKU_005,30,STORE_02,1,30,Rainy,17.9,Home & Kitchen,144.78,283.08,13,91,9
2026-04-19,SKU_006,16,STORE_01,1,30,Rainy,17.9,Home & Kitchen,34.27,61.62,116,37,13
2026-04-19,SKU_007,27,STORE_03,1,30,Rainy,17.9,Groceries,63.35,111.77,59,50,13
2026-04-19,SKU_008,10,STORE_02,1,30,Rainy,17.9,Apparel,77.29,104.6,103,100,13
2026-04-19,SKU_009,29,STORE_01,1,30,Rainy,17.9,Electronics,13.65,22.2,97,26,5
2026-04-19,SKU_010,35,STORE_03,1,30,Rainy,17.9,Apparel,54.66,105.41,220,66,9
2026-04-19,SKU_011,20,STORE_01,1,30,Rainy,17.9,Home & Kitchen,41.13,78.19,257,73,13
2026-04-19,SKU_012,32,STORE_01,1,30,Rainy,17.9,Home & Kitchen,138.43,215.85,73,53,5
2026-04-19,SKU_013,33,STORE_02,1,30,Rainy,17.9,Groceries,63.38,95.43,292,53,8
2026-04-19,SKU_014,9,STORE_01,1,30,Rainy,17.9,Groceries,114.03,157.27,120,69,7
2026-04-19,SKU_015,34,STORE_01,1,30,Rainy,17.9,Home & Kitchen,28.9,40.43,190,49,3
2026-04-19,SKU_016,16,STORE_03,1,30,Rainy,17.9,Home & Kitchen,66.47,120.94,211,98,3
2026-04-19,SKU_017,17,STORE_03,1,30,Rainy,17.9,Electronics,97.91,176.78,209,72,3
2026-04-19,SKU_018,24,STORE_02,1,30,Rainy,17.9,Groceries,129.16,218.5,226,56,14
2026-04-19,SKU_019,9,STORE_01,1,30,Rainy,17.9,Apparel,107.94,154.53,202,92,8
2026-04-19,SKU_020,113,STORE_03,1,30,Rainy,17.9,Apparel,91.87,157.08,203,69,8
2026-04-20,SKU_001,19,STORE_03,1,20,Stormy,34.4,Groceries,89.11,173.34,225,59,3
2026-04-20,SKU_002,10,STORE_01,1,20,Stormy,34.4,Groceries,93.67,139.52,92,48,10
2026-04-20,SKU_003,22,STORE_02,1,20,Stormy,34.4,Apparel,76.77,144.31,39,57,13
2026-04-20,SKU_004,13,STORE_01,1,20,Stormy,34.4,Apparel,50.71,93.58,178,31,14
2026-04-20,SKU_005,19,STORE_03,1,20,Stormy,34.4,Home & Kitchen,144.78,283.08,13,91,9
2026-04-20,SKU_006,23,STORE_01,1,20,Stormy,34.4,Home & Kitchen,34.27,61.62,116,37,13
2026-04-20,SKU_007,24,STORE_03,1,20,Stormy,34.4,Groceries,63.35,111.77,59,50,13
2026-04-20,SKU_008,24,STORE_02,1,20,Stormy,34.4,Apparel,77.29,104.6,103,100,13
2026-04-20,SKU_009,15,STORE_01,1,20,Stormy,34.4,Electronics,13.65,22.2,97,26,5
2026-04-20,SKU_010,24,STORE_02,1,20,Stormy,34.4,Apparel,54.66,105.41,220,66,9
2026-04-20,SKU_011,18,STORE_01,1,20,Stormy,34.4,Home & Kitchen,41.13,78.19,257,73,13
2026-04-20,SKU_012,15,STORE_03,1,20,Stormy,34.4,Home & Kitchen,138.43,215.85,73,53,5
2026-04-20,SKU_013,11,STORE_02,1,20,Stormy,34.4,Groceries,63.38,95.43,292,53,8
2026-04-20,SKU_014,13,STORE_03,1,20,Stormy,34.4,Groceries,114.03,157.27,120,69,7
2026-04-20,SKU_015,26,STORE_02,1,20,Stormy,34.4,Home & Kitchen,28.9,40.43,190,49,3
2026-04-20,SKU_016,17,STORE_03,1,20,Stormy,34.4,Home & Kitchen,66.47,120.94,211,98,3
2026-04-20,SKU_017,6,STORE_01,1,20,Stormy,34.4,Electronics,97.91,176.78,209,72,3
2026-04-20,SKU_018,9,STORE_02,1,20,Stormy,34.4,Groceries,129.16,218.5,226,56,14
2026-04-20,SKU_019,6,STORE_01,1,20,Stormy,34.4,Apparel,107.94,154.53,202,92,8
2026-04-20,SKU_020,2,STORE_02,1,20,Stormy,34.4,Apparel,91.87,157.08,203,69,8
2026-04-21,SKU_001,9,STORE_02,0,0,Sunny,32.3,Groceries,89.11,173.34,225,59,3
2026-04-21,SKU_002,28,STORE_02,0,0,Sunny,32.3,Groceries,93.67,139.52,92,48,10
2026-04-21,SKU_003,25,STORE_01,0,0,Sunny,32.3,Apparel,76.77,144.31,39,57,13
2026-04-21,SKU_004,17,STORE_03,0,0,Sunny,32.3,Apparel,50.71,93.58,178,31,14
2026-04-21,SKU_005,30,STORE_01,0,0,Sunny,32.3,Home & Kitchen,144.78,283.08,13,91,9
2026-04-21,SKU_006,12,STORE_02,0,0,Sunny,32.3,Home & Kitchen,34.27,61.62,116,37,13
2026-04-21,SKU_007,13,STORE_01,0,0,Sunny,32.3,Groceries,63.35,111.77,59,50,13
2026-04-21,SKU_008,20,STORE_03,0,0,Sunny,32.3,Apparel,77.29,104.6,103,100,13
2026-04-21,SKU_009,24,STORE_03,0,0,Sunny,32.3,Electronics,13.65,22.2,97,26,5
2026-04-21,SKU_010,15,STORE_02,0,0,Sunny,32.3,Apparel,54.66,105.41,220,66,9
2026-04-21,SKU_011,2,STORE_03,0,0,Sunny,32.3,Home & Kitchen,41.13,78.19,257,73,13
2026-04-21,SKU_012,14,STORE_02,0,0,Sunny,32.3,Home & Kitchen,138.43,215.85,73,53,5
2026-04-21,SKU_013,18,STORE_02,0,0,Sunny,32.3,Groceries,63.38,95.43,292,53,8
2026-04-21,SKU_014,24,STORE_01,0,0,Sunny,32.3,Groceries,114.03,157.27,120,69,7
2026-04-21,SKU_015,23,STORE_01,0,0,Sunny,32.3,Home & Kitchen,28.9,40.43,190,49,3
2026-04-21,SKU_016,14,STORE_02,0,0,Sunny,32.3,Home & Kitchen,66.47,120.94,211,98,3
2026-04-21,SKU_017,4,STORE_02,0,0,Sunny,32.3,Electronics,97.91,176.78,209,72,3
2026-04-21,SKU_018,73,STORE_01,0,0,Sunny,32.3,Groceries,129.16,218.5,226,56,14
2026-04-21,SKU_019,24,STORE_03,0,0,Sunny,32.3,Apparel,107.94,154.53,202,92,8
2026-04-21,SKU_020,14,STORE_03,0,0,Sunny,32.3,Apparel,91.87,157.08,203,69,8
2026-04-22,SKU_001,31,STORE_03,1,10,Clear,20.3,Groceries,89.11,173.34,225,59,3
2026-04-22,SKU_002,27,STORE_03,1,10,Clear,20.3,Groceries,93.67,139.52,92,48,10
2026-04-22,SKU_003,17,STORE_03,1,10,Clear,20.3,Apparel,76.77,144.31,39,57,13
2026-04-22,SKU_004,31,STORE_03,1,10,Clear,20.3,Apparel,50.71,93.58,178,31,14
2026-04-22,SKU_005,19,STORE_03,1,10,Clear,20.3,Home & Kitchen,144.78,283.08,13,91,9
2026-04-22,SKU_006,28,STORE_03,1,10,Clear,20.3,Home & Kitchen,34.27,61.62,116,37,13
2026-04-22,SKU_007,24,STORE_02,1,10,Clear,20.3,Groceries,63.35,111.77,59,50,13
2026-04-22,SKU_008,17,STORE_03,1,10,Clear,20.3,Apparel,77.29,104.6,103,100,13
2026-04-22,SKU_009,20,STORE_03,1,10,Clear,20.3,Electronics,13.65,22.2,97,26,5
2026-04-22,SKU_010,10,STORE_01,1,10,Clear,20.3,Apparel,54.66,105.41,220,66,9
2026-04-22,SKU_011,24,STORE_02,1,10,Clear,20.3,Home & Kitchen,41.13,78.19,257,73,13
2026-04-22,SKU_012,29,STORE_02,1,10,Clear,20.3,Home & Kitchen,138.43,215.85,73,53,5
2026-04-22,SKU_013,17,STORE_01,1,10,Clear,20.3,Groceries,63.38,95.43,292,53,8
2026-04-22,SKU_014,12,STORE_03,1,10,Clear,20.3,Groceries,114.03,157.27,120,69,7
2026-04-22,SKU_015,12,STORE_03,1,10,Clear,20.3,Home & Kitchen,28.9,40.43,190,49,3
2026-04-22,SKU_016,19,STORE_02,1,10,Clear,20.3,Home & Kitchen,66.47,120.94,211,98,3
2026-04-22,SKU_017,8,STORE_02,1,10,Clear,20.3,Electronics,97.91,176.78,209,72,3
2026-04-22,SKU_018,19,STORE_01,1,10,Clear,20.3,Groceries,129.16,218.5,226,56,14
2026-04-22,SKU_019,7,STORE_02,1,10,Clear,20.3,Apparel,107.94,154.53,202,92,8
2026-04-22,SKU_020,22,STORE_03,1,10,Clear,20.3,Apparel,91.87,157.08,203,69,8
2026-04-23,SKU_001,13,STORE_03,0,0,Stormy,32.0,Groceries,89.11,173.34,225,59,3
2026-04-23,SKU_002,22,STORE_01,0,0,Stormy,32.0,Groceries,93.67,139.52,92,48,10
2026-04-23,SKU_003,23,STORE_03,0,0,Stormy,32.0,Apparel,76.77,144.31,39,57,13
2026-04-23,SKU_004,16,STORE_02,0,0,Stormy,32.0,Apparel,50.71,93.58,178,31,14
2026-04-23,SKU_005,29,STORE_03,0,0,Stormy,32.0,Home & Kitchen,144.78,283.08,13,91,9
2026-04-23,SKU_006,30,STORE_01,0,0,Stormy,32.0,Home & Kitchen,34.27,61.62,116,37,13
2026-04-23,SKU_007,24,STORE_01,0,0,Stormy,32.0,Groceries,63.35,111.77,59,50,13
2026-04-23,SKU_008,19,STORE_01,0,0,Stormy,32.0,Apparel,77.29,104.6,103,100,13
2026-04-23,SKU_009,18,STORE_02,0,0,Stormy,32.0,Electronics,13.65,22.2,97,26,5
2026-04-23,SKU_010,20,STORE_02,0,0,Stormy,32.0,Apparel,54.66,105.41,220,66,9
2026-04-23,SKU_011,7,STORE_01,0,0,Stormy,32.0,Home & Kitchen,41.13,78.19,257,73,13
2026-04-23,SKU_012,19,STORE_01,0,0,Stormy,32.0,Home & Kitchen,138.43,215.85,73,53,5
2026-04-23,SKU_013,17,STORE_02,0,0,Stormy,32.0,Groceries,63.38,95.43,292,53,8
2026-04-23,SKU_014,6,STORE_02,0,0,Stormy,32.0,Groceries,114.03,157.27,120,69,7
2026-04-23,SKU_015,26,STORE_01,0,0,Stormy,32.0,Home & Kitchen,28.9,40.43,190,49,3
2026-04-23,SKU_016,9,STORE_02,0,0,Stormy,32.0,Home & Kitchen,66.47,120.94,211,98,3
2026-04-23,SKU_017,27,STORE_01,0,0,Stormy,32.0,Electronics,97.91,176.78,209,72,3
2026-04-23,SKU_018,7,STORE_02,0,0,Stormy,32.0,Groceries,129.16,218.5,226,56,14
2026-04-23,SKU_019,16,STORE_02,0,0,Stormy,32.0,Apparel,107.94,154.53,202,92,8
2026-04-23,SKU_020,5,STORE_02,0,0,Stormy,32.0,Apparel,91.87,157.08,203,69,8
2026-04-24,SKU_001,10,STORE_01,0,0,Clear,18.5,Groceries,89.11,173.34,225,59,3
2026-04-24,SKU_002,19,STORE_01,0,0,Clear,18.5,Groceries,93.67,139.52,92,48,10
2026-04-24,SKU_003,96,STORE_02,0,0,Clear,18.5,Apparel,76.77,144.31,39,57,13
2026-04-24,SKU_004,20,STORE_01,0,0,Clear,18.5,Apparel,50.71,93.58,178,31,14
2026-04-24,SKU_005,9,STORE_02,0,0,Clear,18.5,Home & Kitchen,144.78,283.08,13,91,9
2026-04-24,SKU_006,104,STORE_03,0,0,Clear,18.5,Home & Kitchen,34.27,61.62,116,37,13
2026-04-24,SKU_007,5,STORE_01,0,0,Clear,18.5,Groceries,63.35,111.77,59,50,13
2026-04-24,SKU_008,13,STORE_01,0,0,Clear,18.5,Apparel,77.29,104.6,103,100,13
2026-04-24,SKU_009,30,STORE_03,0,0,Clear,18.5,Electronics,13.65,22.2,97,26,5
2026-04-24,SKU_010,30,STORE_03,0,0,Clear,18.5,Apparel,54.66,105.41,220,66,9
2026-04-24,SKU_011,23,STORE_02,0,0,Clear,18.5,Home & Kitchen,41.13,78.19,257,73,13
2026-04-24,SKU_012,17,STORE_02,0,0,Clear,18.5,Home & Kitchen,138.43,215.85,73,53,5
2026-04-24,SKU_013,13,STORE_01,0,0,Clear,18.5,Groceries,63.38,95.43,292,53,8
2026-04-24,SKU_014,6,STORE_01,0,0,Clear,18.5,Groceries,114.03,157.27,120,69,7
2026-04-24,SKU_015,1,STORE_01,0,0,Clear,18.5,Home & Kitchen,28.9,40.43,190,49,3
2026-04-24,SKU_016,5,STORE_03,0,0,Clear,18.5,Home & Kitchen,66.47,120.94,211,98,3
2026-04-24,SKU_017,9,STORE_02,0,0,Clear,18.5,Electronics,97.91,176.78,209,72,3
2026-04-24,SKU_018,23,STORE_02,0,0,Clear,18.5,Groceries,129.16,218.5,226,56,14
2026-04-24,SKU_019,7,STORE_01,0,0,Clear,18.5,Apparel,107.94,154.53,202,92,8
2026-04-24,SKU_020,6,STORE_01,0,0,Clear,18.5,Apparel,91.87,157.08,203,69,8
2026-04-25,SKU_001,8,STORE_01,0,0,Rainy,22.4,Groceries,89.11,173.34,225,59,3
2026-04-25,SKU_002,38,STORE_03,0,0,Rainy,22.4,Groceries,93.67,139.52,92,48,10
2026-04-25,SKU_003,27,STORE_01,0,0,Rainy,22.4,Apparel,76.77,144.31,39,57,13
2026-04-25,SKU_004,32,STORE_02,0,0,Rainy,22.4,Apparel,50.71,93.58,178,31,14
2026-04-25,SKU_005,35,STORE_02,0,0,Rainy,22.4,Home & Kitchen,144.78,283.08,13,91,9
2026-04-25,SKU_006,32,STORE_03,0,0,Rainy,22.4,Home & Kitchen,34.27,61.62,116,37,13
2026-04-25,SKU_007,31,STORE_03,0,0,Rainy,22.4,Groceries,63.35,111.77,59,50,13
2026-04-25,SKU_008,15,STORE_01,0,0,Rainy,22.4,Apparel,77.29,104.6,103,100,13
2026-04-25,SKU_009,40,STORE_03,0,0,Rainy,22.4,Electronics,13.65,22.2,97,26,5
2026-04-25,SKU_010,34,STORE_02,0,0,Rainy,22.4,Apparel,54.66,105.41,220,66,9
2026-04-25,SKU_011,23,STORE_02,0,0,Rainy,22.4,Home & Kitchen,41.13,78.19,257,73,13
2026-04-25,SKU_012,35,STORE_02,0,0,Rainy,22.4,Home & Kitchen,138.43,215.85,73,53,5
2026-04-25,SKU_013,18,STORE_02,0,0,Rainy,22.4,Groceries,63.38,95.43,292,53,8
2026-04-25,SKU_014,16,STORE_02,0,0,Rainy,22.4,Groceries,114.03,157.27,120,69,7
2026-04-25,SKU_015,14,STORE_02,0,0,Rainy,22.4,Home & Kitchen,28.9,40.43,190,49,3
2026-04-25,SKU_016,34,STORE_02,0,0,Rainy,22.4,Home & Kitchen,66.47,120.94,211,98,3
2026-04-25,SKU_017,30,STORE_02,0,0,Rainy,22.4,Electronics,97.91,176.78,209,72,3
2026-04-25,SKU_018,11,STORE_02,0,0,Rainy,22.4,Groceries,129.16,218.5,226,56,14
2026-04-25,SKU_019,45,STORE_01,0,0,Rainy,22.4,Apparel,107.94,154.53,202,92,8
2026-04-25,SKU_020,30,STORE_03,0,0,Rainy,22.4,Apparel,91.87,157.08,203,69,8
2026-04-26,SKU_001,8,STORE_01,0,0,Rainy,33.6,Groceries,89.11,173.34,225,59,3
2026-04-26,SKU_002,17,STORE_02,0,0,Rainy,33.6,Groceries,93.67,139.52,92,48,10
2026-04-26,SKU_003,12,STORE_03,0,0,Rainy,33.6,Apparel,76.77,144.31,39,57,13
2026-04-26,SKU_004,14,STORE_02,0,0,Rainy,33.6,Apparel,50.71,93.58,178,31,14
2026-04-26,SKU_005,18,STORE_03,0,0,Rainy,33.6,Home & Kitchen,144.78,283.08,13,91,9
2026-04-26,SKU_006,24,STORE_01,0,0,Rainy,33.6,Home & Kitchen,34.27,61.62,116,37,13
2026-04-26,SKU_007,28,STORE_01,0,0,Rainy,33.6,Groceries,63.35,111.77,59,50,13
2026-04-26,SKU_008,6,STORE_01,0,0,Rainy,33.6,Apparel,77.29,104.6,103,100,13
2026-04-26,SKU_009,5,STORE_03,0,0,Rainy,33.6,Electronics,13.65,22.2,97,26,5
2026-04-26,SKU_010,25,STORE_01,0,0,Rainy,33.6,Apparel,54.66,105.41,220,66,9
2026-04-26,SKU_011,32,STORE_03,0,0,Rainy,33.6,Home & Kitchen,41.13,78.19,257,73,13
2026-04-26,SKU_012,17,STORE_02,0,0,Rainy,33.6,Home & Kitchen,138.43,215.85,73,53,5
2026-04-26,SKU_013,27,STORE_02,0,0,Rainy,33.6,Groceries,63.38,95.43,292,53,8
2026-04-26,SKU_014,16,STORE_01,0,0,Rainy,33.6,Groceries,114.03,157.27,120,69,7
2026-04-26,SKU_015,19,STORE_03,0,0,Rainy,33.6,Home & Kitchen,28.9,40.43,190,49,3
2026-04-26,SKU_016,17,STORE_01,0,0,Rainy,33.6,Home & Kitchen,66.47,120.94,211,98,3
2026-04-26,SKU_017,24,STORE_02,0,0,Rainy,33.6,Electronics,97.91,176.78,209,72,3
2026-04-26,SKU_018,36,STORE_02,0,0,Rainy,33.6,Groceries,129.16,218.5,226,56,14
2026-04-26,SKU_019,31,STORE_03,0,0,Rainy,33.6,Apparel,107.94,154.53,202,92,8
2026-04-26,SKU_020,15,STORE_03,0,0,Rainy,33.6,Apparel,91.87,157.08,203,69,8
2026-04-27,SKU_001,12,STORE_01,0,0,Sunny,31.4,Groceries,89.11,173.34,225,59,3
2026-04-27,SKU_002,25,STORE_03,0,0,Sunny,31.4,Groceries,93.67,139.52,92,48,10
2026-04-27,SKU_003,19,STORE_03,0,0,Sunny,31.4,Apparel,76.77,144.31,39,57,13
2026-04-27,SKU_004,19,STORE_03,0,0,Sunny,31.4,Apparel,50.71,93.58,178,31,14
2026-04-27,SKU_005,29,STORE_03,0,0,Sunny,31.4,Home & Kitchen,144.78,283.08,13,91,9
2026-04-27,SKU_006,25,STORE_03,0,0,Sunny,31.4,Home & Kitchen,34.27,61.62,116,37,13
2026-04-27,SKU_007,21,STORE_03,0,0,Sunny,31.4,Groceries,63.35,111.77,59,50,13
2026-04-27,SKU_008,9,STORE_03,0,0,Sunny,31.4,Apparel,77.29,104.6,103,100,13
2026-04-27,SKU_009,4,STORE_03,0,0,Sunny,31.4,Electronics,13.65,22.2,97,26,5
2026-04-27,SKU_010,23,STORE_03,0,0,Sunny,31.4,Apparel,54.66,105.41,220,66,9
2026-04-27,SKU_011,24,STORE_03,0,0,Sunny,31.4,Home & Kitchen,41.13,78.19,257,73,13
2026-04-27,SKU_012,10,STORE_03,0,0,Sunny,31.4,Home & Kitchen,138.43,215.85,73,53,5
2026-04-27,SKU_013,30,STORE_01,0,0,Sunny,31.4,Groceries,63.38,95.43,292,53,8
2026-04-27,SKU_014,24,STORE_03,0,0,Sunny,31.4,Groceries,114.03,157.27,120,69,7
2026-04-27,SKU_015,29,STORE_03,0,0,Sunny,31.4,Home & Kitchen,28.9,40.43,190,49,3
2026-04-27,SKU_016,20,STORE_01,0,0,Sunny,31.4,Home & Kitchen,66.47,120.94,211,98,3
2026-04-27,SKU_017,8,STORE_02,0,0,Sunny,31.4,Electronics,97.91,176.78,209,72,3
2026-04-27,SKU_018,15,STORE_03,0,0,Sunny,31.4,Groceries,129.16,218.5,226,56,14
2026-04-27,SKU_019,5,STORE_02,0,0,Sunny,31.4,Apparel,107.94,154.53,202,92,8
2026-04-27,SKU_020,12,STORE_03,0,0,Sunny,31.4,Apparel,91.87,157.08,203,69,8
2026-04-28,SKU_001,1,STORE_01,0,0,Rainy,19.2,Groceries,89.11,173.34,225,59,3
2026-04-28,SKU_002,14,STORE_01,0,0,Rainy,19.2,Groceries,93.67,139.52,92,48,10
2026-04-28,SKU_003,25,STORE_01,0,0,Rainy,19.2,Apparel,76.77,144.31,39,57,13
2026-04-28,SKU_004,26,STORE_02,0,0,Rainy,19.2,Apparel,50.71,93.58,178,31,14
2026-04-28,SKU_005,25,STORE_01,0,0,Rainy,19.2,Home & Kitchen,144.78,283.08,13,91,9
2026-04-28,SKU_006,22,STORE_03,0,0,Rainy,19.2,Home & Kitchen,34.27,61.62,116,37,13
2026-04-28,SKU_007,11,STORE_02,0,0,Rainy,19.2,Groceries,63.35,111.77,59,50,13
2026-04-28,SKU_008,35,STORE_01,0,0,Rainy,19.2,Apparel,77.29,104.6,103,100,13
2026-04-28,SKU_009,9,STORE_03,0,0,Rainy,19.2,Electronics,13.65,22.2,97,26,5
2026-04-28,SKU_010,31,STORE_03,0,0,Rainy,19.2,Apparel,54.66,105.41,220,66,9
2026-04-28,SKU_011,28,STORE_03,0,0,Rainy,19.2,Home & Kitchen,41.13,78.19,257,73,13
2026-04-28,SKU_012,27,STORE_02,0,0,Rainy,19.2,Home & Kitchen,138.43,215.85,73,53,5
2026-04-28,SKU_013,28,STORE_01,0,0,Rainy,19.2,Groceries,63.38,95.43,292,53,8
2026-04-28,SKU_014,12,STORE_03,0,0,Rainy,19.2,Groceries,114.03,157.27,120,69,7
2026-04-28,SKU_015,20,STORE_02,0,0,Rainy,19.2,Home & Kitchen,28.9,40.43,190,49,3
2026-04-28,SKU_016,14,STORE_03,0,0,Rainy,19.2,Home & Kitchen,66.47,120.94,211,98,3
2026-04-28,SKU_017,14,STORE_02,0,0,Rainy,19.2,Electronics,97.91,176.78,209,72,3
2026-04-28,SKU_018,18,STORE_02,0,0,Rainy,19.2,Groceries,129.16,218.5,226,56,14
2026-04-28,SKU_019,4,STORE_02,0,0,Rainy,19.2,Apparel,107.94,154.53,202,92,8
2026-04-28,SKU_020,2,STORE_03,0,0,Rainy,19.2,Apparel,91.87,157.08,203,69,8
2026-04-29,SKU_001,1,STORE_02,0,0,Sunny,17.9,Groceries,89.11,173.34,225,59,3
2026-04-29,SKU_002,25,STORE_01,0,0,Sunny,17.9,Groceries,93.67,139.52,92,48,10
2026-04-29,SKU_003,11,STORE_03,0,0,Sunny,17.9,Apparel,76.77,144.31,39,57,13
2026-04-29,SKU_004,20,STORE_01,0,0,Sunny,17.9,Apparel,50.71,93.58,178,31,14
2026-04-29,SKU_005,33,STORE_03,0,0,Sunny,17.9,Home & Kitchen,144.78,283.08,13,91,9
2026-04-29,SKU_006,6,STORE_03,0,0,Sunny,17.9,Home & Kitchen,34.27,61.62,116,37,13
2026-04-29,SKU_007,13,STORE_03,0,0,Sunny,17.9,Groceries,63.35,111.77,59,50,13
2026-04-29,SKU_008,8,STORE_03,0,0,Sunny,17.9,Apparel,77.29,104.6,103,100,13
2026-04-29,SKU_009,8,STORE_02,0,0,Sunny,17.9,Electronics,13.65,22.2,97,26,5
2026-04-29,SKU_010,16,STORE_01,0,0,Sunny,17.9,Apparel,54.66,105.41,220,66,9
2026-04-29,SKU_011,24,STORE_01,0,0,Sunny,17.9,Home & Kitchen,41.13,78.19,257,73,13
2026-04-29,SKU_012,22,STORE_02,0,0,Sunny,17.9,Home & Kitchen,138.43,215.85,73,53,5
2026-04-29,SKU_013,5,STORE_02,0,0,Sunny,17.9,Groceries,63.38,95.43,292,53,8
2026-04-29,SKU_014,20,STORE_02,0,0,Sunny,17.9,Groceries,114.03,157.27,120,69,7
2026-04-29,SKU_015,16,STORE_01,0,0,Sunny,17.9,Home & Kitchen,28.9,40.43,190,49,3
2026-04-29,SKU_016,12,STORE_03,0,0,Sunny,17.9,Home & Kitchen,66.47,120.94,211,98,3
2026-04-29,SKU_017,20,STORE_02,0,0,Sunny,17.9,Electronics,97.91,176.78,209,72,3
2026-04-29,SKU_018,7,STORE_01,0,0,Sunny,17.9,Groceries,129.16,218.5,226,56,14
2026-04-29,SKU_019,5,STORE_02,0,0,Sunny,17.9,Apparel,107.94,154.53,202,92,8
2026-04-29,SKU_020,11,STORE_01,0,0,Sunny,17.9,Apparel,91.87,157.08,203,69,8
2026-04-30,SKU_001,25,STORE_03,0,0,Rainy,20.6,Groceries,89.11,173.34,225,59,3
2026-04-30,SKU_002,20,STORE_02,0,0,Rainy,20.6,Groceries,93.67,139.52,92,48,10
2026-04-30,SKU_003,6,STORE_01,0,0,Rainy,20.6,Apparel,76.77,144.31,39,57,13
2026-04-30,SKU_004,5,STORE_01,0,0,Rainy,20.6,Apparel,50.71,93.58,178,31,14
2026-04-30,SKU_005,23,STORE_03,0,0,Rainy,20.6,Home & Kitchen,144.78,283.08,13,91,9
2026-04-30,SKU_006,13,STORE_01,0,0,Rainy,20.6,Home & Kitchen,34.27,61.62,116,37,13
2026-04-30,SKU_007,7,STORE_02,0,0,Rainy,20.6,Groceries,63.35,111.77,59,50,13
2026-04-30,SKU_008,12,STORE_01,0,0,Rainy,20.6,Apparel,77.29,104.6,103,100,13
2026-04-30,SKU_009,72,STORE_01,0,0,Rainy,20.6,Electronics,13.65,22.2,97,26,5
2026-04-30,SKU_010,20,STORE_03,0,0,Rainy,20.6,Apparel,54.66,105.41,220,66,9
2026-04-30,SKU_011,31,STORE_03,0,0,Rainy,20.6,Home & Kitchen,41.13,78.19,257,73,13
2026-04-30,SKU_012,15,STORE_03,0,0,Rainy,20.6,Home & Kitchen,138.43,215.85,73,53,5
2026-04-30,SKU_013,10,STORE_02,0,0,Rainy,20.6,Groceries,63.38,95.43,292,53,8
2026-04-30,SKU_014,21,STORE_01,0,0,Rainy,20.6,Groceries,114.03,157.27,120,69,7
2026-04-30,SKU_015,12,STORE_02,0,0,Rainy,20.6,Home & Kitchen,28.9,40.43,190,49,3
2026-04-30,SKU_016,25,STORE_02,0,0,Rainy,20.6,Home & Kitchen,66.47,120.94,211,98,3
2026-04-30,SKU_017,31,STORE_01,0,0,Rainy,20.6,Electronics,97.91,176.78,209,72,3
2026-04-30,SKU_018,3,STORE_02,0,0,Rainy,20.6,Groceries,129.16,218.5,226,56,14
2026-04-30,SKU_019,20,STORE_01,0,0,Rainy,20.6,Apparel,107.94,154.53,202,92,8
2026-04-30,SKU_020,23,STORE_02,0,0,Rainy,20.6,Apparel,91.87,157.08,203,69,8
2026-05-01,SKU_001,32,STORE_03,0,0,Rainy,25.4,Groceries,89.11,173.34,225,59,3
2026-05-01,SKU_002,32,STORE_02,0,0,Rainy,25.4,Groceries,93.67,139.52,92,48,10
2026-05-01,SKU_003,22,STORE_02,0,0,Rainy,25.4,Apparel,76.77,144.31,39,57,13
2026-05-01,SKU_004,18,STORE_01,0,0,Rainy,25.4,Apparel,50.71,93.58,178,31,14
2026-05-01,SKU_005,25,STORE_03,0,0,Rainy,25.4,Home & Kitchen,144.78,283.08,13,91,9
2026-05-01,SKU_006,31,STORE_01,0,0,Rainy,25.4,Home & Kitchen,34.27,61.62,116,37,13
2026-05-01,SKU_007,15,STORE_03,0,0,Rainy,25.4,Groceries,63.35,111.77,59,50,13
2026-05-01,SKU_008,24,STORE_03,0,0,Rainy,25.4,Apparel,77.29,104.6,103,100,13
2026-05-01,SKU_009,11,STORE_01,0,0,Rainy,25.4,Electronics,13.65,22.2,97,26,5
2026-05-01,SKU_010,13,STORE_02,0,0,Rainy,25.4,Apparel,54.66,105.41,220,66,9
2026-05-01,SKU_011,7,STORE_01,0,0,Rainy,25.4,Home & Kitchen,41.13,78.19,257,73,13
2026-05-01,SKU_012,12,STORE_01,0,0,Rainy,25.4,Home & Kitchen,138.43,215.85,73,53,5
2026-05-01,SKU_013,8,STORE_01,0,0,Rainy,25.4,Groceries,63.38,95.43,292,53,8
2026-05-01,SKU_014,23,STORE_02,0,0,Rainy,25.4,Groceries,114.03,157.27,120,69,7
2026-05-01,SKU_015,10,STORE_01,0,0,Rainy,25.4,Home & Kitchen,28.9,40.43,190,49,3
2026-05-01,SKU_016,17,STORE_03,0,0,Rainy,25.4,Home & Kitchen,66.47,120.94,211,98,3
2026-05-01,SKU_017,26,STORE_03,0,0,Rainy,25.4,Electronics,97.91,176.78,209,72,3
2026-05-01,SKU_018,14,STORE_03,0,0,Rainy,25.4,Groceries,129.16,218.5,226,56,14
2026-05-01,SKU_019,27,STORE_03,0,0,Rainy,25.4,Apparel,107.94,154.53,202,92,8
2026-05-01,SKU_020,0,STORE_03,0,0,Rainy,25.4,Apparel,91.87,157.08,203,69,8
2026-05-02,SKU_001,33,STORE_03,1,50,Rainy,34.0,Groceries,89.11,173.34,225,59,3
2026-05-02,SKU_002,20,STORE_01,1,50,Rainy,34.0,Groceries,93.67,139.52,92,48,10
2026-05-02,SKU_003,18,STORE_01,1,50,Rainy,34.0,Apparel,76.77,144.31,39,57,13
2026-05-02,SKU_004,28,STORE_03,1,50,Rainy,34.0,Apparel,50.71,93.58,178,31,14
2026-05-02,SKU_005,34,STORE_01,1,50,Rainy,34.0,Home & Kitchen,144.78,283.08,13,91,9
2026-05-02,SKU_006,14,STORE_01,1,50,Rainy,34.0,Home & Kitchen,34.27,61.62,116,37,13
2026-05-02,SKU_007,10,STORE_01,1,50,Rainy,34.0,Groceries,63.35,111.77,59,50,13
2026-05-02,SKU_008,23,STORE_02,1,50,Rainy,34.0,Apparel,77.29,104.6,103,100,13
2026-05-02,SKU_009,17,STORE_02,1,50,Rainy,34.0,Electronics,13.65,22.2,97,26,5
2026-05-02,SKU_010,14,STORE_03,1,50,Rainy,34.0,Apparel,54.66,105.41,220,66,9
2026-05-02,SKU_011,73,STORE_03,1,50,Rainy,34.0,Home & Kitchen,41.13,78.19,257,73,13
2026-05-02,SKU_012,28,STORE_02,1,50,Rainy,34.0,Home & Kitchen,138.43,215.85,73,53,5
2026-05-02,SKU_013,11,STORE_03,1,50,Rainy,34.0,Groceries,63.38,95.43,292,53,8
2026-05-02,SKU_014,26,STORE_02,1,50,Rainy,34.0,Groceries,114.03,157.27,120,69,7
2026-05-02,SKU_015,11,STORE_03,1,50,Rainy,34.0,Home & Kitchen,28.9,40.43,190,49,3
2026-05-02,SKU_016,4,STORE_02,1,50,Rainy,34.0,Home & Kitchen,66.47,120.94,211,98,3
2026-05-02,SKU_017,12,STORE_01,1,50,Rainy,34.0,Electronics,97.91,176.78,209,72,3
2026-05-02,SKU_018,111,STORE_03,1,50,Rainy,34.0,Groceries,129.16,218.5,226,56,14
2026-05-02,SKU_019,15,STORE_02,1,50,Rainy,34.0,Apparel,107.94,154.53,202,92,8
2026-05-02,SKU_020,17,STORE_02,1,50,Rainy,34.0,Apparel,91.87,157.08,203,69,8
2026-05-03,SKU_001,18,STORE_02,1,10,Stormy,34.9,Groceries,89.11,173.34,225,59,3
2026-05-03,SKU_002,15,STORE_01,1,10,Stormy,34.9,Groceries,93.67,139.52,92,48,10
2026-05-03,SKU_003,14,STORE_01,1,10,Stormy,34.9,Apparel,76.77,144.31,39,57,13
2026-05-03,SKU_004,25,STORE_01,1,10,Stormy,34.9,Apparel,50.71,93.58,178,31,14
2026-05-03,SKU_005,121,STORE_01,1,10,Stormy,34.9,Home & Kitchen,144.78,283.08,13,91,9
2026-05-03,SKU_006,35,STORE_01,1,10,Stormy,34.9,Home & Kitchen,34.27,61.62,116,37,13
2026-05-03,SKU_007,18,STORE_03,1,10,Stormy,34.9,Groceries,63.35,111.77,59,50,13
2026-05-03,SKU_008,34,STORE_03,1,10,Stormy,34.9,Apparel,77.29,104.6,103,100,13
2026-05-03,SKU_009,34,STORE_02,1,10,Stormy,34.9,Electronics,13.65,22.2,97,26,5
2026-05-03,SKU_010,13,STORE_02,1,10,Stormy,34.9,Apparel,54.66,105.41,220,66,9
2026-05-03,SKU_011,25,STORE_02,1,10,Stormy,34.9,Home & Kitchen,41.13,78.19,257,73,13
2026-05-03,SKU_012,9,STORE_01,1,10,Stormy,34.9,Home & Kitchen,138.43,215.85,73,53,5
2026-05-03,SKU_013,13,STORE_03,1,10,Stormy,34.9,Groceries,63.38,95.43,292,53,8
2026-05-03,SKU_014,19,STORE_01,1,10,Stormy,34.9,Groceries,114.03,157.27,120,69,7
2026-05-03,SKU_015,17,STORE_01,1,10,Stormy,34.9,Home & Kitchen,28.9,40.43,190,49,3
2026-05-03,SKU_016,5,STORE_03,1,10,Stormy,34.9,Home & Kitchen,66.47,120.94,211,98,3
2026-05-03,SKU_017,14,STORE_03,1,10,Stormy,34.9,Electronics,97.91,176.78,209,72,3
2026-05-03,SKU_018,37,STORE_01,1,10,Stormy,34.9,Groceries,129.16,218.5,226,56,14
2026-05-03,SKU_019,35,STORE_02,1,10,Stormy,34.9,Apparel,107.94,154.53,202,92,8
2026-05-03,SKU_020,6,STORE_03,1,10,Stormy,34.9,Apparel,91.87,157.08,203,69,8
2026-05-04,SKU_001,25,STORE_02,0,0,Rainy,18.4,Groceries,89.11,173.34,225,59,3
2026-05-04,SKU_002,12,STORE_01,0,0,Rainy,18.4,Groceries,93.67,139.52,92,48,10
2026-05-04,SKU_003,26,STORE_01,0,0,Rainy,18.4,Apparel,76.77,144.31,39,57,13
2026-05-04,SKU_004,28,STORE_02,0,0,Rainy,18.4,Apparel,50.71,93.58,178,31,14
2026-05-04,SKU_005,18,STORE_03,0,0,Rainy,18.4,Home & Kitchen,144.78,283.08,13,91,9
2026-05-04,SKU_006,12,STORE_01,0,0,Rainy,18.4,Home & Kitchen,34.27,61.62,116,37,13
2026-05-04,SKU_007,10,STORE_03,0,0,Rainy,18.4,Groceries,63.35,111.77,59,50,13
2026-05-04,SKU_008,8,STORE_02,0,0,Rainy,18.4,Apparel,77.29,104.6,103,100,13
2026-05-04,SKU_009,25,STORE_03,0,0,Rainy,18.4,Electronics,13.65,22.2,97,26,5
2026-05-04,SKU_010,17,STORE_01,0,0,Rainy,18.4,Apparel,54.66,105.41,220,66,9
2026-05-04,SKU_011,23,STORE_01,0,0,Rainy,18.4,Home & Kitchen,41.13,78.19,257,73,13
2026-05-04,SKU_012,2,STORE_03,0,0,Rainy,18.4,Home & Kitchen,138.43,215.85,73,53,5
2026-05-04,SKU_013,19,STORE_01,0,0,Rainy,18.4,Groceries,63.38,95.43,292,53,8
2026-05-04,SKU_014,25,STORE_03,0,0,Rainy,18.4,Groceries,114.03,157.27,120,69,7
2026-05-04,SKU_015,10,STORE_03,0,0,Rainy,18.4,Home & Kitchen,28.9,40.43,190,49,3
2026-05-04,SKU_016,16,STORE_01,0,0,Rainy,18.4,Home & Kitchen,66.47,120.94,211,98,3
2026-05-04,SKU_017,28,STORE_03,0,0,Rainy,18.4,Electronics,97.91,176.78,209,72,3
2026-05-04,SKU_018,28,STORE_02,0,0,Rainy,18.4,Groceries,129.16,218.5,226,56,14
2026-05-04,SKU_019,21,STORE_03,0,0,Rainy,18.4,Apparel,107.94,154.53,202,92,8
2026-05-04,SKU_020,7,STORE_03,0,0,Rainy,18.4,Apparel,91.87,157.08,203,69,8
2026-05-05,SKU_001,29,STORE_02,0,0,Rainy,25.6,Groceries,89.11,173.34,225,59,3
2026-05-05,SKU_002,5,STORE_01,0,0,Rainy,25.6,Groceries,93.67,139.52,92,48,10
2026-05-05,SKU_003,99,STORE_03,0,0,Rainy,25.6,Apparel,76.77,144.31,39,57,13
2026-05-05,SKU_004,7,STORE_02,0,0,Rainy,25.6,Apparel,50.71,93.58,178,31,14
2026-05-05,SKU_005,13,STORE_03,0,0,Rainy,25.6,Home & Kitchen,144.78,283.08,13,91,9
2026-05-05,SKU_006,27,STORE_01,0,0,Rainy,25.6,Home & Kitchen,34.27,61.62,116,37,13
2026-05-05,SKU_007,20,STORE_03,0,0,Rainy,25.6,Groceries,63.35,111.77,59,50,13
2026-05-05,SKU_008,60,STORE_02,0,0,Rainy,25.6,Apparel,77.29,104.6,103,100,13
2026-05-05,SKU_009,13,STORE_03,0,0,Rainy,25.6,Electronics,13.65,22.2,97,26,5
2026-05-05,SKU_010,17,STORE_02,0,0,Rainy,25.6,Apparel,54.66,105.41,220,66,9
2026-05-05,SKU_011,24,STORE_02,0,0,Rainy,25.6,Home & Kitchen,41.13,78.19,257,73,13
2026-05-05,SKU_012,6,STORE_02,0,0,Rainy,25.6,Home & Kitchen,138.43,215.85,73,53,5
2026-05-05,SKU_013,28,STORE_03,0,0,Rainy,25.6,Groceries,63.38,95.43,292,53,8
2026-05-05,SKU_014,15,STORE_03,0,0,Rainy,25.6,Groceries,114.03,157.27,120,69,7
2026-05-05,SKU_015,8,STORE_03,0,0,Rainy,25.6,Home & Kitchen,28.9,40.43,190,49,3
2026-05-05,SKU_016,16,STORE_03,0,0,Rainy,25.6,Home & Kitchen,66.47,120.94,211,98,3
2026-05-05,SKU_017,10,STORE_03,0,0,Rainy,25.6,Electronics,97.91,176.78,209,72,3
2026-05-05,SKU_018,11,STORE_02,0,0,Rainy,25.6,Groceries,129.16,218.5,226,56,14
2026-05-05,SKU_019,10,STORE_01,0,0,Rainy,25.6,Apparel,107.94,154.53,202,92,8
2026-05-05,SKU_020,8,STORE_02,0,0,Rainy,25.6,Apparel,91.87,157.08,203,69,8
2026-05-06,SKU_001,23,STORE_03,0,0,Sunny,28.9,Groceries,89.11,173.34,225,59,3
2026-05-06,SKU_002,23,STORE_01,0,0,Sunny,28.9,Groceries,93.67,139.52,92,48,10
2026-05-06,SKU_003,85,STORE_02,0,0,Sunny,28.9,Apparel,76.77,144.31,39,57,13
2026-05-06,SKU_004,25,STORE_02,0,0,Sunny,28.9,Apparel,50.71,93.58,178,31,14
2026-05-06,SKU_005,28,STORE_01,0,0,Sunny,28.9,Home & Kitchen,144.78,283.08,13,91,9
2026-05-06,SKU_006,23,STORE_02,0,0,Sunny,28.9,Home & Kitchen,34.27,61.62,116,37,13
2026-05-06,SKU_007,15,STORE_01,0,0,Sunny,28.9,Groceries,63.35,111.77,59,50,13
2026-05-06,SKU_008,12,STORE_03,0,0,Sunny,28.9,Apparel,77.29,104.6,103,100,13
2026-05-06,SKU_009,25,STORE_03,0,0,Sunny,28.9,Electronics,13.65,22.2,97,26,5
2026-05-06,SKU_010,26,STORE_03,0,0,Sunny,28.9,Apparel,54.66,105.41,220,66,9
2026-05-06,SKU_011,39,STORE_02,0,0,Sunny,28.9,Home & Kitchen,41.13,78.19,257,73,13
2026-05-06,SKU_012,29,STORE_01,0,0,Sunny,28.9,Home & Kitchen,138.43,215.85,73,53,5
2026-05-06,SKU_013,20,STORE_01,0,0,Sunny,28.9,Groceries,63.38,95.43,292,53,8
2026-05-06,SKU_014,14,STORE_02,0,0,Sunny,28.9,Groceries,114.03,157.27,120,69,7
2026-05-06,SKU_015,22,STORE_02,0,0,Sunny,28.9,Home & Kitchen,28.9,40.43,190,49,3
2026-05-06,SKU_016,9,STORE_02,0,0,Sunny,28.9,Home & Kitchen,66.47,120.94,211,98,3
2026-05-06,SKU_017,25,STORE_02,0,0,Sunny,28.9,Electronics,97.91,176.78,209,72,3
2026-05-06,SKU_018,14,STORE_01,0,0,Sunny,28.9,Groceries,129.16,218.5,226,56,14
2026-05-06,SKU_019,18,STORE_01,0,0,Sunny,28.9,Apparel,107.94,154.53,202,92,8
2026-05-06,SKU_020,27,STORE_02,0,0,Sunny,28.9,Apparel,91.87,157.08,203,69,8
2026-05-07,SKU_001,3,STORE_02,0,0,Stormy,18.8,Groceries,89.11,173.34,225,59,3
2026-05-07,SKU_002,17,STORE_01,0,0,Stormy,18.8,Groceries,93.67,139.52,92,48,10
2026-05-07,SKU_003,27,STORE_03,0,0,Stormy,18.8,Apparel,76.77,144.31,39,57,13
2026-05-07,SKU_004,65,STORE_03,0,0,Stormy,18.8,Apparel,50.71,93.58,178,31,14
2026-05-07,SKU_005,10,STORE_03,0,0,Stormy,18.8,Home & Kitchen,144.78,283.08,13,91,9
2026-05-07,SKU_006,20,STORE_01,0,0,Stormy,18.8,Home & Kitchen,34.27,61.62,116,37,13
2026-05-07,SKU_007,16,STORE_02,0,0,Stormy,18.8,Groceries,63.35,111.77,59,50,13
2026-05-07,SKU_008,17,STORE_02,0,0,Stormy,18.8,Apparel,77.29,104.6,103,100,13
2026-05-07,SKU_009,30,STORE_01,0,0,Stormy,18.8,Electronics,13.65,22.2,97,26,5
2026-05-07,SKU_010,6,STORE_02,0,0,Stormy,18.8,Apparel,54.66,105.41,220,66,9
2026-05-07,SKU_011,33,STORE_02,0,0,Stormy,18.8,Home & Kitchen,41.13,78.19,257,73,13
2026-05-07,SKU_012,84,STORE_01,0,0,Stormy,18.8,Home & Kitchen,138.43,215.85,73,53,5
2026-05-07,SKU_013,17,STORE_02,0,0,Stormy,18.8,Groceries,63.38,95.43,292,53,8
2026-05-07,SKU_014,24,STORE_03,0,0,Stormy,18.8,Groceries,114.03,157.27,120,69,7
2026-05-07,SKU_015,22,STORE_01,0,0,Stormy,18.8,Home & Kitchen,28.9,40.43,190,49,3
2026-05-07,SKU_016,22,STORE_02,0,0,Stormy,18.8,Home & Kitchen,66.47,120.94,211,98,3
2026-05-07,SKU_017,21,STORE_02,0,0,Stormy,18.8,Electronics,97.91,176.78,209,72,3
2026-05-07,SKU_018,13,STORE_02,0,0,Stormy,18.8,Groceries,129.16,218.5,226,56,14
2026-05-07,SKU_019,11,STORE_01,0,0,Stormy,18.8,Apparel,107.94,154.53,202,92,8
2026-05-07,SKU_020,13,STORE_02,0,0,Stormy,18.8,Apparel,91.87,157.08,203,69,8
2026-05-08,SKU_001,18,STORE_03,0,0,Stormy,22.5,Groceries,89.11,173.34,225,59,3
2026-05-08,SKU_002,22,STORE_03,0,0,Stormy,22.5,Groceries,93.67,139.52,92,48,10
2026-05-08,SKU_003,18,STORE_02,0,0,Stormy,22.5,Apparel,76.77,144.31,39,57,13
2026-05-08,SKU_004,13,STORE_03,0,0,Stormy,22.5,Apparel,50.71,93.58,178,31,14
2026-05-08,SKU_005,9,STORE_01,0,0,Stormy,22.5,Home & Kitchen,144.78,283.08,13,91,9
2026-05-08,SKU_006,14,STORE_03,0,0,Stormy,22.5,Home & Kitchen,34.27,61.62,116,37,13
2026-05-08,SKU_007,11,STORE_02,0,0,Stormy,22.5,Groceries,63.35,111.77,59,50,13
2026-05-08,SKU_008,86,STORE_01,0,0,Stormy,22.5,Apparel,77.29,104.6,103,100,13
2026-05-08,SKU_009,22,STORE_03,0,0,Stormy,22.5,Electronics,13.65,22.2,97,26,5
2026-05-08,SKU_010,29,STORE_02,0,0,Stormy,22.5,Apparel,54.66,105.41,220,66,9
2026-05-08,SKU_011,25,STORE_02,0,0,Stormy,22.5,Home & Kitchen,41.13,78.19,257,73,13
2026-05-08,SKU_012,16,STORE_02,0,0,Stormy,22.5,Home & Kitchen,138.43,215.85,73,53,5
2026-05-08,SKU_013,28,STORE_03,0,0,Stormy,22.5,Groceries,63.38,95.43,292,53,8
2026-05-08,SKU_014,24,STORE_03,0,0,Stormy,22.5,Groceries,114.03,157.27,120,69,7
2026-05-08,SKU_015,12,STORE_02,0,0,Stormy,22.5,Home & Kitchen,28.9,40.43,190,49,3
2026-05-08,SKU_016,30,STORE_03,0,0,Stormy,22.5,Home & Kitchen,66.47,120.94,211,98,3
2026-05-08,SKU_017,33,STORE_01,0,0,Stormy,22.5,Electronics,97.91,176.78,209,72,3
2026-05-08,SKU_018,8,STORE_03,0,0,Stormy,22.5,Groceries,129.16,218.5,226,56,14
2026-05-08,SKU_019,28,STORE_03,0,0,Stormy,22.5,Apparel,107.94,154.53,202,92,8
2026-05-08,SKU_020,13,STORE_03,0,0,Stormy,22.5,Apparel,91.87,157.08,203,69,8
2026-05-09,SKU_001,28,STORE_02,0,0,Rainy,24.2,Groceries,89.11,173.34,225,59,3
2026-05-09,SKU_002,29,STORE_03,0,0,Rainy,24.2,Groceries,93.67,139.52,92,48,10
2026-05-09,SKU_003,20,STORE_03,0,0,Rainy,24.2,Apparel,76.77,144.31,39,57,13
2026-05-09,SKU_004,30,STORE_02,0,0,Rainy,24.2,Apparel,50.71,93.58,178,31,14
2026-05-09,SKU_005,14,STORE_02,0,0,Rainy,24.2,Home & Kitchen,144.78,283.08,13,91,9
2026-05-09,SKU_006,30,STORE_03,0,0,Rainy,24.2,Home & Kitchen,34.27,61.62,116,37,13
2026-05-09,SKU_007,36,STORE_01,0,0,Rainy,24.2,Groceries,63.35,111.77,59,50,13
2026-05-09,SKU_008,11,STORE_03,0,0,Rainy,24.2,Apparel,77.29,104.6,103,100,13
2026-05-09,SKU_009,22,STORE_02,0,0,Rainy,24.2,Electronics,13.65,22.2,97,26,5
2026-05-09,SKU_010,22,STORE_01,0,0,Rainy,24.2,Apparel,54.66,105.41,220,66,9
2026-05-09,SKU_011,17,STORE_01,0,0,Rainy,24.2,Home & Kitchen,41.13,78.19,257,73,13
2026-05-09,SKU_012,4,STORE_01,0,0,Rainy,24.2,Home & Kitchen,138.43,215.85,73,53,5
2026-05-09,SKU_013,39,STORE_01,0,0,Rainy,24.2,Groceries,63.38,95.43,292,53,8
2026-05-09,SKU_014,7,STORE_02,0,0,Rainy,24.2,Groceries,114.03,157.27,120,69,7
2026-05-09,SKU_015,29,STORE_03,0,0,Rainy,24.2,Home & Kitchen,28.9,40.43,190,49,3
2026-05-09,SKU_016,19,STORE_02,0,0,Rainy,24.2,Home & Kitchen,66.47,120.94,211,98,3
2026-05-09,SKU_017,12,STORE_02,0,0,Rainy,24.2,Electronics,97.91,176.78,209,72,3
2026-05-09,SKU_018,65,STORE_03,0,0,Rainy,24.2,Groceries,129.16,218.5,226,56,14
2026-05-09,SKU_019,4,STORE_03,0,0,Rainy,24.2,Apparel,107.94,154.53,202,92,8
2026-05-09,SKU_020,25,STORE_02,0,0,Rainy,24.2,Apparel,91.87,157.08,203,69,8
2026-05-10,SKU_001,36,STORE_02,1,20,Clear,19.9,Groceries,89.11,173.34,225,59,3
2026-05-10,SKU_002,13,STORE_02,1,20,Clear,19.9,Groceries,93.67,139.52,92,48,10
2026-05-10,SKU_003,14,STORE_03,1,20,Clear,19.9,Apparel,76.77,144.31,39,57,13
2026-05-10,SKU_004,18,STORE_03,1,20,Clear,19.9,Apparel,50.71,93.58,178,31,14
2026-05-10,SKU_005,19,STORE_02,1,20,Clear,19.9,Home & Kitchen,144.78,283.08,13,91,9
2026-05-10,SKU_006,23,STORE_03,1,20,Clear,19.9,Home & Kitchen,34.27,61.62,116,37,13
2026-05-10,SKU_007,34,STORE_02,1,20,Clear,19.9,Groceries,63.35,111.77,59,50,13
2026-05-10,SKU_008,21,STORE_01,1,20,Clear,19.9,Apparel,77.29,104.6,103,100,13
2026-05-10,SKU_009,26,STORE_02,1,20,Clear,19.9,Electronics,13.65,22.2,97,26,5
2026-05-10,SKU_010,33,STORE_02,1,20,Clear,19.9,Apparel,54.66,105.41,220,66,9
2026-05-10,SKU_011,29,STORE_02,1,20,Clear,19.9,Home & Kitchen,41.13,78.19,257,73,13
2026-05-10,SKU_012,9,STORE_03,1,20,Clear,19.9,Home & Kitchen,138.43,215.85,73,53,5
2026-05-10,SKU_013,16,STORE_03,1,20,Clear,19.9,Groceries,63.38,95.43,292,53,8
2026-05-10,SKU_014,15,STORE_02,1,20,Clear,19.9,Groceries,114.03,157.27,120,69,7
2026-05-10,SKU_015,24,STORE_03,1,20,Clear,19.9,Home & Kitchen,28.9,40.43,190,49,3
2026-05-10,SKU_016,22,STORE_02,1,20,Clear,19.9,Home & Kitchen,66.47,120.94,211,98,3
2026-05-10,SKU_017,25,STORE_01,1,20,Clear,19.9,Electronics,97.91,176.78,209,72,3
2026-05-10,SKU_018,15,STORE_01,1,20,Clear,19.9,Groceries,129.16,218.5,226,56,14
2026-05-10,SKU_019,9,STORE_02,1,20,Clear,19.9,Apparel,107.94,154.53,202,92,8
2026-05-10,SKU_020,33,STORE_02,1,20,Clear,19.9,Apparel,91.87,157.08,203,69,8
2026-05-11,SKU_001,17,STORE_03,0,0,Stormy,34.0,Groceries,89.11,173.34,225,59,3
2026-05-11,SKU_002,10,STORE_01,0,0,Stormy,34.0,Groceries,93.67,139.52,92,48,10
2026-05-11,SKU_003,18,STORE_01,0,0,Stormy,34.0,Apparel,76.77,144.31,39,57,13
2026-05-11,SKU_004,25,STORE_03,0,0,Stormy,34.0,Apparel,50.71,93.58,178,31,14
2026-05-11,SKU_005,18,STORE_03,0,0,Stormy,34.0,Home & Kitchen,144.78,283.08,13,91,9
2026-05-11,SKU_006,24,STORE_02,0,0,Stormy,34.0,Home & Kitchen,34.27,61.62,116,37,13
2026-05-11,SKU_007,13,STORE_03,0,0,Stormy,34.0,Groceries,63.35,111.77,59,50,13
2026-05-11,SKU_008,19,STORE_03,0,0,Stormy,34.0,Apparel,77.29,104.6,103,100,13
2026-05-11,SKU_009,27,STORE_01,0,0,Stormy,34.0,Electronics,13.65,22.2,97,26,5
2026-05-11,SKU_010,10,STORE_03,0,0,Stormy,34.0,Apparel,54.66,105.41,220,66,9
2026-05-11,SKU_011,16,STORE_01,0,0,Stormy,34.0,Home & Kitchen,41.13,78.19,257,73,13
2026-05-11,SKU_012,16,STORE_03,0,0,Stormy,34.0,Home & Kitchen,138.43,215.85,73,53,5
2026-05-11,SKU_013,27,STORE_01,0,0,Stormy,34.0,Groceries,63.38,95.43,292,53,8
2026-05-11,SKU_014,31,STORE_03,0,0,Stormy,34.0,Groceries,114.03,157.27,120,69,7
2026-05-11,SKU_015,5,STORE_01,0,0,Stormy,34.0,Home & Kitchen,28.9,40.43,190,49,3
2026-05-11,SKU_016,21,STORE_01,0,0,Stormy,34.0,Home & Kitchen,66.47,120.94,211,98,3
2026-05-11,SKU_017,50,STORE_03,0,0,Stormy,34.0,Electronics,97.91,176.78,209,72,3
2026-05-11,SKU_018,14,STORE_02,0,0,Stormy,34.0,Groceries,129.16,218.5,226,56,14
2026-05-11,SKU_019,21,STORE_03,0,0,Stormy,34.0,Apparel,107.94,154.53,202,92,8
2026-05-11,SKU_020,9,STORE_02,0,0,Stormy,34.0,Apparel,91.87,157.08,203,69,8
2026-05-12,SKU_001,13,STORE_03,0,0,Sunny,17.7,Groceries,89.11,173.34,225,59,3
2026-05-12,SKU_002,24,STORE_01,0,0,Sunny,17.7,Groceries,93.67,139.52,92,48,10
2026-05-12,SKU_003,11,STORE_03,0,0,Sunny,17.7,Apparel,76.77,144.31,39,57,13
2026-05-12,SKU_004,20,STORE_01,0,0,Sunny,17.7,Apparel,50.71,93.58,178,31,14
2026-05-12,SKU_005,4,STORE_03,0,0,Sunny,17.7,Home & Kitchen,144.78,283.08,13,91,9
2026-05-12,SKU_006,5,STORE_02,0,0,Sunny,17.7,Home & Kitchen,34.27,61.62,116,37,13
2026-05-12,SKU_007,18,STORE_03,0,0,Sunny,17.7,Groceries,63.35,111.77,59,50,13
2026-05-12,SKU_008,3,STORE_02,0,0,Sunny,17.7,Apparel,77.29,104.6,103,100,13
2026-05-12,SKU_009,27,STORE_02,0,0,Sunny,17.7,Electronics,13.65,22.2,97,26,5
2026-05-12,SKU_010,18,STORE_02,0,0,Sunny,17.7,Apparel,54.66,105.41,220,66,9
2026-05-12,SKU_011,22,STORE_01,0,0,Sunny,17.7,Home & Kitchen,41.13,78.19,257,73,13
2026-05-12,SKU_012,0,STORE_03,0,0,Sunny,17.7,Home & Kitchen,138.43,215.85,73,53,5
2026-05-12,SKU_013,8,STORE_03,0,0,Sunny,17.7,Groceries,63.38,95.43,292,53,8
2026-05-12,SKU_014,12,STORE_01,0,0,Sunny,17.7,Groceries,114.03,157.27,120,69,7
2026-05-12,SKU_015,28,STORE_01,0,0,Sunny,17.7,Home & Kitchen,28.9,40.43,190,49,3
2026-05-12,SKU_016,24,STORE_01,0,0,Sunny,17.7,Home & Kitchen,66.47,120.94,211,98,3
2026-05-12,SKU_017,4,STORE_02,0,0,Sunny,17.7,Electronics,97.91,176.78,209,72,3
2026-05-12,SKU_018,12,STORE_01,0,0,Sunny,17.7,Groceries,129.16,218.5,226,56,14
2026-05-12,SKU_019,8,STORE_03,0,0,Sunny,17.7,Apparel,107.94,154.53,202,92,8
2026-05-12,SKU_020,5,STORE_03,0,0,Sunny,17.7,Apparel,91.87,157.08,203,69,8
2026-05-13,SKU_001,2,STORE_01,0,0,Rainy,18.7,Groceries,89.11,173.34,225,59,3
2026-05-13,SKU_002,12,STORE_02,0,0,Rainy,18.7,Groceries,93.67,139.52,92,48,10
2026-05-13,SKU_003,30,STORE_02,0,0,Rainy,18.7,Apparel,76.77,144.31,39,57,13
2026-05-13,SKU_004,22,STORE_01,0,0,Rainy,18.7,Apparel,50.71,93.58,178,31,14
2026-05-13,SKU_005,99,STORE_01,0,0,Rainy,18.7,Home & Kitchen,144.78,283.08,13,91,9
2026-05-13,SKU_006,10,STORE_01,0,0,Rainy,18.7,Home & Kitchen,34.27,61.62,116,37,13
2026-05-13,SKU_007,22,STORE_03,0,0,Rainy,18.7,Groceries,63.35,111.77,59,50,13
2026-05-13,SKU_008,14,STORE_02,0,0,Rainy,18.7,Apparel,77.29,104.6,103,100,13
2026-05-13,SKU_009,17,STORE_02,0,0,Rainy,18.7,Electronics,13.65,22.2,97,26,5
2026-05-13,SKU_010,4,STORE_03,0,0,Rainy,18.7,Apparel,54.66,105.41,220,66,9
2026-05-13,SKU_011,26,STORE_03,0,0,Rainy,18.7,Home & Kitchen,41.13,78.19,257,73,13
2026-05-13,SKU_012,9,STORE_01,0,0,Rainy,18.7,Home & Kitchen,138.43,215.85,73,53,5
2026-05-13,SKU_013,23,STORE_01,0,0,Rainy,18.7,Groceries,63.38,95.43,292,53,8
2026-05-13,SKU_014,16,STORE_01,0,0,Rainy,18.7,Groceries,114.03,157.27,120,69,7
2026-05-13,SKU_015,9,STORE_01,0,0,Rainy,18.7,Home & Kitchen,28.9,40.43,190,49,3
2026-05-13,SKU_016,27,STORE_01,0,0,Rainy,18.7,Home & Kitchen,66.47,120.94,211,98,3
2026-05-13,SKU_017,18,STORE_02,0,0,Rainy,18.7,Electronics,97.91,176.78,209,72,3
2026-05-13,SKU_018,51,STORE_01,0,0,Rainy,18.7,Groceries,129.16,218.5,226,56,14
2026-05-13,SKU_019,25,STORE_03,0,0,Rainy,18.7,Apparel,107.94,154.53,202,92,8
2026-05-13,SKU_020,19,STORE_02,0,0,Rainy,18.7,Apparel,91.87,157.08,203,69,8
2026-05-14,SKU_001,13,STORE_02,0,0,Rainy,33.4,Groceries,89.11,173.34,225,59,3
2026-05-14,SKU_002,11,STORE_02,0,0,Rainy,33.4,Groceries,93.67,139.52,92,48,10
2026-05-14,SKU_003,12,STORE_01,0,0,Rainy,33.4,Apparel,76.77,144.31,39,57,13
2026-05-14,SKU_004,13,STORE_02,0,0,Rainy,33.4,Apparel,50.71,93.58,178,31,14
2026-05-14,SKU_005,7,STORE_03,0,0,Rainy,33.4,Home & Kitchen,144.78,283.08,13,91,9
2026-05-14,SKU_006,22,STORE_02,0,0,Rainy,33.4,Home & Kitchen,34.27,61.62,116,37,13
2026-05-14,SKU_007,16,STORE_01,0,0,Rainy,33.4,Groceries,63.35,111.77,59,50,13
2026-05-14,SKU_008,19,STORE_01,0,0,Rainy,33.4,Apparel,77.29,104.6,103,100,13
2026-05-14,SKU_009,30,STORE_01,0,0,Rainy,33.4,Electronics,13.65,22.2,97,26,5
2026-05-14,SKU_010,21,STORE_03,0,0,Rainy,33.4,Apparel,54.66,105.41,220,66,9
2026-05-14,SKU_011,12,STORE_03,0,0,Rainy,33.4,Home & Kitchen,41.13,78.19,257,73,13
2026-05-14,SKU_012,14,STORE_01,0,0,Rainy,33.4,Home & Kitchen,138.43,215.85,73,53,5
2026-05-14,SKU_013,26,STORE_01,0,0,Rainy,33.4,Groceries,63.38,95.43,292,53,8
2026-05-14,SKU_014,2,STORE_03,0,0,Rainy,33.4,Groceries,114.03,157.27,120,69,7
2026-05-14,SKU_015,11,STORE_03,0,0,Rainy,33.4,Home & Kitchen,28.9,40.43,190,49,3
2026-05-14,SKU_016,28,STORE_01,0,0,Rainy,33.4,Home & Kitchen,66.47,120.94,211,98,3
2026-05-14,SKU_017,15,STORE_02,0,0,Rainy,33.4,Electronics,97.91,176.78,209,72,3
2026-05-14,SKU_018,10,STORE_02,0,0,Rainy,33.4,Groceries,129.16,218.5,226,56,14
2026-05-14,SKU_019,10,STORE_02,0,0,Rainy,33.4,Apparel,107.94,154.53,202,92,8
2026-05-14,SKU_020,22,STORE_02,0,0,Rainy,33.4,Apparel,91.87,157.08,203,69,8
2026-05-15,SKU_001,8,STORE_02,0,0,Rainy,16.5,Groceries,89.11,173.34,225,59,3
2026-05-15,SKU_002,3,STORE_02,0,0,Rainy,16.5,Groceries,93.67,139.52,92,48,10
2026-05-15,SKU_003,19,STORE_03,0,0,Rainy,16.5,Apparel,76.77,144.31,39,57,13
2026-05-15,SKU_004,4,STORE_02,0,0,Rainy,16.5,Apparel,50.71,93.58,178,31,14
2026-05-15,SKU_005,18,STORE_01,0,0,Rainy,16.5,Home & Kitchen,144.78,283.08,13,91,9
2026-05-15,SKU_006,13,STORE_03,0,0,Rainy,16.5,Home & Kitchen,34.27,61.62,116,37,13
2026-05-15,SKU_007,20,STORE_02,0,0,Rainy,16.5,Groceries,63.35,111.77,59,50,13
2026-05-15,SKU_008,23,STORE_03,0,0,Rainy,16.5,Apparel,77.29,104.6,103,100,13
2026-05-15,SKU_009,18,STORE_01,0,0,Rainy,16.5,Electronics,13.65,22.2,97,26,5
2026-05-15,SKU_010,23,STORE_01,0,0,Rainy,16.5,Apparel,54.66,105.41,220,66,9
2026-05-15,SKU_011,14,STORE_03,0,0,Rainy,16.5,Home & Kitchen,41.13,78.19,257,73,13
2026-05-15,SKU_012,12,STORE_02,0,0,Rainy,16.5,Home & Kitchen,138.43,215.85,73,53,5
2026-05-15,SKU_013,9,STORE_02,0,0,Rainy,16.5,Groceries,63.38,95.43,292,53,8
2026-05-15,SKU_014,10,STORE_02,0,0,Rainy,16.5,Groceries,114.03,157.27,120,69,7
2026-05-15,SKU_015,30,STORE_01,0,0,Rainy,16.5,Home & Kitchen,28.9,40.43,190,49,3
2026-05-15,SKU_016,20,STORE_02,0,0,Rainy,16.5,Home & Kitchen,66.47,120.94,211,98,3
2026-05-15,SKU_017,15,STORE_02,0,0,Rainy,16.5,Electronics,97.91,176.78,209,72,3
2026-05-15,SKU_018,22,STORE_01,0,0,Rainy,16.5,Groceries,129.16,218.5,226,56,14
2026-05-15,SKU_019,23,STORE_02,0,0,Rainy,16.5,Apparel,107.94,154.53,202,92,8
2026-05-15,SKU_020,16,STORE_01,0,0,Rainy,16.5,Apparel,91.87,157.08,203,69,8
2026-05-16,SKU_001,41,STORE_03,0,0,Rainy,31.0,Groceries,89.11,173.34,225,59,3
2026-05-16,SKU_002,23,STORE_03,0,0,Rainy,31.0,Groceries,93.67,139.52,92,48,10
2026-05-16,SKU_003,31,STORE_03,0,0,Rainy,31.0,Apparel,76.77,144.31,39,57,13
2026-05-16,SKU_004,23,STORE_02,0,0,Rainy,31.0,Apparel,50.71,93.58,178,31,14
2026-05-16,SKU_005,23,STORE_03,0,0,Rainy,31.0,Home & Kitchen,144.78,283.08,13,91,9
2026-05-16,SKU_006,30,STORE_03,0,0,Rainy,31.0,Home & Kitchen,34.27,61.62,116,37,13
2026-05-16,SKU_007,34,STORE_03,0,0,Rainy,31.0,Groceries,63.35,111.77,59,50,13
2026-05-16,SKU_008,18,STORE_03,0,0,Rainy,31.0,Apparel,77.29,104.6,103,100,13
2026-05-16,SKU_009,24,STORE_03,0,0,Rainy,31.0,Electronics,13.65,22.2,97,26,5
2026-05-16,SKU_010,32,STORE_03,0,0,Rainy,31.0,Apparel,54.66,105.41,220,66,9
2026-05-16,SKU_011,37,STORE_03,0,0,Rainy,31.0,Home & Kitchen,41.13,78.19,257,73,13
2026-05-16,SKU_012,39,STORE_03,0,0,Rainy,31.0,Home & Kitchen,138.43,215.85,73,53,5
2026-05-16,SKU_013,34,STORE_01,0,0,Rainy,31.0,Groceries,63.38,95.43,292,53,8
2026-05-16,SKU_014,117,STORE_03,0,0,Rainy,31.0,Groceries,114.03,157.27,120,69,7
2026-05-16,SKU_015,34,STORE_01,0,0,Rainy,31.0,Home & Kitchen,28.9,40.43,190,49,3
2026-05-16,SKU_016,23,STORE_03,0,0,Rainy,31.0,Home & Kitchen,66.47,120.94,211,98,3
2026-05-16,SKU_017,40,STORE_01,0,0,Rainy,31.0,Electronics,97.91,176.78,209,72,3
2026-05-16,SKU_018,26,STORE_02,0,0,Rainy,31.0,Groceries,129.16,218.5,226,56,14
2026-05-16,SKU_019,10,STORE_01,0,0,Rainy,31.0,Apparel,107.94,154.53,202,92,8
2026-05-16,SKU_020,10,STORE_02,0,0,Rainy,31.0,Apparel,91.87,157.08,203,69,8
2026-05-17,SKU_001,34,STORE_01,0,0,Sunny,20.5,Groceries,89.11,173.34,225,59,3
2026-05-17,SKU_002,26,STORE_02,0,0,Sunny,20.5,Groceries,93.67,139.52,92,48,10
2026-05-17,SKU_003,31,STORE_01,0,0,Sunny,20.5,Apparel,76.77,144.31,39,57,13
2026-05-17,SKU_004,8,STORE_01,0,0,Sunny,20.5,Apparel,50.71,93.58,178,31,14
2026-05-17,SKU_005,22,STORE_02,0,0,Sunny,20.5,Home & Kitchen,144.78,283.08,13,91,9
2026-05-17,SKU_006,30,STORE_02,0,0,Sunny,20.5,Home & Kitchen,34.27,61.62,116,37,13
2026-05-17,SKU_007,24,STORE_03,0,0,Sunny,20.5,Groceries,63.35,111.77,59,50,13
2026-05-17,SKU_008,19,STORE_03,0,0,Sunny,20.5,Apparel,77.29,104.6,103,100,13
2026-05-17,SKU_009,24,STORE_03,0,0,Sunny,20.5,Electronics,13.65,22.2,97,26,5
2026-05-17,SKU_010,27,STORE_02,0,0,Sunny,20.5,Apparel,54.66,105.41,220,66,9
2026-05-17,SKU_011,13,STORE_01,0,0,Sunny,20.5,Home & Kitchen,41.13,78.19,257,73,13
2026-05-17,SKU_012,28,STORE_01,0,0,Sunny,20.5,Home & Kitchen,138.43,215.85,73,53,5
2026-05-17,SKU_013,36,STORE_02,0,0,Sunny,20.5,Groceries,63.38,95.43,292,53,8
2026-05-17,SKU_014,34,STORE_01,0,0,Sunny,20.5,Groceries,114.03,157.27,120,69,7
2026-05-17,SKU_015,18,STORE_01,0,0,Sunny,20.5,Home & Kitchen,28.9,40.43,190,49,3
2026-05-17,SKU_016,12,STORE_03,0,0,Sunny,20.5,Home & Kitchen,66.47,120.94,211,98,3
2026-05-17,SKU_017,15,STORE_02,0,0,Sunny,20.5,Electronics,97.91,176.78,209,72,3
2026-05-17,SKU_018,20,STORE_02,0,0,Sunny,20.5,Groceries,129.16,218.5,226,56,14
2026-05-17,SKU_019,64,STORE_02,0,0,Sunny,20.5,Apparel,107.94,154.53,202,92,8
2026-05-17,SKU_020,34,STORE_03,0,0,Sunny,20.5,Apparel,91.87,157.08,203,69,8
2026-05-18,SKU_001,1,STORE_03,0,0,Sunny,17.1,Groceries,89.11,173.34,225,59,3
2026-05-18,SKU_002,15,STORE_01,0,0,Sunny,17.1,Groceries,93.67,139.52,92,48,10
2026-05-18,SKU_003,27,STORE_01,0,0,Sunny,17.1,Apparel,76.77,144.31,39,57,13
2026-05-18,SKU_004,69,STORE_02,0,0,Sunny,17.1,Apparel,50.71,93.58,178,31,14
2026-05-18,SKU_005,28,STORE_01,0,0,Sunny,17.1,Home & Kitchen,144.78,283.08,13,91,9
2026-05-18,SKU_006,16,STORE_03,0,0,Sunny,17.1,Home & Kitchen,34.27,61.62,116,37,13
2026-05-18,SKU_007,26,STORE_03,0,0,Sunny,17.1,Groceries,63.35,111.77,59,50,13
2026-05-18,SKU_008,19,STORE_03,0,0,Sunny,17.1,Apparel,77.29,104.6,103,100,13
2026-05-18,SKU_009,40,STORE_01,0,0,Sunny,17.1,Electronics,13.65,22.2,97,26,5
2026-05-18,SKU_010,16,STORE_01,0,0,Sunny,17.1,Apparel,54.66,105.41,220,66,9
2026-05-18,SKU_011,8,STORE_01,0,0,Sunny,17.1,Home & Kitchen,41.13,78.19,257,73,13
2026-05-18,SKU_012,7,STORE_02,0,0,Sunny,17.1,Home & Kitchen,138.43,215.85,73,53,5
2026-05-18,SKU_013,6,STORE_03,0,0,Sunny,17.1,Groceries,63.38,95.43,292,53,8
2026-05-18,SKU_014,33,STORE_02,0,0,Sunny,17.1,Groceries,114.03,157.27,120,69,7
2026-05-18,SKU_015,5,STORE_01,0,0,Sunny,17.1,Home & Kitchen,28.9,40.43,190,49,3
2026-05-18,SKU_016,6,STORE_02,0,0,Sunny,17.1,Home & Kitchen,66.47,120.94,211,98,3
2026-05-18,SKU_017,6,STORE_02,0,0,Sunny,17.1,Electronics,97.91,176.78,209,72,3
2026-05-18,SKU_018,25,STORE_02,0,0,Sunny,17.1,Groceries,129.16,218.5,226,56,14
2026-05-18,SKU_019,0,STORE_01,0,0,Sunny,17.1,Apparel,107.94,154.53,202,92,8
2026-05-18,SKU_020,19,STORE_02,0,0,Sunny,17.1,Apparel,91.87,157.08,203,69,8
2026-05-19,SKU_001,13,STORE_02,0,0,Rainy,21.3,Groceries,89.11,173.34,225,59,3
2026-05-19,SKU_002,26,STORE_01,0,0,Rainy,21.3,Groceries,93.67,139.52,92,48,10
2026-05-19,SKU_003,8,STORE_01,0,0,Rainy,21.3,Apparel,76.77,144.31,39,57,13
2026-05-19,SKU_004,7,STORE_01,0,0,Rainy,21.3,Apparel,50.71,93.58,178,31,14
2026-05-19,SKU_005,14,STORE_02,0,0,Rainy,21.3,Home & Kitchen,144.78,283.08,13,91,9
2026-05-19,SKU_006,24,STORE_02,0,0,Rainy,21.3,Home & Kitchen,34.27,61.62,116,37,13
2026-05-19,SKU_007,22,STORE_02,0,0,Rainy,21.3,Groceries,63.35,111.77,59,50,13
2026-05-19,SKU_008,8,STORE_01,0,0,Rainy,21.3,Apparel,77.29,104.6,103,100,13
2026-05-19,SKU_009,100,STORE_01,0,0,Rainy,21.3,Electronics,13.65,22.2,97,26,5
2026-05-19,SKU_010,24,STORE_01,0,0,Rainy,21.3,Apparel,54.66,105.41,220,66,9
2026-05-19,SKU_011,26,STORE_02,0,0,Rainy,21.3,Home & Kitchen,41.13,78.19,257,73,13
2026-05-19,SKU_012,14,STORE_02,0,0,Rainy,21.3,Home & Kitchen,138.43,215.85,73,53,5
2026-05-19,SKU_013,21,STORE_02,0,0,Rainy,21.3,Groceries,63.38,95.43,292,53,8
2026-05-19,SKU_014,11,STORE_02,0,0,Rainy,21.3,Groceries,114.03,157.27,120,69,7
2026-05-19,SKU_015,68,STORE_03,0,0,Rainy,21.3,Home & Kitchen,28.9,40.43,190,49,3
2026-05-19,SKU_016,25,STORE_01,0,0,Rainy,21.3,Home & Kitchen,66.47,120.94,211,98,3
2026-05-19,SKU_017,27,STORE_01,0,0,Rainy,21.3,Electronics,97.91,176.78,209,72,3
2026-05-19,SKU_018,29,STORE_01,0,0,Rainy,21.3,Groceries,129.16,218.5,226,56,14
2026-05-19,SKU_019,12,STORE_03,0,0,Rainy,21.3,Apparel,107.94,154.53,202,92,8
2026-05-19,SKU_020,21,STORE_03,0,0,Rainy,21.3,Apparel,91.87,157.08,203,69,8
2026-05-20,SKU_001,9,STORE_02,0,0,Stormy,18.8,Groceries,89.11,173.34,225,59,3
2026-05-20,SKU_002,12,STORE_03,0,0,Stormy,18.8,Groceries,93.67,139.52,92,48,10
2026-05-20,SKU_003,11,STORE_01,0,0,Stormy,18.8,Apparel,76.77,144.31,39,57,13
2026-05-20,SKU_004,13,STORE_03,0,0,Stormy,18.8,Apparel,50.71,93.58,178,31,14
2026-05-20,SKU_005,11,STORE_02,0,0,Stormy,18.8,Home & Kitchen,144.78,283.08,13,91,9
2026-05-20,SKU_006,7,STORE_03,0,0,Stormy,18.8,Home & Kitchen,34.27,61.62,116,37,13
2026-05-20,SKU_007,15,STORE_03,0,0,Stormy,18.8,Groceries,63.35,111.77,59,50,13
2026-05-20,SKU_008,27,STORE_03,0,0,Stormy,18.8,Apparel,77.29,104.6,103,100,13
2026-05-20,SKU_009,11,STORE_02,0,0,Stormy,18.8,Electronics,13.65,22.2,97,26,5
2026-05-20,SKU_010,3,STORE_01,0,0,Stormy,18.8,Apparel,54.66,105.41,220,66,9
2026-05-20,SKU_011,27,STORE_02,0,0,Stormy,18.8,Home & Kitchen,41.13,78.19,257,73,13
2026-05-20,SKU_012,19,STORE_03,0,0,Stormy,18.8,Home & Kitchen,138.43,215.85,73,53,5
2026-05-20,SKU_013,11,STORE_03,0,0,Stormy,18.8,Groceries,63.38,95.43,292,53,8
2026-05-20,SKU_014,24,STORE_01,0,0,Stormy,18.8,Groceries,114.03,157.27,120,69,7
2026-05-20,SKU_015,19,STORE_03,0,0,Stormy,18.8,Home & Kitchen,28.9,40.43,190,49,3
2026-05-20,SKU_016,9,STORE_03,0,0,Stormy,18.8,Home & Kitchen,66.47,120.94,211,98,3
2026-05-20,SKU_017,4,STORE_03,0,0,Stormy,18.8,Electronics,97.91,176.78,209,72,3
2026-05-20,SKU_018,21,STORE_02,0,0,Stormy,18.8,Groceries,129.16,218.5,226,56,14
2026-05-20,SKU_019,16,STORE_03,0,0,Stormy,18.8,Apparel,107.94,154.53,202,92,8
2026-05-20,SKU_020,18,STORE_03,0,0,Stormy,18.8,Apparel,91.87,157.08,203,69,8
2026-05-21,SKU_001,10,STORE_02,0,0,Stormy,26.4,Groceries,89.11,173.34,225,59,3
2026-05-21,SKU_002,9,STORE_02,0,0,Stormy,26.4,Groceries,93.67,139.52,92,48,10
2026-05-21,SKU_003,30,STORE_01,0,0,Stormy,26.4,Apparel,76.77,144.31,39,57,13
2026-05-21,SKU_004,25,STORE_03,0,0,Stormy,26.4,Apparel,50.71,93.58,178,31,14
2026-05-21,SKU_005,8,STORE_02,0,0,Stormy,26.4,Home & Kitchen,144.78,283.08,13,91,9
2026-05-21,SKU_006,22,STORE_02,0,0,Stormy,26.4,Home & Kitchen,34.27,61.62,116,37,13
2026-05-21,SKU_007,6,STORE_03,0,0,Stormy,26.4,Groceries,63.35,111.77,59,50,13
2026-05-21,SKU_008,13,STORE_01,0,0,Stormy,26.4,Apparel,77.29,104.6,103,100,13
2026-05-21,SKU_009,19,STORE_03,0,0,Stormy,26.4,Electronics,13.65,22.2,97,26,5
2026-05-21,SKU_010,21,STORE_01,0,0,Stormy,26.4,Apparel,54.66,105.41,220,66,9
2026-05-21,SKU_011,10,STORE_03,0,0,Stormy,26.4,Home & Kitchen,41.13,78.19,257,73,13
2026-05-21,SKU_012,7,STORE_01,0,0,Stormy,26.4,Home & Kitchen,138.43,215.85,73,53,5
2026-05-21,SKU_013,32,STORE_03,0,0,Stormy,26.4,Groceries,63.38,95.43,292,53,8
2026-05-21,SKU_014,16,STORE_01,0,0,Stormy,26.4,Groceries,114.03,157.27,120,69,7
2026-05-21,SKU_015,26,STORE_01,0,0,Stormy,26.4,Home & Kitchen,28.9,40.43,190,49,3
2026-05-21,SKU_016,7,STORE_01,0,0,Stormy,26.4,Home & Kitchen,66.47,120.94,211,98,3
2026-05-21,SKU_017,29,STORE_03,0,0,Stormy,26.4,Electronics,97.91,176.78,209,72,3
2026-05-21,SKU_018,12,STORE_01,0,0,Stormy,26.4,Groceries,129.16,218.5,226,56,14
2026-05-21,SKU_019,21,STORE_03,0,0,Stormy,26.4,Apparel,107.94,154.53,202,92,8
2026-05-21,SKU_020,21,STORE_02,0,0,Stormy,26.4,Apparel,91.87,157.08,203,69,8
2026-05-22,SKU_001,21,STORE_01,0,0,Rainy,15.2,Groceries,89.11,173.34,225,59,3
2026-05-22,SKU_002,5,STORE_03,0,0,Rainy,15.2,Groceries,93.67,139.52,92,48,10
2026-05-22,SKU_003,8,STORE_03,0,0,Rainy,15.2,Apparel,76.77,144.31,39,57,13
2026-05-22,SKU_004,7,STORE_02,0,0,Rainy,15.2,Apparel,50.71,93.58,178,31,14
2026-05-22,SKU_005,11,STORE_01,0,0,Rainy,15.2,Home & Kitchen,144.78,283.08,13,91,9
2026-05-22,SKU_006,29,STORE_02,0,0,Rainy,15.2,Home & Kitchen,34.27,61.62,116,37,13
2026-05-22,SKU_007,17,STORE_01,0,0,Rainy,15.2,Groceries,63.35,111.77,59,50,13
2026-05-22,SKU_008,6,STORE_03,0,0,Rainy,15.2,Apparel,77.29,104.6,103,100,13
2026-05-22,SKU_009,12,STORE_03,0,0,Rainy,15.2,Electronics,13.65,22.2,97,26,5
2026-05-22,SKU_010,0,STORE_01,0,0,Rainy,15.2,Apparel,54.66,105.41,220,66,9
2026-05-22,SKU_011,15,STORE_01,0,0,Rainy,15.2,Home & Kitchen,41.13,78.19,257,73,13
2026-05-22,SKU_012,29,STORE_02,0,0,Rainy,15.2,Home & Kitchen,138.43,215.85,73,53,5
2026-05-22,SKU_013,11,STORE_03,0,0,Rainy,15.2,Groceries,63.38,95.43,292,53,8
2026-05-22,SKU_014,29,STORE_03,0,0,Rainy,15.2,Groceries,114.03,157.27,120,69,7
2026-05-22,SKU_015,10,STORE_03,0,0,Rainy,15.2,Home & Kitchen,28.9,40.43,190,49,3
2026-05-22,SKU_016,12,STORE_01,0,0,Rainy,15.2,Home & Kitchen,66.47,120.94,211,98,3
2026-05-22,SKU_017,13,STORE_01,0,0,Rainy,15.2,Electronics,97.91,176.78,209,72,3
2026-05-22,SKU_018,22,STORE_03,0,0,Rainy,15.2,Groceries,129.16,218.5,226,56,14
2026-05-22,SKU_019,24,STORE_01,0,0,Rainy,15.2,Apparel,107.94,154.53,202,92,8
2026-05-22,SKU_020,20,STORE_01,0,0,Rainy,15.2,Apparel,91.87,157.08,203,69,8
2026-05-23,SKU_001,25,STORE_02,1,10,Clear,28.6,Groceries,89.11,173.34,225,59,3
2026-05-23,SKU_002,37,STORE_02,1,10,Clear,28.6,Groceries,93.67,139.52,92,48,10
2026-05-23,SKU_003,37,STORE_01,1,10,Clear,28.6,Apparel,76.77,144.31,39,57,13
2026-05-23,SKU_004,34,STORE_02,1,10,Clear,28.6,Apparel,50.71,93.58,178,31,14
2026-05-23,SKU_005,31,STORE_01,1,10,Clear,28.6,Home & Kitchen,144.78,283.08,13,91,9
2026-05-23,SKU_006,27,STORE_02,1,10,Clear,28.6,Home & Kitchen,34.27,61.62,116,37,13
2026-05-23,SKU_007,35,STORE_03,1,10,Clear,28.6,Groceries,63.35,111.77,59,50,13
2026-05-23,SKU_008,25,STORE_03,1,10,Clear,28.6,Apparel,77.29,104.6,103,100,13
2026-05-23,SKU_009,30,STORE_02,1,10,Clear,28.6,Electronics,13.65,22.2,97,26,5
2026-05-23,SKU_010,33,STORE_03,1,10,Clear,28.6,Apparel,54.66,105.41,220,66,9
2026-05-23,SKU_011,11,STORE_01,1,10,Clear,28.6,Home & Kitchen,41.13,78.19,257,73,13
2026-05-23,SKU_012,7,STORE_01,1,10,Clear,28.6,Home & Kitchen,138.43,215.85,73,53,5
2026-05-23,SKU_013,12,STORE_03,1,10,Clear,28.6,Groceries,63.38,95.43,292,53,8
2026-05-23,SKU_014,45,STORE_01,1,10,Clear,28.6,Groceries,114.03,157.27,120,69,7
2026-05-23,SKU_015,52,STORE_02,1,10,Clear,28.6,Home & Kitchen,28.9,40.43,190,49,3
2026-05-23,SKU_016,22,STORE_03,1,10,Clear,28.6,Home & Kitchen,66.47,120.94,211,98,3
2026-05-23,SKU_017,16,STORE_02,1,10,Clear,28.6,Electronics,97.91,176.78,209,72,3
2026-05-23,SKU_018,26,STORE_03,1,10,Clear,28.6,Groceries,129.16,218.5,226,56,14
2026-05-23,SKU_019,32,STORE_03,1,10,Clear,28.6,Apparel,107.94,154.53,202,92,8
2026-05-23,SKU_020,16,STORE_02,1,10,Clear,28.6,Apparel,91.87,157.08,203,69,8
2026-05-24,SKU_001,33,STORE_02,0,0,Stormy,29.8,Groceries,89.11,173.34,225,59,3
2026-05-24,SKU_002,73,STORE_03,0,0,Stormy,29.8,Groceries,93.67,139.52,92,48,10
2026-05-24,SKU_003,16,STORE_01,0,0,Stormy,29.8,Apparel,76.77,144.31,39,57,13
2026-05-24,SKU_004,6,STORE_03,0,0,Stormy,29.8,Apparel,50.71,93.58,178,31,14
2026-05-24,SKU_005,37,STORE_03,0,0,Stormy,29.8,Home & Kitchen,144.78,283.08,13,91,9
2026-05-24,SKU_006,9,STORE_01,0,0,Stormy,29.8,Home & Kitchen,34.27,61.62,116,37,13
2026-05-24,SKU_007,23,STORE_02,0,0,Stormy,29.8,Groceries,63.35,111.77,59,50,13
2026-05-24,SKU_008,20,STORE_02,0,0,Stormy,29.8,Apparel,77.29,104.6,103,100,13
2026-05-24,SKU_009,7,STORE_02,0,0,Stormy,29.8,Electronics,13.65,22.2,97,26,5
2026-05-24,SKU_010,60,STORE_01,0,0,Stormy,29.8,Apparel,54.66,105.41,220,66,9
2026-05-24,SKU_011,20,STORE_02,0,0,Stormy,29.8,Home & Kitchen,41.13,78.19,257,73,13
2026-05-24,SKU_012,24,STORE_03,0,0,Stormy,29.8,Home & Kitchen,138.43,215.85,73,53,5
2026-05-24,SKU_013,25,STORE_03,0,0,Stormy,29.8,Groceries,63.38,95.43,292,53,8
2026-05-24,SKU_014,27,STORE_02,0,0,Stormy,29.8,Groceries,114.03,157.27,120,69,7
2026-05-24,SKU_015,1,STORE_01,0,0,Stormy,29.8,Home & Kitchen,28.9,40.43,190,49,3
2026-05-24,SKU_016,22,STORE_03,0,0,Stormy,29.8,Home & Kitchen,66.47,120.94,211,98,3
2026-05-24,SKU_017,98,STORE_01,0,0,Stormy,29.8,Electronics,97.91,176.78,209,72,3
2026-05-24,SKU_018,22,STORE_03,0,0,Stormy,29.8,Groceries,129.16,218.5,226,56,14
2026-05-24,SKU_019,21,STORE_02,0,0,Stormy,29.8,Apparel,107.94,154.53,202,92,8
2026-05-24,SKU_020,30,STORE_01,0,0,Stormy,29.8,Apparel,91.87,157.08,203,69,8
2026-05-25,SKU_001,22,STORE_03,1,10,Stormy,16.7,Groceries,89.11,173.34,225,59,3
2026-05-25,SKU_002,16,STORE_03,1,10,Stormy,16.7,Groceries,93.67,139.52,92,48,10
2026-05-25,SKU_003,19,STORE_01,1,10,Stormy,16.7,Apparel,76.77,144.31,39,57,13
2026-05-25,SKU_004,15,STORE_03,1,10,Stormy,16.7,Apparel,50.71,93.58,178,31,14
2026-05-25,SKU_005,14,STORE_01,1,10,Stormy,16.7,Home & Kitchen,144.78,283.08,13,91,9
2026-05-25,SKU_006,19,STORE_02,1,10,Stormy,16.7,Home & Kitchen,34.27,61.62,116,37,13
2026-05-25,SKU_007,26,STORE_01,1,10,Stormy,16.7,Groceries,63.35,111.77,59,50,13
2026-05-25,SKU_008,18,STORE_02,1,10,Stormy,16.7,Apparel,77.29,104.6,103,100,13
2026-05-25,SKU_009,5,STORE_02,1,10,Stormy,16.7,Electronics,13.65,22.2,97,26,5
2026-05-25,SKU_010,11,STORE_01,1,10,Stormy,16.7,Apparel,54.66,105.41,220,66,9
2026-05-25,SKU_011,18,STORE_03,1,10,Stormy,16.7,Home & Kitchen,41.13,78.19,257,73,13
2026-05-25,SKU_012,24,STORE_02,1,10,Stormy,16.7,Home & Kitchen,138.43,215.85,73,53,5
2026-05-25,SKU_013,0,STORE_02,1,10,Stormy,16.7,Groceries,63.38,95.43,292,53,8
2026-05-25,SKU_014,23,STORE_02,1,10,Stormy,16.7,Groceries,114.03,157.27,120,69,7
2026-05-25,SKU_015,19,STORE_02,1,10,Stormy,16.7,Home & Kitchen,28.9,40.43,190,49,3
2026-05-25,SKU_016,33,STORE_02,1,10,Stormy,16.7,Home & Kitchen,66.47,120.94,211,98,3
2026-05-25,SKU_017,24,STORE_02,1,10,Stormy,16.7,Electronics,97.91,176.78,209,72,3
2026-05-25,SKU_018,22,STORE_02,1,10,Stormy,16.7,Groceries,129.16,218.5,226,56,14
2026-05-25,SKU_019,23,STORE_01,1,10,Stormy,16.7,Apparel,107.94,154.53,202,92,8
2026-05-25,SKU_020,15,STORE_02,1,10,Stormy,16.7,Apparel,91.87,157.08,203,69,8
2026-05-26,SKU_001,14,STORE_01,1,30,Rainy,24.8,Groceries,89.11,173.34,225,59,3
2026-05-26,SKU_002,7,STORE_02,1,30,Rainy,24.8,Groceries,93.67,139.52,92,48,10
2026-05-26,SKU_003,23,STORE_01,1,30,Rainy,24.8,Apparel,76.77,144.31,39,57,13
2026-05-26,SKU_004,27,STORE_03,1,30,Rainy,24.8,Apparel,50.71,93.58,178,31,14
2026-05-26,SKU_005,25,STORE_03,1,30,Rainy,24.8,Home & Kitchen,144.78,283.08,13,91,9
2026-05-26,SKU_006,20,STORE_01,1,30,Rainy,24.8,Home & Kitchen,34.27,61.62,116,37,13
2026-05-26,SKU_007,11,STORE_03,1,30,Rainy,24.8,Groceries,63.35,111.77,59,50,13
2026-05-26,SKU_008,20,STORE_02,1,30,Rainy,24.8,Apparel,77.29,104.6,103,100,13
2026-05-26,SKU_009,24,STORE_01,1,30,Rainy,24.8,Electronics,13.65,22.2,97,26,5
2026-05-26,SKU_010,17,STORE_03,1,30,Rainy,24.8,Apparel,54.66,105.41,220,66,9
2026-05-26,SKU_011,18,STORE_02,1,30,Rainy,24.8,Home & Kitchen,41.13,78.19,257,73,13
2026-05-26,SKU_012,12,STORE_02,1,30,Rainy,24.8,Home & Kitchen,138.43,215.85,73,53,5
2026-05-26,SKU_013,20,STORE_02,1,30,Rainy,24.8,Groceries,63.38,95.43,292,53,8
2026-05-26,SKU_014,25,STORE_02,1,30,Rainy,24.8,Groceries,114.03,157.27,120,69,7
2026-05-26,SKU_015,4,STORE_02,1,30,Rainy,24.8,Home & Kitchen,28.9,40.43,190,49,3
2026-05-26,SKU_016,9,STORE_03,1,30,Rainy,24.8,Home & Kitchen,66.47,120.94,211,98,3
2026-05-26,SKU_017,20,STORE_02,1,30,Rainy,24.8,Electronics,97.91,176.78,209,72,3
2026-05-26,SKU_018,20,STORE_03,1,30,Rainy,24.8,Groceries,129.16,218.5,226,56,14
2026-05-26,SKU_019,19,STORE_01,1,30,Rainy,24.8,Apparel,107.94,154.53,202,92,8
2026-05-26,SKU_020,24,STORE_03,1,30,Rainy,24.8,Apparel,91.87,157.08,203,69,8
2026-05-27,SKU_001,18,STORE_02,1,50,Clear,30.0,Groceries,89.11,173.34,225,59,3
2026-05-27,SKU_002,3,STORE_02,1,50,Clear,30.0,Groceries,93.67,139.52,92,48,10
2026-05-27,SKU_003,23,STORE_03,1,50,Clear,30.0,Apparel,76.77,144.31,39,57,13
2026-05-27,SKU_004,10,STORE_03,1,50,Clear,30.0,Apparel,50.71,93.58,178,31,14
2026-05-27,SKU_005,28,STORE_02,1,50,Clear,30.0,Home & Kitchen,144.78,283.08,13,91,9
2026-05-27,SKU_006,22,STORE_03,1,50,Clear,30.0,Home & Kitchen,34.27,61.62,116,37,13
2026-05-27,SKU_007,12,STORE_01,1,50,Clear,30.0,Groceries,63.35,111.77,59,50,13
2026-05-27,SKU_008,20,STORE_03,1,50,Clear,30.0,Apparel,77.29,104.6,103,100,13
2026-05-27,SKU_009,21,STORE_03,1,50,Clear,30.0,Electronics,13.65,22.2,97,26,5
2026-05-27,SKU_010,13,STORE_02,1,50,Clear,30.0,Apparel,54.66,105.41,220,66,9
2026-05-27,SKU_011,18,STORE_03,1,50,Clear,30.0,Home & Kitchen,41.13,78.19,257,73,13
2026-05-27,SKU_012,28,STORE_02,1,50,Clear,30.0,Home & Kitchen,138.43,215.85,73,53,5
2026-05-27,SKU_013,30,STORE_02,1,50,Clear,30.0,Groceries,63.38,95.43,292,53,8
2026-05-27,SKU_014,20,STORE_01,1,50,Clear,30.0,Groceries,114.03,157.27,120,69,7
2026-05-27,SKU_015,24,STORE_01,1,50,Clear,30.0,Home & Kitchen,28.9,40.43,190,49,3
2026-05-27,SKU_016,15,STORE_03,1,50,Clear,30.0,Home & Kitchen,66.47,120.94,211,98,3
2026-05-27,SKU_017,25,STORE_01,1,50,Clear,30.0,Electronics,97.91,176.78,209,72,3
2026-05-27,SKU_018,9,STORE_01,1,50,Clear,30.0,Groceries,129.16,218.5,226,56,14
2026-05-27,SKU_019,37,STORE_01,1,50,Clear,30.0,Apparel,107.94,154.53,202,92,8
2026-05-27,SKU_020,24,STORE_01,1,50,Clear,30.0,Apparel,91.87,157.08,203,69,8
2026-05-28,SKU_001,8,STORE_02,0,0,Clear,34.7,Groceries,89.11,173.34,225,59,3
2026-05-28,SKU_002,6,STORE_01,0,0,Clear,34.7,Groceries,93.67,139.52,92,48,10
2026-05-28,SKU_003,28,STORE_01,0,0,Clear,34.7,Apparel,76.77,144.31,39,57,13
2026-05-28,SKU_004,16,STORE_03,0,0,Clear,34.7,Apparel,50.71,93.58,178,31,14
2026-05-28,SKU_005,6,STORE_03,0,0,Clear,34.7,Home & Kitchen,144.78,283.08,13,91,9
2026-05-28,SKU_006,21,STORE_03,0,0,Clear,34.7,Home & Kitchen,34.27,61.62,116,37,13
2026-05-28,SKU_007,20,STORE_03,0,0,Clear,34.7,Groceries,63.35,111.77,59,50,13
2026-05-28,SKU_008,10,STORE_02,0,0,Clear,34.7,Apparel,77.29,104.6,103,100,13
2026-05-28,SKU_009,9,STORE_02,0,0,Clear,34.7,Electronics,13.65,22.2,97,26,5
2026-05-28,SKU_010,25,STORE_03,0,0,Clear,34.7,Apparel,54.66,105.41,220,66,9
2026-05-28,SKU_011,7,STORE_01,0,0,Clear,34.7,Home & Kitchen,41.13,78.19,257,73,13
2026-05-28,SKU_012,21,STORE_03,0,0,Clear,34.7,Home & Kitchen,138.43,215.85,73,53,5
2026-05-28,SKU_013,20,STORE_02,0,0,Clear,34.7,Groceries,63.38,95.43,292,53,8
2026-05-28,SKU_014,7,STORE_02,0,0,Clear,34.7,Groceries,114.03,157.27,120,69,7
2026-05-28,SKU_015,14,STORE_03,0,0,Clear,34.7,Home & Kitchen,28.9,40.43,190,49,3
2026-05-28,SKU_016,20,STORE_01,0,0,Clear,34.7,Home & Kitchen,66.47,120.94,211,98,3
2026-05-28,SKU_017,23,STORE_01,0,0,Clear,34.7,Electronics,97.91,176.78,209,72,3
2026-05-28,SKU_018,6,STORE_02,0,0,Clear,34.7,Groceries,129.16,218.5,226,56,14
2026-05-28,SKU_019,8,STORE_03,0,0,Clear,34.7,Apparel,107.94,154.53,202,92,8
2026-05-28,SKU_020,20,STORE_02,0,0,Clear,34.7,Apparel,91.87,157.08,203,69,8
2026-05-29,SKU_001,9,STORE_03,1,30,Rainy,29.4,Groceries,89.11,173.34,225,59,3
2026-05-29,SKU_002,13,STORE_03,1,30,Rainy,29.4,Groceries,93.67,139.52,92,48,10
2026-05-29,SKU_003,9,STORE_01,1,30,Rainy,29.4,Apparel,76.77,144.31,39,57,13
2026-05-29,SKU_004,12,STORE_03,1,30,Rainy,29.4,Apparel,50.71,93.58,178,31,14
2026-05-29,SKU_005,22,STORE_02,1,30,Rainy,29.4,Home & Kitchen,144.78,283.08,13,91,9
2026-05-29,SKU_006,30,STORE_03,1,30,Rainy,29.4,Home & Kitchen,34.27,61.62,116,37,13
2026-05-29,SKU_007,12,STORE_01,1,30,Rainy,29.4,Groceries,63.35,111.77,59,50,13
2026-05-29,SKU_008,21,STORE_02,1,30,Rainy,29.4,Apparel,77.29,104.6,103,100,13
2026-05-29,SKU_009,21,STORE_02,1,30,Rainy,29.4,Electronics,13.65,22.2,97,26,5
2026-05-29,SKU_010,21,STORE_01,1,30,Rainy,29.4,Apparel,54.66,105.41,220,66,9
2026-05-29,SKU_011,29,STORE_03,1,30,Rainy,29.4,Home & Kitchen,41.13,78.19,257,73,13
2026-05-29,SKU_012,1,STORE_02,1,30,Rainy,29.4,Home & Kitchen,138.43,215.85,73,53,5
2026-05-29,SKU_013,20,STORE_02,1,30,Rainy,29.4,Groceries,63.38,95.43,292,53,8
2026-05-29,SKU_014,12,STORE_02,1,30,Rainy,29.4,Groceries,114.03,157.27,120,69,7
2026-05-29,SKU_015,15,STORE_01,1,30,Rainy,29.4,Home & Kitchen,28.9,40.43,190,49,3
2026-05-29,SKU_016,33,STORE_02,1,30,Rainy,29.4,Home & Kitchen,66.47,120.94,211,98,3
2026-05-29,SKU_017,11,STORE_02,1,30,Rainy,29.4,Electronics,97.91,176.78,209,72,3
2026-05-29,SKU_018,21,STORE_02,1,30,Rainy,29.4,Groceries,129.16,218.5,226,56,14
2026-05-29,SKU_019,7,STORE_03,1,30,Rainy,29.4,Apparel,107.94,154.53,202,92,8
2026-05-29,SKU_020,35,STORE_03,1,30,Rainy,29.4,Apparel,91.87,157.08,203,69,8
2026-05-30,SKU_001,28,STORE_01,0,0,Rainy,24.6,Groceries,89.11,173.34,225,59,3
2026-05-30,SKU_002,11,STORE_03,0,0,Rainy,24.6,Groceries,93.67,139.52,92,48,10
2026-05-30,SKU_003,25,STORE_02,0,0,Rainy,24.6,Apparel,76.77,144.31,39,57,13
2026-05-30,SKU_004,2,STORE_01,0,0,Rainy,24.6,Apparel,50.71,93.58,178,31,14
2026-05-30,SKU_005,30,STORE_01,0,0,Rainy,24.6,Home & Kitchen,144.78,283.08,13,91,9
2026-05-30,SKU_006,23,STORE_01,0,0,Rainy,24.6,Home & Kitchen,34.27,61.62,116,37,13
2026-05-30,SKU_007,26,STORE_03,0,0,Rainy,24.6,Groceries,63.35,111.77,59,50,13
2026-05-30,SKU_008,34,STORE_02,0,0,Rainy,24.6,Apparel,77.29,104.6,103,100,13
2026-05-30,SKU_009,15,STORE_01,0,0,Rainy,24.6,Electronics,13.65,22.2,97,26,5
2026-05-30,SKU_010,12,STORE_01,0,0,Rainy,24.6,Apparel,54.66,105.41,220,66,9
2026-05-30,SKU_011,18,STORE_02,0,0,Rainy,24.6,Home & Kitchen,41.13,78.19,257,73,13
2026-05-30,SKU_012,15,STORE_03,0,0,Rainy,24.6,Home & Kitchen,138.43,215.85,73,53,5
2026-05-30,SKU_013,19,STORE_03,0,0,Rainy,24.6,Groceries,63.38,95.43,292,53,8
2026-05-30,SKU_014,102,STORE_03,0,0,Rainy,24.6,Groceries,114.03,157.27,120,69,7
2026-05-30,SKU_015,21,STORE_03,0,0,Rainy,24.6,Home & Kitchen,28.9,40.43,190,49,3
2026-05-30,SKU_016,26,STORE_02,0,0,Rainy,24.6,Home & Kitchen,66.47,120.94,211,98,3
2026-05-30,SKU_017,31,STORE_03,0,0,Rainy,24.6,Electronics,97.91,176.78,209,72,3
2026-05-30,SKU_018,52,STORE_03,0,0,Rainy,24.6,Groceries,129.16,218.5,226,56,14
2026-05-30,SKU_019,11,STORE_02,0,0,Rainy,24.6,Apparel,107.94,154.53,202,92,8
2026-05-30,SKU_020,5,STORE_02,0,0,Rainy,24.6,Apparel,91.87,157.08,203,69,8
2026-05-31,SKU_001,26,STORE_02,0,0,Clear,25.5,Groceries,89.11,173.34,225,59,3
2026-05-31,SKU_002,30,STORE_02,0,0,Clear,25.5,Groceries,93.67,139.52,92,48,10
2026-05-31,SKU_003,26,STORE_03,0,0,Clear,25.5,Apparel,76.77,144.31,39,57,13
2026-05-31,SKU_004,37,STORE_02,0,0,Clear,25.5,Apparel,50.71,93.58,178,31,14
2026-05-31,SKU_005,12,STORE_01,0,0,Clear,25.5,Home & Kitchen,144.78,283.08,13,91,9
2026-05-31,SKU_006,25,STORE_01,0,0,Clear,25.5,Home & Kitchen,34.27,61.62,116,37,13
2026-05-31,SKU_007,11,STORE_02,0,0,Clear,25.5,Groceries,63.35,111.77,59,50,13
2026-05-31,SKU_008,13,STORE_03,0,0,Clear,25.5,Apparel,77.29,104.6,103,100,13
2026-05-31,SKU_009,27,STORE_02,0,0,Clear,25.5,Electronics,13.65,22.2,97,26,5
2026-05-31,SKU_010,40,STORE_02,0,0,Clear,25.5,Apparel,54.66,105.41,220,66,9
2026-05-31,SKU_011,30,STORE_03,0,0,Clear,25.5,Home & Kitchen,41.13,78.19,257,73,13
2026-05-31,SKU_012,30,STORE_02,0,0,Clear,25.5,Home & Kitchen,138.43,215.85,73,53,5
2026-05-31,SKU_013,79,STORE_03,0,0,Clear,25.5,Groceries,63.38,95.43,292,53,8
2026-05-31,SKU_014,29,STORE_01,0,0,Clear,25.5,Groceries,114.03,157.27,120,69,7
2026-05-31,SKU_015,28,STORE_01,0,0,Clear,25.5,Home & Kitchen,28.9,40.43,190,49,3
2026-05-31,SKU_016,7,STORE_03,0,0,Clear,25.5,Home & Kitchen,66.47,120.94,211,98,3
2026-05-31,SKU_017,40,STORE_03,0,0,Clear,25.5,Electronics,97.91,176.78,209,72,3
2026-05-31,SKU_018,27,STORE_02,0,0,Clear,25.5,Groceries,129.16,218.5,226,56,14
2026-05-31,SKU_019,12,STORE_03,0,0,Clear,25.5,Apparel,107.94,154.53,202,92,8
2026-05-31,SKU_020,12,STORE_02,0,0,Clear,25.5,Apparel,91.87,157.08,203,69,8
2026-06-01,SKU_001,40,STORE_03,0,0,Stormy,32.9,Groceries,89.11,173.34,225,59,3
2026-06-01,SKU_002,25,STORE_03,0,0,Stormy,32.9,Groceries,93.67,139.52,92,48,10
2026-06-01,SKU_003,44,STORE_03,0,0,Stormy,32.9,Apparel,76.77,144.31,39,57,13
2026-06-01,SKU_004,9,STORE_03,0,0,Stormy,32.9,Apparel,50.71,93.58,178,31,14
2026-06-01,SKU_005,30,STORE_01,0,0,Stormy,32.9,Home & Kitchen,144.78,283.08,13,91,9
2026-06-01,SKU_006,7,STORE_03,0,0,Stormy,32.9,Home & Kitchen,34.27,61.62,116,37,13
2026-06-01,SKU_007,7,STORE_02,0,0,Stormy,32.9,Groceries,63.35,111.77,59,50,13
2026-06-01,SKU_008,5,STORE_01,0,0,Stormy,32.9,Apparel,77.29,104.6,103,100,13
2026-06-01,SKU_009,22,STORE_02,0,0,Stormy,32.9,Electronics,13.65,22.2,97,26,5
2026-06-01,SKU_010,22,STORE_02,0,0,Stormy,32.9,Apparel,54.66,105.41,220,66,9
2026-06-01,SKU_011,6,STORE_03,0,0,Stormy,32.9,Home & Kitchen,41.13,78.19,257,73,13
2026-06-01,SKU_012,26,STORE_03,0,0,Stormy,32.9,Home & Kitchen,138.43,215.85,73,53,5
2026-06-01,SKU_013,19,STORE_01,0,0,Stormy,32.9,Groceries,63.38,95.43,292,53,8
2026-06-01,SKU_014,14,STORE_03,0,0,Stormy,32.9,Groceries,114.03,157.27,120,69,7
2026-06-01,SKU_015,20,STORE_02,0,0,Stormy,32.9,Home & Kitchen,28.9,40.43,190,49,3
2026-06-01,SKU_016,8,STORE_03,0,0,Stormy,32.9,Home & Kitchen,66.47,120.94,211,98,3
2026-06-01,SKU_017,10,STORE_02,0,0,Stormy,32.9,Electronics,97.91,176.78,209,72,3
2026-06-01,SKU_018,19,STORE_02,0,0,Stormy,32.9,Groceries,129.16,218.5,226,56,14
2026-06-01,SKU_019,5,STORE_03,0,0,Stormy,32.9,Apparel,107.94,154.53,202,92,8
2026-06-01,SKU_020,21,STORE_01,0,0,Stormy,32.9,Apparel,91.87,157.08,203,69,8
2026-06-02,SKU_001,7,STORE_01,1,10,Stormy,34.7,Groceries,89.11,173.34,225,59,3
2026-06-02,SKU_002,6,STORE_02,1,10,Stormy,34.7,Groceries,93.67,139.52,92,48,10
2026-06-02,SKU_003,17,STORE_02,1,10,Stormy,34.7,Apparel,76.77,144.31,39,57,13
2026-06-02,SKU_004,18,STORE_03,1,10,Stormy,34.7,Apparel,50.71,93.58,178,31,14
2026-06-02,SKU_005,8,STORE_02,1,10,Stormy,34.7,Home & Kitchen,144.78,283.08,13,91,9
2026-06-02,SKU_006,13,STORE_01,1,10,Stormy,34.7,Home & Kitchen,34.27,61.62,116,37,13
2026-06-02,SKU_007,8,STORE_01,1,10,Stormy,34.7,Groceries,63.35,111.77,59,50,13
2026-06-02,SKU_008,27,STORE_02,1,10,Stormy,34.7,Apparel,77.29,104.6,103,100,13
2026-06-02,SKU_009,18,STORE_03,1,10,Stormy,34.7,Electronics,13.65,22.2,97,26,5
2026-06-02,SKU_010,22,STORE_02,1,10,Stormy,34.7,Apparel,54.66,105.41,220,66,9
2026-06-02,SKU_011,14,STORE_02,1,10,Stormy,34.7,Home & Kitchen,41.13,78.19,257,73,13
2026-06-02,SKU_012,10,STORE_03,1,10,Stormy,34.7,Home & Kitchen,138.43,215.85,73,53,5
2026-06-02,SKU_013,7,STORE_02,1,10,Stormy,34.7,Groceries,63.38,95.43,292,53,8
2026-06-02,SKU_014,28,STORE_02,1,10,Stormy,34.7,Groceries,114.03,157.27,120,69,7
2026-06-02,SKU_015,5,STORE_02,1,10,Stormy,34.7,Home & Kitchen,28.9,40.43,190,49,3
2026-06-02,SKU_016,18,STORE_02,1,10,Stormy,34.7,Home & Kitchen,66.47,120.94,211,98,3
2026-06-02,SKU_017,16,STORE_03,1,10,Stormy,34.7,Electronics,97.91,176.78,209,72,3
2026-06-02,SKU_018,74,STORE_03,1,10,Stormy,34.7,Groceries,129.16,218.5,226,56,14
2026-06-02,SKU_019,16,STORE_01,1,10,Stormy,34.7,Apparel,107.94,154.53,202,92,8
2026-06-02,SKU_020,13,STORE_01,1,10,Stormy,34.7,Apparel,91.87,157.08,203,69,8
2026-06-03,SKU_001,7,STORE_03,0,0,Rainy,17.5,Groceries,89.11,173.34,225,59,3
2026-06-03,SKU_002,30,STORE_02,0,0,Rainy,17.5,Groceries,93.67,139.52,92,48,10
2026-06-03,SKU_003,20,STORE_02,0,0,Rainy,17.5,Apparel,76.77,144.31,39,57,13
2026-06-03,SKU_004,13,STORE_01,0,0,Rainy,17.5,Apparel,50.71,93.58,178,31,14
2026-06-03,SKU_005,26,STORE_03,0,0,Rainy,17.5,Home & Kitchen,144.78,283.08,13,91,9
2026-06-03,SKU_006,35,STORE_01,0,0,Rainy,17.5,Home & Kitchen,34.27,61.62,116,37,13
2026-06-03,SKU_007,34,STORE_01,0,0,Rainy,17.5,Groceries,63.35,111.77,59,50,13
2026-06-03,SKU_008,31,STORE_03,0,0,Rainy,17.5,Apparel,77.29,104.6,103,100,13
2026-06-03,SKU_009,18,STORE_01,0,0,Rainy,17.5,Electronics,13.65,22.2,97,26,5
2026-06-03,SKU_010,9,STORE_03,0,0,Rainy,17.5,Apparel,54.66,105.41,220,66,9
2026-06-03,SKU_011,18,STORE_02,0,0,Rainy,17.5,Home & Kitchen,41.13,78.19,257,73,13
2026-06-03,SKU_012,7,STORE_01,0,0,Rainy,17.5,Home & Kitchen,138.43,215.85,73,53,5
2026-06-03,SKU_013,14,STORE_02,0,0,Rainy,17.5,Groceries,63.38,95.43,292,53,8
2026-06-03,SKU_014,13,STORE_02,0,0,Rainy,17.5,Groceries,114.03,157.27,120,69,7
2026-06-03,SKU_015,2,STORE_02,0,0,Rainy,17.5,Home & Kitchen,28.9,40.43,190,49,3
2026-06-03,SKU_016,31,STORE_03,0,0,Rainy,17.5,Home & Kitchen,66.47,120.94,211,98,3
2026-06-03,SKU_017,22,STORE_03,0,0,Rainy,17.5,Electronics,97.91,176.78,209,72,3
2026-06-03,SKU_018,24,STORE_01,0,0,Rainy,17.5,Groceries,129.16,218.5,226,56,14
2026-06-03,SKU_019,13,STORE_01,0,0,Rainy,17.5,Apparel,107.94,154.53,202,92,8
2026-06-03,SKU_020,25,STORE_02,0,0,Rainy,17.5,Apparel,91.87,157.08,203,69,8
2026-06-04,SKU_001,16,STORE_03,0,0,Sunny,23.7,Groceries,89.11,173.34,225,59,3
2026-06-04,SKU_002,21,STORE_01,0,0,Sunny,23.7,Groceries,93.67,139.52,92,48,10
2026-06-04,SKU_003,25,STORE_02,0,0,Sunny,23.7,Apparel,76.77,144.31,39,57,13
2026-06-04,SKU_004,9,STORE_02,0,0,Sunny,23.7,Apparel,50.71,93.58,178,31,14
2026-06-04,SKU_005,17,STORE_02,0,0,Sunny,23.7,Home & Kitchen,144.78,283.08,13,91,9
2026-06-04,SKU_006,20,STORE_03,0,0,Sunny,23.7,Home & Kitchen,34.27,61.62,116,37,13
2026-06-04,SKU_007,22,STORE_02,0,0,Sunny,23.7,Groceries,63.35,111.77,59,50,13
2026-06-04,SKU_008,11,STORE_02,0,0,Sunny,23.7,Apparel,77.29,104.6,103,100,13
2026-06-04,SKU_009,20,STORE_01,0,0,Sunny,23.7,Electronics,13.65,22.2,97,26,5
2026-06-04,SKU_010,10,STORE_03,0,0,Sunny,23.7,Apparel,54.66,105.41,220,66,9
2026-06-04,SKU_011,8,STORE_02,0,0,Sunny,23.7,Home & Kitchen,41.13,78.19,257,73,13
2026-06-04,SKU_012,7,STORE_02,0,0,Sunny,23.7,Home & Kitchen,138.43,215.85,73,53,5
2026-06-04,SKU_013,24,STORE_02,0,0,Sunny,23.7,Groceries,63.38,95.43,292,53,8
2026-06-04,SKU_014,28,STORE_03,0,0,Sunny,23.7,Groceries,114.03,157.27,120,69,7
2026-06-04,SKU_015,23,STORE_02,0,0,Sunny,23.7,Home & Kitchen,28.9,40.43,190,49,3
2026-06-04,SKU_016,13,STORE_02,0,0,Sunny,23.7,Home & Kitchen,66.47,120.94,211,98,3
2026-06-04,SKU_017,17,STORE_03,0,0,Sunny,23.7,Electronics,97.91,176.78,209,72,3
2026-06-04,SKU_018,17,STORE_03,0,0,Sunny,23.7,Groceries,129.16,218.5,226,56,14
2026-06-04,SKU_019,21,STORE_03,0,0,Sunny,23.7,Apparel,107.94,154.53,202,92,8
2026-06-04,SKU_020,28,STORE_02,0,0,Sunny,23.7,Apparel,91.87,157.08,203,69,8
2026-06-05,SKU_001,19,STORE_02,0,0,Clear,34.5,Groceries,89.11,173.34,225,59,3
2026-06-05,SKU_002,5,STORE_02,0,0,Clear,34.5,Groceries,93.67,139.52,92,48,10
2026-06-05,SKU_003,22,STORE_01,0,0,Clear,34.5,Apparel,76.77,144.31,39,57,13
2026-06-05,SKU_004,20,STORE_03,0,0,Clear,34.5,Apparel,50.71,93.58,178,31,14
2026-06-05,SKU_005,20,STORE_03,0,0,Clear,34.5,Home & Kitchen,144.78,283.08,13,91,9
2026-06-05,SKU_006,11,STORE_01,0,0,Clear,34.5,Home & Kitchen,34.27,61.62,116,37,13
2026-06-05,SKU_007,29,STORE_01,0,0,Clear,34.5,Groceries,63.35,111.77,59,50,13
2026-06-05,SKU_008,99,STORE_02,0,0,Clear,34.5,Apparel,77.29,104.6,103,100,13
2026-06-05,SKU_009,14,STORE_03,0,0,Clear,34.5,Electronics,13.65,22.2,97,26,5
2026-06-05,SKU_010,3,STORE_02,0,0,Clear,34.5,Apparel,54.66,105.41,220,66,9
2026-06-05,SKU_011,34,STORE_01,0,0,Clear,34.5,Home & Kitchen,41.13,78.19,257,73,13
2026-06-05,SKU_012,19,STORE_01,0,0,Clear,34.5,Home & Kitchen,138.43,215.85,73,53,5
2026-06-05,SKU_013,15,STORE_01,0,0,Clear,34.5,Groceries,63.38,95.43,292,53,8
2026-06-05,SKU_014,22,STORE_03,0,0,Clear,34.5,Groceries,114.03,157.27,120,69,7
2026-06-05,SKU_015,11,STORE_01,0,0,Clear,34.5,Home & Kitchen,28.9,40.43,190,49,3
2026-06-05,SKU_016,24,STORE_02,0,0,Clear,34.5,Home & Kitchen,66.47,120.94,211,98,3
2026-06-05,SKU_017,12,STORE_03,0,0,Clear,34.5,Electronics,97.91,176.78,209,72,3
2026-06-05,SKU_018,31,STORE_03,0,0,Clear,34.5,Groceries,129.16,218.5,226,56,14
2026-06-05,SKU_019,16,STORE_02,0,0,Clear,34.5,Apparel,107.94,154.53,202,92,8
2026-06-05,SKU_020,23,STORE_02,0,0,Clear,34.5,Apparel,91.87,157.08,203,69,8
2026-06-06,SKU_001,36,STORE_02,0,0,Stormy,19.6,Groceries,89.11,173.34,225,59,3
2026-06-06,SKU_002,19,STORE_03,0,0,Stormy,19.6,Groceries,93.67,139.52,92,48,10
2026-06-06,SKU_003,15,STORE_03,0,0,Stormy,19.6,Apparel,76.77,144.31,39,57,13
2026-06-06,SKU_004,30,STORE_03,0,0,Stormy,19.6,Apparel,50.71,93.58,178,31,14
2026-06-06,SKU_005,28,STORE_01,0,0,Stormy,19.6,Home & Kitchen,144.78,283.08,13,91,9
2026-06-06,SKU_006,27,STORE_03,0,0,Stormy,19.6,Home & Kitchen,34.27,61.62,116,37,13
2026-06-06,SKU_007,10,STORE_02,0,0,Stormy,19.6,Groceries,63.35,111.77,59,50,13
2026-06-06,SKU_008,6,STORE_02,0,0,Stormy,19.6,Apparel,77.29,104.6,103,100,13
2026-06-06,SKU_009,28,STORE_02,0,0,Stormy,19.6,Electronics,13.65,22.2,97,26,5
2026-06-06,SKU_010,30,STORE_01,0,0,Stormy,19.6,Apparel,54.66,105.41,220,66,9
2026-06-06,SKU_011,26,STORE_03,0,0,Stormy,19.6,Home & Kitchen,41.13,78.19,257,73,13
2026-06-06,SKU_012,29,STORE_01,0,0,Stormy,19.6,Home & Kitchen,138.43,215.85,73,53,5
2026-06-06,SKU_013,12,STORE_01,0,0,Stormy,19.6,Groceries,63.38,95.43,292,53,8
2026-06-06,SKU_014,38,STORE_01,0,0,Stormy,19.6,Groceries,114.03,157.27,120,69,7
2026-06-06,SKU_015,20,STORE_01,0,0,Stormy,19.6,Home & Kitchen,28.9,40.43,190,49,3
2026-06-06,SKU_016,24,STORE_02,0,0,Stormy,19.6,Home & Kitchen,66.47,120.94,211,98,3
2026-06-06,SKU_017,16,STORE_02,0,0,Stormy,19.6,Electronics,97.91,176.78,209,72,3
2026-06-06,SKU_018,32,STORE_03,0,0,Stormy,19.6,Groceries,129.16,218.5,226,56,14
2026-06-06,SKU_019,27,STORE_02,0,0,Stormy,19.6,Apparel,107.94,154.53,202,92,8
2026-06-06,SKU_020,26,STORE_02,0,0,Stormy,19.6,Apparel,91.87,157.08,203,69,8
2026-06-07,SKU_001,3,STORE_03,0,0,Clear,34.2,Groceries,89.11,173.34,225,59,3
2026-06-07,SKU_002,27,STORE_03,0,0,Clear,34.2,Groceries,93.67,139.52,92,48,10
2026-06-07,SKU_003,19,STORE_01,0,0,Clear,34.2,Apparel,76.77,144.31,39,57,13
2026-06-07,SKU_004,59,STORE_01,0,0,Clear,34.2,Apparel,50.71,93.58,178,31,14
2026-06-07,SKU_005,118,STORE_03,0,0,Clear,34.2,Home & Kitchen,144.78,283.08,13,91,9
2026-06-07,SKU_006,16,STORE_01,0,0,Clear,34.2,Home & Kitchen,34.27,61.62,116,37,13
2026-06-07,SKU_007,66,STORE_03,0,0,Clear,34.2,Groceries,63.35,111.77,59,50,13
2026-06-07,SKU_008,19,STORE_01,0,0,Clear,34.2,Apparel,77.29,104.6,103,100,13
2026-06-07,SKU_009,28,STORE_03,0,0,Clear,34.2,Electronics,13.65,22.2,97,26,5
2026-06-07,SKU_010,90,STORE_03,0,0,Clear,34.2,Apparel,54.66,105.41,220,66,9
2026-06-07,SKU_011,28,STORE_03,0,0,Clear,34.2,Home & Kitchen,41.13,78.19,257,73,13
2026-06-07,SKU_012,7,STORE_02,0,0,Clear,34.2,Home & Kitchen,138.43,215.85,73,53,5
2026-06-07,SKU_013,29,STORE_01,0,0,Clear,34.2,Groceries,63.38,95.43,292,53,8
2026-06-07,SKU_014,35,STORE_03,0,0,Clear,34.2,Groceries,114.03,157.27,120,69,7
2026-06-07,SKU_015,12,STORE_01,0,0,Clear,34.2,Home & Kitchen,28.9,40.43,190,49,3
2026-06-07,SKU_016,36,STORE_03,0,0,Clear,34.2,Home & Kitchen,66.47,120.94,211,98,3
2026-06-07,SKU_017,13,STORE_02,0,0,Clear,34.2,Electronics,97.91,176.78,209,72,3
2026-06-07,SKU_018,24,STORE_03,0,0,Clear,34.2,Groceries,129.16,218.5,226,56,14
2026-06-07,SKU_019,42,STORE_01,0,0,Clear,34.2,Apparel,107.94,154.53,202,92,8
2026-06-07,SKU_020,14,STORE_03,0,0,Clear,34.2,Apparel,91.87,157.08,203,69,8
2026-06-08,SKU_001,3,STORE_01,0,0,Stormy,19.2,Groceries,89.11,173.34,225,59,3
2026-06-08,SKU_002,11,STORE_01,0,0,Stormy,19.2,Groceries,93.67,139.52,92,48,10
2026-06-08,SKU_003,30,STORE_02,0,0,Stormy,19.2,Apparel,76.77,144.31,39,57,13
2026-06-08,SKU_004,20,STORE_02,0,0,Stormy,19.2,Apparel,50.71,93.58,178,31,14
2026-06-08,SKU_005,29,STORE_03,0,0,Stormy,19.2,Home & Kitchen,144.78,283.08,13,91,9
2026-06-08,SKU_006,21,STORE_01,0,0,Stormy,19.2,Home & Kitchen,34.27,61.62,116,37,13
2026-06-08,SKU_007,7,STORE_03,0,0,Stormy,19.2,Groceries,63.35,111.77,59,50,13
2026-06-08,SKU_008,16,STORE_03,0,0,Stormy,19.2,Apparel,77.29,104.6,103,100,13
2026-06-08,SKU_009,16,STORE_03,0,0,Stormy,19.2,Electronics,13.65,22.2,97,26,5
2026-06-08,SKU_010,7,STORE_02,0,0,Stormy,19.2,Apparel,54.66,105.41,220,66,9
2026-06-08,SKU_011,6,STORE_01,0,0,Stormy,19.2,Home & Kitchen,41.13,78.19,257,73,13
2026-06-08,SKU_012,23,STORE_01,0,0,Stormy,19.2,Home & Kitchen,138.43,215.85,73,53,5
2026-06-08,SKU_013,14,STORE_01,0,0,Stormy,19.2,Groceries,63.38,95.43,292,53,8
2026-06-08,SKU_014,6,STORE_02,0,0,Stormy,19.2,Groceries,114.03,157.27,120,69,7
2026-06-08,SKU_015,8,STORE_03,0,0,Stormy,19.2,Home & Kitchen,28.9,40.43,190,49,3
2026-06-08,SKU_016,19,STORE_02,0,0,Stormy,19.2,Home & Kitchen,66.47,120.94,211,98,3
2026-06-08,SKU_017,21,STORE_01,0,0,Stormy,19.2,Electronics,97.91,176.78,209,72,3
2026-06-08,SKU_018,22,STORE_03,0,0,Stormy,19.2,Groceries,129.16,218.5,226,56,14
2026-06-08,SKU_019,18,STORE_03,0,0,Stormy,19.2,Apparel,107.94,154.53,202,92,8
2026-06-08,SKU_020,7,STORE_01,0,0,Stormy,19.2,Apparel,91.87,157.08,203,69,8
2026-06-09,SKU_001,8,STORE_03,0,0,Stormy,26.3,Groceries,89.11,173.34,225,59,3
2026-06-09,SKU_002,24,STORE_03,0,0,Stormy,26.3,Groceries,93.67,139.52,92,48,10
2026-06-09,SKU_003,33,STORE_03,0,0,Stormy,26.3,Apparel,76.77,144.31,39,57,13
2026-06-09,SKU_004,28,STORE_03,0,0,Stormy,26.3,Apparel,50.71,93.58,178,31,14
2026-06-09,SKU_005,20,STORE_01,0,0,Stormy,26.3,Home & Kitchen,144.78,283.08,13,91,9
2026-06-09,SKU_006,29,STORE_03,0,0,Stormy,26.3,Home & Kitchen,34.27,61.62,116,37,13
2026-06-09,SKU_007,5,STORE_03,0,0,Stormy,26.3,Groceries,63.35,111.77,59,50,13
2026-06-09,SKU_008,11,STORE_02,0,0,Stormy,26.3,Apparel,77.29,104.6,103,100,13
2026-06-09,SKU_009,26,STORE_03,0,0,Stormy,26.3,Electronics,13.65,22.2,97,26,5
2026-06-09,SKU_010,23,STORE_02,0,0,Stormy,26.3,Apparel,54.66,105.41,220,66,9
2026-06-09,SKU_011,31,STORE_02,0,0,Stormy,26.3,Home & Kitchen,41.13,78.19,257,73,13
2026-06-09,SKU_012,8,STORE_02,0,0,Stormy,26.3,Home & Kitchen,138.43,215.85,73,53,5
2026-06-09,SKU_013,7,STORE_03,0,0,Stormy,26.3,Groceries,63.38,95.43,292,53,8
2026-06-09,SKU_014,7,STORE_01,0,0,Stormy,26.3,Groceries,114.03,157.27,120,69,7
2026-06-09,SKU_015,2,STORE_02,0,0,Stormy,26.3,Home & Kitchen,28.9,40.43,190,49,3
2026-06-09,SKU_016,13,STORE_02,0,0,Stormy,26.3,Home & Kitchen,66.47,120.94,211,98,3
2026-06-09,SKU_017,26,STORE_01,0,0,Stormy,26.3,Electronics,97.91,176.78,209,72,3
2026-06-09,SKU_018,18,STORE_03,0,0,Stormy,26.3,Groceries,129.16,218.5,226,56,14
2026-06-09,SKU_019,9,STORE_02,0,0,Stormy,26.3,Apparel,107.94,154.53,202,92,8
2026-06-09,SKU_020,19,STORE_02,0,0,Stormy,26.3,Apparel,91.87,157.08,203,69,8
2026-06-10,SKU_001,8,STORE_01,0,0,Sunny,17.4,Groceries,89.11,173.34,225,59,3
2026-06-10,SKU_002,86,STORE_03,0,0,Sunny,17.4,Groceries,93.67,139.52,92,48,10
2026-06-10,SKU_003,23,STORE_02,0,0,Sunny,17.4,Apparel,76.77,144.31,39,57,13
2026-06-10,SKU_004,15,STORE_03,0,0,Sunny,17.4,Apparel,50.71,93.58,178,31,14
2026-06-10,SKU_005,22,STORE_02,0,0,Sunny,17.4,Home & Kitchen,144.78,283.08,13,91,9
2026-06-10,SKU_006,8,STORE_02,0,0,Sunny,17.4,Home & Kitchen,34.27,61.62,116,37,13
2026-06-10,SKU_007,21,STORE_03,0,0,Sunny,17.4,Groceries,63.35,111.77,59,50,13
2026-06-10,SKU_008,13,STORE_03,0,0,Sunny,17.4,Apparel,77.29,104.6,103,100,13
2026-06-10,SKU_009,14,STORE_03,0,0,Sunny,17.4,Electronics,13.65,22.2,97,26,5
2026-06-10,SKU_010,20,STORE_01,0,0,Sunny,17.4,Apparel,54.66,105.41,220,66,9
2026-06-10,SKU_011,14,STORE_01,0,0,Sunny,17.4,Home & Kitchen,41.13,78.19,257,73,13
2026-06-10,SKU_012,10,STORE_03,0,0,Sunny,17.4,Home & Kitchen,138.43,215.85,73,53,5
2026-06-10,SKU_013,18,STORE_03,0,0,Sunny,17.4,Groceries,63.38,95.43,292,53,8
2026-06-10,SKU_014,13,STORE_03,0,0,Sunny,17.4,Groceries,114.03,157.27,120,69,7
2026-06-10,SKU_015,15,STORE_03,0,0,Sunny,17.4,Home & Kitchen,28.9,40.43,190,49,3
2026-06-10,SKU_016,12,STORE_03,0,0,Sunny,17.4,Home & Kitchen,66.47,120.94,211,98,3
2026-06-10,SKU_017,13,STORE_02,0,0,Sunny,17.4,Electronics,97.91,176.78,209,72,3
2026-06-10,SKU_018,27,STORE_02,0,0,Sunny,17.4,Groceries,129.16,218.5,226,56,14
2026-06-10,SKU_019,24,STORE_01,0,0,Sunny,17.4,Apparel,107.94,154.53,202,92,8
2026-06-10,SKU_020,29,STORE_03,0,0,Sunny,17.4,Apparel,91.87,157.08,203,69,8
2026-06-11,SKU_001,17,STORE_01,0,0,Stormy,19.8,Groceries,89.11,173.34,225,59,3
2026-06-11,SKU_002,23,STORE_02,0,0,Stormy,19.8,Groceries,93.67,139.52,92,48,10
2026-06-11,SKU_003,6,STORE_01,0,0,Stormy,19.8,Apparel,76.77,144.31,39,57,13
2026-06-11,SKU_004,18,STORE_01,0,0,Stormy,19.8,Apparel,50.71,93.58,178,31,14
2026-06-11,SKU_005,25,STORE_01,0,0,Stormy,19.8,Home & Kitchen,144.78,283.08,13,91,9
2026-06-11,SKU_006,22,STORE_03,0,0,Stormy,19.8,Home & Kitchen,34.27,61.62,116,37,13
2026-06-11,SKU_007,28,STORE_03,0,0,Stormy,19.8,Groceries,63.35,111.77,59,50,13
2026-06-11,SKU_008,18,STORE_03,0,0,Stormy,19.8,Apparel,77.29,104.6,103,100,13
2026-06-11,SKU_009,11,STORE_02,0,0,Stormy,19.8,Electronics,13.65,22.2,97,26,5
2026-06-11,SKU_010,20,STORE_02,0,0,Stormy,19.8,Apparel,54.66,105.41,220,66,9
2026-06-11,SKU_011,20,STORE_02,0,0,Stormy,19.8,Home & Kitchen,41.13,78.19,257,73,13
2026-06-11,SKU_012,9,STORE_02,0,0,Stormy,19.8,Home & Kitchen,138.43,215.85,73,53,5
2026-06-11,SKU_013,5,STORE_03,0,0,Stormy,19.8,Groceries,63.38,95.43,292,53,8
2026-06-11,SKU_014,14,STORE_01,0,0,Stormy,19.8,Groceries,114.03,157.27,120,69,7
2026-06-11,SKU_015,17,STORE_03,0,0,Stormy,19.8,Home & Kitchen,28.9,40.43,190,49,3
2026-06-11,SKU_016,26,STORE_03,0,0,Stormy,19.8,Home & Kitchen,66.47,120.94,211,98,3
2026-06-11,SKU_017,31,STORE_02,0,0,Stormy,19.8,Electronics,97.91,176.78,209,72,3
2026-06-11,SKU_018,18,STORE_01,0,0,Stormy,19.8,Groceries,129.16,218.5,226,56,14
2026-06-11,SKU_019,9,STORE_02,0,0,Stormy,19.8,Apparel,107.94,154.53,202,92,8
2026-06-11,SKU_020,20,STORE_01,0,0,Stormy,19.8,Apparel,91.87,157.08,203,69,8
2026-06-12,SKU_001,8,STORE_02,0,0,Clear,15.2,Groceries,89.11,173.34,225,59,3
2026-06-12,SKU_002,22,STORE_01,0,0,Clear,15.2,Groceries,93.67,139.52,92,48,10
2026-06-12,SKU_003,26,STORE_01,0,0,Clear,15.2,Apparel,76.77,144.31,39,57,13
2026-06-12,SKU_004,21,STORE_01,0,0,Clear,15.2,Apparel,50.71,93.58,178,31,14
2026-06-12,SKU_005,3,STORE_01,0,0,Clear,15.2,Home & Kitchen,144.78,283.08,13,91,9
2026-06-12,SKU_006,8,STORE_03,0,0,Clear,15.2,Home & Kitchen,34.27,61.62,116,37,13
2026-06-12,SKU_007,13,STORE_01,0,0,Clear,15.2,Groceries,63.35,111.77,59,50,13
2026-06-12,SKU_008,19,STORE_01,0,0,Clear,15.2,Apparel,77.29,104.6,103,100,13
2026-06-12,SKU_009,7,STORE_02,0,0,Clear,15.2,Electronics,13.65,22.2,97,26,5
2026-06-12,SKU_010,9,STORE_01,0,0,Clear,15.2,Apparel,54.66,105.41,220,66,9
2026-06-12,SKU_011,13,STORE_01,0,0,Clear,15.2,Home & Kitchen,41.13,78.19,257,73,13
2026-06-12,SKU_012,29,STORE_02,0,0,Clear,15.2,Home & Kitchen,138.43,215.85,73,53,5
2026-06-12,SKU_013,25,STORE_02,0,0,Clear,15.2,Groceries,63.38,95.43,292,53,8
2026-06-12,SKU_014,27,STORE_02,0,0,Clear,15.2,Groceries,114.03,157.27,120,69,7
2026-06-12,SKU_015,13,STORE_01,0,0,Clear,15.2,Home & Kitchen,28.9,40.43,190,49,3
2026-06-12,SKU_016,18,STORE_03,0,0,Clear,15.2,Home & Kitchen,66.47,120.94,211,98,3
2026-06-12,SKU_017,3,STORE_02,0,0,Clear,15.2,Electronics,97.91,176.78,209,72,3
2026-06-12,SKU_018,24,STORE_01,0,0,Clear,15.2,Groceries,129.16,218.5,226,56,14
2026-06-12,SKU_019,20,STORE_01,0,0,Clear,15.2,Apparel,107.94,154.53,202,92,8
2026-06-12,SKU_020,13,STORE_03,0,0,Clear,15.2,Apparel,91.87,157.08,203,69,8
2026-06-13,SKU_001,9,STORE_03,1,50,Rainy,30.8,Groceries,89.11,173.34,225,59,3
2026-06-13,SKU_002,14,STORE_03,1,50,Rainy,30.8,Groceries,93.67,139.52,92,48,10
2026-06-13,SKU_003,33,STORE_01,1,50,Rainy,30.8,Apparel,76.77,144.31,39,57,13
2026-06-13,SKU_004,20,STORE_01,1,50,Rainy,30.8,Apparel,50.71,93.58,178,31,14
2026-06-13,SKU_005,7,STORE_02,1,50,Rainy,30.8,Home & Kitchen,144.78,283.08,13,91,9
2026-06-13,SKU_006,19,STORE_01,1,50,Rainy,30.8,Home & Kitchen,34.27,61.62,116,37,13
2026-06-13,SKU_007,12,STORE_01,1,50,Rainy,30.8,Groceries,63.35,111.77,59,50,13
2026-06-13,SKU_008,5,STORE_02,1,50,Rainy,30.8,Apparel,77.29,104.6,103,100,13
2026-06-13,SKU_009,30,STORE_02,1,50,Rainy,30.8,Electronics,13.65,22.2,97,26,5
2026-06-13,SKU_010,33,STORE_02,1,50,Rainy,30.8,Apparel,54.66,105.41,220,66,9
2026-06-13,SKU_011,12,STORE_03,1,50,Rainy,30.8,Home & Kitchen,41.13,78.19,257,73,13
2026-06-13,SKU_012,22,STORE_01,1,50,Rainy,30.8,Home & Kitchen,138.43,215.85,73,53,5
2026-06-13,SKU_013,17,STORE_03,1,50,Rainy,30.8,Groceries,63.38,95.43,292,53,8
2026-06-13,SKU_014,19,STORE_02,1,50,Rainy,30.8,Groceries,114.03,157.27,120,69,7
2026-06-13,SKU_015,12,STORE_03,1,50,Rainy,30.8,Home & Kitchen,28.9,40.43,190,49,3
2026-06-13,SKU_016,32,STORE_02,1,50,Rainy,30.8,Home & Kitchen,66.47,120.94,211,98,3
2026-06-13,SKU_017,46,STORE_02,1,50,Rainy,30.8,Electronics,97.91,176.78,209,72,3
2026-06-13,SKU_018,15,STORE_01,1,50,Rainy,30.8,Groceries,129.16,218.5,226,56,14
2026-06-13,SKU_019,10,STORE_02,1,50,Rainy,30.8,Apparel,107.94,154.53,202,92,8
2026-06-13,SKU_020,11,STORE_02,1,50,Rainy,30.8,Apparel,91.87,157.08,203,69,8
2026-06-14,SKU_001,3,STORE_03,1,10,Rainy,29.8,Groceries,89.11,173.34,225,59,3
2026-06-14,SKU_002,13,STORE_02,1,10,Rainy,29.8,Groceries,93.67,139.52,92,48,10
2026-06-14,SKU_003,26,STORE_03,1,10,Rainy,29.8,Apparel,76.77,144.31,39,57,13
2026-06-14,SKU_004,33,STORE_03,1,10,Rainy,29.8,Apparel,50.71,93.58,178,31,14
2026-06-14,SKU_005,20,STORE_02,1,10,Rainy,29.8,Home & Kitchen,144.78,283.08,13,91,9
2026-06-14,SKU_006,9,STORE_03,1,10,Rainy,29.8,Home & Kitchen,34.27,61.62,116,37,13
2026-06-14,SKU_007,12,STORE_02,1,10,Rainy,29.8,Groceries,63.35,111.77,59,50,13
2026-06-14,SKU_008,14,STORE_01,1,10,Rainy,29.8,Apparel,77.29,104.6,103,100,13
2026-06-14,SKU_009,25,STORE_01,1,10,Rainy,29.8,Electronics,13.65,22.2,97,26,5
2026-06-14,SKU_010,29,STORE_03,1,10,Rainy,29.8,Apparel,54.66,105.41,220,66,9
2026-06-14,SKU_011,106,STORE_02,1,10,Rainy,29.8,Home & Kitchen,41.13,78.19,257,73,13
2026-06-14,SKU_012,2,STORE_03,1,10,Rainy,29.8,Home & Kitchen,138.43,215.85,73,53,5
2026-06-14,SKU_013,30,STORE_02,1,10,Rainy,29.8,Groceries,63.38,95.43,292,53,8
2026-06-14,SKU_014,31,STORE_01,1,10,Rainy,29.8,Groceries,114.03,157.27,120,69,7
2026-06-14,SKU_015,20,STORE_02,1,10,Rainy,29.8,Home & Kitchen,28.9,40.43,190,49,3
2026-06-14,SKU_016,22,STORE_01,1,10,Rainy,29.8,Home & Kitchen,66.47,120.94,211,98,3
2026-06-14,SKU_017,36,STORE_02,1,10,Rainy,29.8,Electronics,97.91,176.78,209,72,3
2026-06-14,SKU_018,24,STORE_03,1,10,Rainy,29.8,Groceries,129.16,218.5,226,56,14
2026-06-14,SKU_019,42,STORE_02,1,10,Rainy,29.8,Apparel,107.94,154.53,202,92,8
2026-06-14,SKU_020,23,STORE_03,1,10,Rainy,29.8,Apparel,91.87,157.08,203,69,8
2026-06-15,SKU_001,14,STORE_02,0,0,Rainy,25.5,Groceries,89.11,173.34,225,59,3
2026-06-15,SKU_002,15,STORE_03,0,0,Rainy,25.5,Groceries,93.67,139.52,92,48,10
2026-06-15,SKU_003,31,STORE_03,0,0,Rainy,25.5,Apparel,76.77,144.31,39,57,13
2026-06-15,SKU_004,16,STORE_03,0,0,Rainy,25.5,Apparel,50.71,93.58,178,31,14
2026-06-15,SKU_005,22,STORE_01,0,0,Rainy,25.5,Home & Kitchen,144.78,283.08,13,91,9
2026-06-15,SKU_006,4,STORE_02,0,0,Rainy,25.5,Home & Kitchen,34.27,61.62,116,37,13
2026-06-15,SKU_007,13,STORE_03,0,0,Rainy,25.5,Groceries,63.35,111.77,59,50,13
2026-06-15,SKU_008,16,STORE_02,0,0,Rainy,25.5,Apparel,77.29,104.6,103,100,13
2026-06-15,SKU_009,11,STORE_03,0,0,Rainy,25.5,Electronics,13.65,22.2,97,26,5
2026-06-15,SKU_010,44,STORE_03,0,0,Rainy,25.5,Apparel,54.66,105.41,220,66,9
2026-06-15,SKU_011,26,STORE_01,0,0,Rainy,25.5,Home & Kitchen,41.13,78.19,257,73,13
2026-06-15,SKU_012,16,STORE_02,0,0,Rainy,25.5,Home & Kitchen,138.43,215.85,73,53,5
2026-06-15,SKU_013,21,STORE_02,0,0,Rainy,25.5,Groceries,63.38,95.43,292,53,8
2026-06-15,SKU_014,24,STORE_01,0,0,Rainy,25.5,Groceries,114.03,157.27,120,69,7
2026-06-15,SKU_015,16,STORE_02,0,0,Rainy,25.5,Home & Kitchen,28.9,40.43,190,49,3
2026-06-15,SKU_016,12,STORE_03,0,0,Rainy,25.5,Home & Kitchen,66.47,120.94,211,98,3
2026-06-15,SKU_017,28,STORE_03,0,0,Rainy,25.5,Electronics,97.91,176.78,209,72,3
2026-06-15,SKU_018,6,STORE_03,0,0,Rainy,25.5,Groceries,129.16,218.5,226,56,14
2026-06-15,SKU_019,30,STORE_03,0,0,Rainy,25.5,Apparel,107.94,154.53,202,92,8
2026-06-15,SKU_020,24,STORE_02,0,0,Rainy,25.5,Apparel,91.87,157.08,203,69,8
2026-06-16,SKU_001,13,STORE_02,0,0,Sunny,28.9,Groceries,89.11,173.34,225,59,3
2026-06-16,SKU_002,10,STORE_03,0,0,Sunny,28.9,Groceries,93.67,139.52,92,48,10
2026-06-16,SKU_003,20,STORE_01,0,0,Sunny,28.9,Apparel,76.77,144.31,39,57,13
2026-06-16,SKU_004,25,STORE_03,0,0,Sunny,28.9,Apparel,50.71,93.58,178,31,14
2026-06-16,SKU_005,8,STORE_02,0,0,Sunny,28.9,Home & Kitchen,144.78,283.08,13,91,9
2026-06-16,SKU_006,13,STORE_03,0,0,Sunny,28.9,Home & Kitchen,34.27,61.62,116,37,13
2026-06-16,SKU_007,23,STORE_03,0,0,Sunny,28.9,Groceries,63.35,111.77,59,50,13
2026-06-16,SKU_008,23,STORE_01,0,0,Sunny,28.9,Apparel,77.29,104.6,103,100,13
2026-06-16,SKU_009,17,STORE_02,0,0,Sunny,28.9,Electronics,13.65,22.2,97,26,5
2026-06-16,SKU_010,15,STORE_03,0,0,Sunny,28.9,Apparel,54.66,105.41,220,66,9
2026-06-16,SKU_011,0,STORE_01,0,0,Sunny,28.9,Home & Kitchen,41.13,78.19,257,73,13
2026-06-16,SKU_012,12,STORE_01,0,0,Sunny,28.9,Home & Kitchen,138.43,215.85,73,53,5
2026-06-16,SKU_013,0,STORE_03,0,0,Sunny,28.9,Groceries,63.38,95.43,292,53,8
2026-06-16,SKU_014,25,STORE_03,0,0,Sunny,28.9,Groceries,114.03,157.27,120,69,7
2026-06-16,SKU_015,11,STORE_02,0,0,Sunny,28.9,Home & Kitchen,28.9,40.43,190,49,3
2026-06-16,SKU_016,29,STORE_02,0,0,Sunny,28.9,Home & Kitchen,66.47,120.94,211,98,3
2026-06-16,SKU_017,24,STORE_02,0,0,Sunny,28.9,Electronics,97.91,176.78,209,72,3
2026-06-16,SKU_018,23,STORE_03,0,0,Sunny,28.9,Groceries,129.16,218.5,226,56,14
2026-06-16,SKU_019,14,STORE_03,0,0,Sunny,28.9,Apparel,107.94,154.53,202,92,8
2026-06-16,SKU_020,102,STORE_01,0,0,Sunny,28.9,Apparel,91.87,157.08,203,69,8
2026-06-17,SKU_001,24,STORE_02,0,0,Sunny,33.4,Groceries,89.11,173.34,225,59,3
2026-06-17,SKU_002,34,STORE_03,0,0,Sunny,33.4,Groceries,93.67,139.52,92,48,10
2026-06-17,SKU_003,13,STORE_02,0,0,Sunny,33.4,Apparel,76.77,144.31,39,57,13
2026-06-17,SKU_004,5,STORE_01,0,0,Sunny,33.4,Apparel,50.71,93.58,178,31,14
2026-06-17,SKU_005,9,STORE_02,0,0,Sunny,33.4,Home & Kitchen,144.78,283.08,13,91,9
2026-06-17,SKU_006,28,STORE_02,0,0,Sunny,33.4,Home & Kitchen,34.27,61.62,116,37,13
2026-06-17,SKU_007,13,STORE_02,0,0,Sunny,33.4,Groceries,63.35,111.77,59,50,13
2026-06-17,SKU_008,4,STORE_02,0,0,Sunny,33.4,Apparel,77.29,104.6,103,100,13
2026-06-17,SKU_009,15,STORE_01,0,0,Sunny,33.4,Electronics,13.65,22.2,97,26,5
2026-06-17,SKU_010,22,STORE_03,0,0,Sunny,33.4,Apparel,54.66,105.41,220,66,9
2026-06-17,SKU_011,11,STORE_01,0,0,Sunny,33.4,Home & Kitchen,41.13,78.19,257,73,13
2026-06-17,SKU_012,14,STORE_02,0,0,Sunny,33.4,Home & Kitchen,138.43,215.85,73,53,5
2026-06-17,SKU_013,28,STORE_02,0,0,Sunny,33.4,Groceries,63.38,95.43,292,53,8
2026-06-17,SKU_014,27,STORE_02,0,0,Sunny,33.4,Groceries,114.03,157.27,120,69,7
2026-06-17,SKU_015,16,STORE_02,0,0,Sunny,33.4,Home & Kitchen,28.9,40.43,190,49,3
2026-06-17,SKU_016,29,STORE_01,0,0,Sunny,33.4,Home & Kitchen,66.47,120.94,211,98,3
2026-06-17,SKU_017,10,STORE_03,0,0,Sunny,33.4,Electronics,97.91,176.78,209,72,3
2026-06-17,SKU_018,8,STORE_01,0,0,Sunny,33.4,Groceries,129.16,218.5,226,56,14
2026-06-17,SKU_019,17,STORE_02,0,0,Sunny,33.4,Apparel,107.94,154.53,202,92,8
2026-06-17,SKU_020,2,STORE_01,0,0,Sunny,33.4,Apparel,91.87,157.08,203,69,8
2026-06-18,SKU_001,16,STORE_03,0,0,Clear,33.4,Groceries,89.11,173.34,225,59,3
2026-06-18,SKU_002,17,STORE_02,0,0,Clear,33.4,Groceries,93.67,139.52,92,48,10
2026-06-18,SKU_003,18,STORE_02,0,0,Clear,33.4,Apparel,76.77,144.31,39,57,13
2026-06-18,SKU_004,13,STORE_02,0,0,Clear,33.4,Apparel,50.71,93.58,178,31,14
2026-06-18,SKU_005,12,STORE_02,0,0,Clear,33.4,Home & Kitchen,144.78,283.08,13,91,9
2026-06-18,SKU_006,25,STORE_02,0,0,Clear,33.4,Home & Kitchen,34.27,61.62,116,37,13
2026-06-18,SKU_007,22,STORE_03,0,0,Clear,33.4,Groceries,63.35,111.77,59,50,13
2026-06-18,SKU_008,9,STORE_02,0,0,Clear,33.4,Apparel,77.29,104.6,103,100,13
2026-06-18,SKU_009,31,STORE_03,0,0,Clear,33.4,Electronics,13.65,22.2,97,26,5
2026-06-18,SKU_010,7,STORE_03,0,0,Clear,33.4,Apparel,54.66,105.41,220,66,9
2026-06-18,SKU_011,12,STORE_03,0,0,Clear,33.4,Home & Kitchen,41.13,78.19,257,73,13
2026-06-18,SKU_012,13,STORE_03,0,0,Clear,33.4,Home & Kitchen,138.43,215.85,73,53,5
2026-06-18,SKU_013,20,STORE_03,0,0,Clear,33.4,Groceries,63.38,95.43,292,53,8
2026-06-18,SKU_014,10,STORE_01,0,0,Clear,33.4,Groceries,114.03,157.27,120,69,7
2026-06-18,SKU_015,11,STORE_01,0,0,Clear,33.4,Home & Kitchen,28.9,40.43,190,49,3
2026-06-18,SKU_016,28,STORE_02,0,0,Clear,33.4,Home & Kitchen,66.47,120.94,211,98,3
2026-06-18,SKU_017,29,STORE_03,0,0,Clear,33.4,Electronics,97.91,176.78,209,72,3
2026-06-18,SKU_018,25,STORE_02,0,0,Clear,33.4,Groceries,129.16,218.5,226,56,14
2026-06-18,SKU_019,10,STORE_02,0,0,Clear,33.4,Apparel,107.94,154.53,202,92,8
2026-06-18,SKU_020,13,STORE_02,0,0,Clear,33.4,Apparel,91.87,157.08,203,69,8
2026-06-19,SKU_001,18,STORE_02,0,0,Clear,20.2,Groceries,89.11,173.34,225,59,3
2026-06-19,SKU_002,25,STORE_01,0,0,Clear,20.2,Groceries,93.67,139.52,92,48,10
2026-06-19,SKU_003,29,STORE_02,0,0,Clear,20.2,Apparel,76.77,144.31,39,57,13
2026-06-19,SKU_004,15,STORE_02,0,0,Clear,20.2,Apparel,50.71,93.58,178,31,14
2026-06-19,SKU_005,25,STORE_01,0,0,Clear,20.2,Home & Kitchen,144.78,283.08,13,91,9
2026-06-19,SKU_006,19,STORE_03,0,0,Clear,20.2,Home & Kitchen,34.27,61.62,116,37,13
2026-06-19,SKU_007,24,STORE_01,0,0,Clear,20.2,Groceries,63.35,111.77,59,50,13
2026-06-19,SKU_008,30,STORE_03,0,0,Clear,20.2,Apparel,77.29,104.6,103,100,13
2026-06-19,SKU_009,18,STORE_02,0,0,Clear,20.2,Electronics,13.65,22.2,97,26,5
2026-06-19,SKU_010,22,STORE_01,0,0,Clear,20.2,Apparel,54.66,105.41,220,66,9
2026-06-19,SKU_011,31,STORE_03,0,0,Clear,20.2,Home & Kitchen,41.13,78.19,257,73,13
2026-06-19,SKU_012,9,STORE_01,0,0,Clear,20.2,Home & Kitchen,138.43,215.85,73,53,5
2026-06-19,SKU_013,4,STORE_01,0,0,Clear,20.2,Groceries,63.38,95.43,292,53,8
2026-06-19,SKU_014,23,STORE_03,0,0,Clear,20.2,Groceries,114.03,157.27,120,69,7
2026-06-19,SKU_015,6,STORE_01,0,0,Clear,20.2,Home & Kitchen,28.9,40.43,190,49,3
2026-06-19,SKU_016,26,STORE_01,0,0,Clear,20.2,Home & Kitchen,66.47,120.94,211,98,3
2026-06-19,SKU_017,17,STORE_03,0,0,Clear,20.2,Electronics,97.91,176.78,209,72,3
2026-06-19,SKU_018,25,STORE_02,0,0,Clear,20.2,Groceries,129.16,218.5,226,56,14
2026-06-19,SKU_019,11,STORE_03,0,0,Clear,20.2,Apparel,107.94,154.53,202,92,8
2026-06-19,SKU_020,14,STORE_02,0,0,Clear,20.2,Apparel,91.87,157.08,203,69,8
2026-06-20,SKU_001,33,STORE_02,0,0,Clear,30.4,Groceries,89.11,173.34,225,59,3
2026-06-20,SKU_002,10,STORE_03,0,0,Clear,30.4,Groceries,93.67,139.52,92,48,10
2026-06-20,SKU_003,10,STORE_02,0,0,Clear,30.4,Apparel,76.77,144.31,39,57,13
2026-06-20,SKU_004,28,STORE_01,0,0,Clear,30.4,Apparel,50.71,93.58,178,31,14
2026-06-20,SKU_005,32,STORE_02,0,0,Clear,30.4,Home & Kitchen,144.78,283.08,13,91,9
2026-06-20,SKU_006,44,STORE_01,0,0,Clear,30.4,Home & Kitchen,34.27,61.62,116,37,13
2026-06-20,SKU_007,12,STORE_01,0,0,Clear,30.4,Groceries,63.35,111.77,59,50,13
2026-06-20,SKU_008,8,STORE_03,0,0,Clear,30.4,Apparel,77.29,104.6,103,100,13
2026-06-20,SKU_009,15,STORE_01,0,0,Clear,30.4,Electronics,13.65,22.2,97,26,5
2026-06-20,SKU_010,21,STORE_03,0,0,Clear,30.4,Apparel,54.66,105.41,220,66,9
2026-06-20,SKU_011,14,STORE_03,0,0,Clear,30.4,Home & Kitchen,41.13,78.19,257,73,13
2026-06-20,SKU_012,24,STORE_02,0,0,Clear,30.4,Home & Kitchen,138.43,215.85,73,53,5
2026-06-20,SKU_013,15,STORE_01,0,0,Clear,30.4,Groceries,63.38,95.43,292,53,8
2026-06-20,SKU_014,30,STORE_03,0,0,Clear,30.4,Groceries,114.03,157.27,120,69,7
2026-06-20,SKU_015,41,STORE_02,0,0,Clear,30.4,Home & Kitchen,28.9,40.43,190,49,3
2026-06-20,SKU_016,35,STORE_03,0,0,Clear,30.4,Home & Kitchen,66.47,120.94,211,98,3
2026-06-20,SKU_017,22,STORE_02,0,0,Clear,30.4,Electronics,97.91,176.78,209,72,3
2026-06-20,SKU_018,28,STORE_03,0,0,Clear,30.4,Groceries,129.16,218.5,226,56,14
2026-06-20,SKU_019,31,STORE_01,0,0,Clear,30.4,Apparel,107.94,154.53,202,92,8
2026-06-20,SKU_020,29,STORE_03,0,0,Clear,30.4,Apparel,91.87,157.08,203,69,8
2026-06-21,SKU_001,9,STORE_03,0,0,Sunny,24.0,Groceries,89.11,173.34,225,59,3
2026-06-21,SKU_002,24,STORE_02,0,0,Sunny,24.0,Groceries,93.67,139.52,92,48,10
2026-06-21,SKU_003,103,STORE_01,0,0,Sunny,24.0,Apparel,76.77,144.31,39,57,13
2026-06-21,SKU_004,10,STORE_01,0,0,Sunny,24.0,Apparel,50.71,93.58,178,31,14
2026-06-21,SKU_005,22,STORE_02,0,0,Sunny,24.0,Home & Kitchen,144.78,283.08,13,91,9
2026-06-21,SKU_006,9,STORE_02,0,0,Sunny,24.0,Home & Kitchen,34.27,61.62,116,37,13
2026-06-21,SKU_007,8,STORE_02,0,0,Sunny,24.0,Groceries,63.35,111.77,59,50,13
2026-06-21,SKU_008,35,STORE_02,0,0,Sunny,24.0,Apparel,77.29,104.6,103,100,13
2026-06-21,SKU_009,7,STORE_02,0,0,Sunny,24.0,Electronics,13.65,22.2,97,26,5
2026-06-21,SKU_010,19,STORE_01,0,0,Sunny,24.0,Apparel,54.66,105.41,220,66,9
2026-06-21,SKU_011,10,STORE_02,0,0,Sunny,24.0,Home & Kitchen,41.13,78.19,257,73,13
2026-06-21,SKU_012,29,STORE_03,0,0,Sunny,24.0,Home & Kitchen,138.43,215.85,73,53,5
2026-06-21,SKU_013,20,STORE_01,0,0,Sunny,24.0,Groceries,63.38,95.43,292,53,8
2026-06-21,SKU_014,20,STORE_02,0,0,Sunny,24.0,Groceries,114.03,157.27,120,69,7
2026-06-21,SKU_015,16,STORE_03,0,0,Sunny,24.0,Home & Kitchen,28.9,40.43,190,49,3
2026-06-21,SKU_016,33,STORE_02,0,0,Sunny,24.0,Home & Kitchen,66.47,120.94,211,98,3
2026-06-21,SKU_017,71,STORE_02,0,0,Sunny,24.0,Electronics,97.91,176.78,209,72,3
2026-06-21,SKU_018,36,STORE_03,0,0,Sunny,24.0,Groceries,129.16,218.5,226,56,14
2026-06-21,SKU_019,15,STORE_02,0,0,Sunny,24.0,Apparel,107.94,154.53,202,92,8
2026-06-21,SKU_020,21,STORE_01,0,0,Sunny,24.0,Apparel,91.87,157.08,203,69,8
2026-06-22,SKU_001,26,STORE_01,0,0,Clear,25.2,Groceries,89.11,173.34,225,59,3
2026-06-22,SKU_002,32,STORE_02,0,0,Clear,25.2,Groceries,93.67,139.52,92,48,10
2026-06-22,SKU_003,18,STORE_01,0,0,Clear,25.2,Apparel,76.77,144.31,39,57,13
2026-06-22,SKU_004,14,STORE_01,0,0,Clear,25.2,Apparel,50.71,93.58,178,31,14
2026-06-22,SKU_005,9,STORE_03,0,0,Clear,25.2,Home & Kitchen,144.78,283.08,13,91,9
2026-06-22,SKU_006,25,STORE_01,0,0,Clear,25.2,Home & Kitchen,34.27,61.62,116,37,13
2026-06-22,SKU_007,11,STORE_03,0,0,Clear,25.2,Groceries,63.35,111.77,59,50,13
2026-06-22,SKU_008,22,STORE_03,0,0,Clear,25.2,Apparel,77.29,104.6,103,100,13
2026-06-22,SKU_009,24,STORE_03,0,0,Clear,25.2,Electronics,13.65,22.2,97,26,5
2026-06-22,SKU_010,10,STORE_03,0,0,Clear,25.2,Apparel,54.66,105.41,220,66,9
2026-06-22,SKU_011,16,STORE_02,0,0,Clear,25.2,Home & Kitchen,41.13,78.19,257,73,13
2026-06-22,SKU_012,23,STORE_02,0,0,Clear,25.2,Home & Kitchen,138.43,215.85,73,53,5
2026-06-22,SKU_013,27,STORE_03,0,0,Clear,25.2,Groceries,63.38,95.43,292,53,8
2026-06-22,SKU_014,23,STORE_01,0,0,Clear,25.2,Groceries,114.03,157.27,120,69,7
2026-06-22,SKU_015,7,STORE_03,0,0,Clear,25.2,Home & Kitchen,28.9,40.43,190,49,3
2026-06-22,SKU_016,16,STORE_01,0,0,Clear,25.2,Home & Kitchen,66.47,120.94,211,98,3
2026-06-22,SKU_017,17,STORE_01,0,0,Clear,25.2,Electronics,97.91,176.78,209,72,3
2026-06-22,SKU_018,35,STORE_03,0,0,Clear,25.2,Groceries,129.16,218.5,226,56,14
2026-06-22,SKU_019,20,STORE_01,0,0,Clear,25.2,Apparel,107.94,154.53,202,92,8
2026-06-22,SKU_020,26,STORE_02,0,0,Clear,25.2,Apparel,91.87,157.08,203,69,8
2026-06-23,SKU_001,20,STORE_02,0,0,Rainy,29.1,Groceries,89.11,173.34,225,59,3
2026-06-23,SKU_002,15,STORE_01,0,0,Rainy,29.1,Groceries,93.67,139.52,92,48,10
2026-06-23,SKU_003,26,STORE_01,0,0,Rainy,29.1,Apparel,76.77,144.31,39,57,13
2026-06-23,SKU_004,23,STORE_03,0,0,Rainy,29.1,Apparel,50.71,93.58,178,31,14
2026-06-23,SKU_005,0,STORE_03,0,0,Rainy,29.1,Home & Kitchen,144.78,283.08,13,91,9
2026-06-23,SKU_006,23,STORE_02,0,0,Rainy,29.1,Home & Kitchen,34.27,61.62,116,37,13
2026-06-23,SKU_007,13,STORE_01,0,0,Rainy,29.1,Groceries,63.35,111.77,59,50,13
2026-06-23,SKU_008,26,STORE_01,0,0,Rainy,29.1,Apparel,77.29,104.6,103,100,13
2026-06-23,SKU_009,10,STORE_03,0,0,Rainy,29.1,Electronics,13.65,22.2,97,26,5
2026-06-23,SKU_010,7,STORE_03,0,0,Rainy,29.1,Apparel,54.66,105.41,220,66,9
2026-06-23,SKU_011,19,STORE_03,0,0,Rainy,29.1,Home & Kitchen,41.13,78.19,257,73,13
2026-06-23,SKU_012,16,STORE_03,0,0,Rainy,29.1,Home & Kitchen,138.43,215.85,73,53,5
2026-06-23,SKU_013,14,STORE_01,0,0,Rainy,29.1,Groceries,63.38,95.43,292,53,8
2026-06-23,SKU_014,9,STORE_02,0,0,Rainy,29.1,Groceries,114.03,157.27,120,69,7
2026-06-23,SKU_015,21,STORE_02,0,0,Rainy,29.1,Home & Kitchen,28.9,40.43,190,49,3
2026-06-23,SKU_016,19,STORE_01,0,0,Rainy,29.1,Home & Kitchen,66.47,120.94,211,98,3
2026-06-23,SKU_017,9,STORE_03,0,0,Rainy,29.1,Electronics,97.91,176.78,209,72,3
2026-06-23,SKU_018,21,STORE_03,0,0,Rainy,29.1,Groceries,129.16,218.5,226,56,14
2026-06-23,SKU_019,26,STORE_03,0,0,Rainy,29.1,Apparel,107.94,154.53,202,92,8
2026-06-23,SKU_020,24,STORE_02,0,0,Rainy,29.1,Apparel,91.87,157.08,203,69,8
2026-06-24,SKU_001,7,STORE_02,1,30,Rainy,31.5,Groceries,89.11,173.34,225,59,3
2026-06-24,SKU_002,26,STORE_02,1,30,Rainy,31.5,Groceries,93.67,139.52,92,48,10
2026-06-24,SKU_003,13,STORE_02,1,30,Rainy,31.5,Apparel,76.77,144.31,39,57,13
2026-06-24,SKU_004,10,STORE_03,1,30,Rainy,31.5,Apparel,50.71,93.58,178,31,14
2026-06-24,SKU_005,19,STORE_01,1,30,Rainy,31.5,Home & Kitchen,144.78,283.08,13,91,9
2026-06-24,SKU_006,20,STORE_02,1,30,Rainy,31.5,Home & Kitchen,34.27,61.62,116,37,13
2026-06-24,SKU_007,30,STORE_03,1,30,Rainy,31.5,Groceries,63.35,111.77,59,50,13
2026-06-24,SKU_008,21,STORE_02,1,30,Rainy,31.5,Apparel,77.29,104.6,103,100,13
2026-06-24,SKU_009,5,STORE_01,1,30,Rainy,31.5,Electronics,13.65,22.2,97,26,5
2026-06-24,SKU_010,9,STORE_01,1,30,Rainy,31.5,Apparel,54.66,105.41,220,66,9
2026-06-24,SKU_011,20,STORE_03,1,30,Rainy,31.5,Home & Kitchen,41.13,78.19,257,73,13
2026-06-24,SKU_012,23,STORE_03,1,30,Rainy,31.5,Home & Kitchen,138.43,215.85,73,53,5
2026-06-24,SKU_013,20,STORE_02,1,30,Rainy,31.5,Groceries,63.38,95.43,292,53,8
2026-06-24,SKU_014,23,STORE_03,1,30,Rainy,31.5,Groceries,114.03,157.27,120,69,7
2026-06-24,SKU_015,20,STORE_02,1,30,Rainy,31.5,Home & Kitchen,28.9,40.43,190,49,3
2026-06-24,SKU_016,24,STORE_03,1,30,Rainy,31.5,Home & Kitchen,66.47,120.94,211,98,3
2026-06-24,SKU_017,19,STORE_03,1,30,Rainy,31.5,Electronics,97.91,176.78,209,72,3
2026-06-24,SKU_018,26,STORE_02,1,30,Rainy,31.5,Groceries,129.16,218.5,226,56,14
2026-06-24,SKU_019,8,STORE_01,1,30,Rainy,31.5,Apparel,107.94,154.53,202,92,8
2026-06-24,SKU_020,12,STORE_02,1,30,Rainy,31.5,Apparel,91.87,157.08,203,69,8
2026-06-25,SKU_001,18,STORE_03,0,0,Clear,24.9,Groceries,89.11,173.34,225,59,3
2026-06-25,SKU_002,14,STORE_02,0,0,Clear,24.9,Groceries,93.67,139.52,92,48,10
2026-06-25,SKU_003,7,STORE_01,0,0,Clear,24.9,Apparel,76.77,144.31,39,57,13
2026-06-25,SKU_004,15,STORE_03,0,0,Clear,24.9,Apparel,50.71,93.58,178,31,14
2026-06-25,SKU_005,10,STORE_01,0,0,Clear,24.9,Home & Kitchen,144.78,283.08,13,91,9
2026-06-25,SKU_006,20,STORE_03,0,0,Clear,24.9,Home & Kitchen,34.27,61.62,116,37,13
2026-06-25,SKU_007,23,STORE_02,0,0,Clear,24.9,Groceries,63.35,111.77,59,50,13
2026-06-25,SKU_008,21,STORE_02,0,0,Clear,24.9,Apparel,77.29,104.6,103,100,13
2026-06-25,SKU_009,10,STORE_02,0,0,Clear,24.9,Electronics,13.65,22.2,97,26,5
2026-06-25,SKU_010,18,STORE_01,0,0,Clear,24.9,Apparel,54.66,105.41,220,66,9
2026-06-25,SKU_011,66,STORE_02,0,0,Clear,24.9,Home & Kitchen,41.13,78.19,257,73,13
2026-06-25,SKU_012,24,STORE_03,0,0,Clear,24.9,Home & Kitchen,138.43,215.85,73,53,5
2026-06-25,SKU_013,13,STORE_02,0,0,Clear,24.9,Groceries,63.38,95.43,292,53,8
2026-06-25,SKU_014,12,STORE_03,0,0,Clear,24.9,Groceries,114.03,157.27,120,69,7
2026-06-25,SKU_015,12,STORE_01,0,0,Clear,24.9,Home & Kitchen,28.9,40.43,190,49,3
2026-06-25,SKU_016,9,STORE_01,0,0,Clear,24.9,Home & Kitchen,66.47,120.94,211,98,3
2026-06-25,SKU_017,17,STORE_03,0,0,Clear,24.9,Electronics,97.91,176.78,209,72,3
2026-06-25,SKU_018,10,STORE_02,0,0,Clear,24.9,Groceries,129.16,218.5,226,56,14
2026-06-25,SKU_019,25,STORE_03,0,0,Clear,24.9,Apparel,107.94,154.53,202,92,8
2026-06-25,SKU_020,23,STORE_01,0,0,Clear,24.9,Apparel,91.87,157.08,203,69,8
2026-06-26,SKU_001,10,STORE_03,1,20,Sunny,23.2,Groceries,89.11,173.34,225,59,3
2026-06-26,SKU_002,11,STORE_01,1,20,Sunny,23.2,Groceries,93.67,139.52,92,48,10
2026-06-26,SKU_003,3,STORE_02,1,20,Sunny,23.2,Apparel,76.77,144.31,39,57,13
2026-06-26,SKU_004,14,STORE_03,1,20,Sunny,23.2,Apparel,50.71,93.58,178,31,14
2026-06-26,SKU_005,22,STORE_03,1,20,Sunny,23.2,Home & Kitchen,144.78,283.08,13,91,9
2026-06-26,SKU_006,16,STORE_01,1,20,Sunny,23.2,Home & Kitchen,34.27,61.62,116,37,13
2026-06-26,SKU_007,28,STORE_03,1,20,Sunny,23.2,Groceries,63.35,111.77,59,50,13
2026-06-26,SKU_008,10,STORE_03,1,20,Sunny,23.2,Apparel,77.29,104.6,103,100,13
2026-06-26,SKU_009,8,STORE_02,1,20,Sunny,23.2,Electronics,13.65,22.2,97,26,5
2026-06-26,SKU_010,21,STORE_03,1,20,Sunny,23.2,Apparel,54.66,105.41,220,66,9
2026-06-26,SKU_011,3,STORE_01,1,20,Sunny,23.2,Home & Kitchen,41.13,78.19,257,73,13
2026-06-26,SKU_012,18,STORE_03,1,20,Sunny,23.2,Home & Kitchen,138.43,215.85,73,53,5
2026-06-26,SKU_013,6,STORE_03,1,20,Sunny,23.2,Groceries,63.38,95.43,292,53,8
2026-06-26,SKU_014,17,STORE_03,1,20,Sunny,23.2,Groceries,114.03,157.27,120,69,7
2026-06-26,SKU_015,6,STORE_03,1,20,Sunny,23.2,Home & Kitchen,28.9,40.43,190,49,3
2026-06-26,SKU_016,28,STORE_03,1,20,Sunny,23.2,Home & Kitchen,66.47,120.94,211,98,3
2026-06-26,SKU_017,12,STORE_02,1,20,Sunny,23.2,Electronics,97.91,176.78,209,72,3
2026-06-26,SKU_018,26,STORE_01,1,20,Sunny,23.2,Groceries,129.16,218.5,226,56,14
2026-06-26,SKU_019,30,STORE_03,1,20,Sunny,23.2,Apparel,107.94,154.53,202,92,8
2026-06-26,SKU_020,4,STORE_03,1,20,Sunny,23.2,Apparel,91.87,157.08,203,69,8
2026-06-27,SKU_001,16,STORE_03,0,0,Clear,26.7,Groceries,89.11,173.34,225,59,3
2026-06-27,SKU_002,28,STORE_01,0,0,Clear,26.7,Groceries,93.67,139.52,92,48,10
2026-06-27,SKU_003,10,STORE_02,0,0,Clear,26.7,Apparel,76.77,144.31,39,57,13
2026-06-27,SKU_004,16,STORE_02,0,0,Clear,26.7,Apparel,50.71,93.58,178,31,14
2026-06-27,SKU_005,39,STORE_02,0,0,Clear,26.7,Home & Kitchen,144.78,283.08,13,91,9
2026-06-27,SKU_006,18,STORE_01,0,0,Clear,26.7,Home & Kitchen,34.27,61.62,116,37,13
2026-06-27,SKU_007,13,STORE_01,0,0,Clear,26.7,Groceries,63.35,111.77,59,50,13
2026-06-27,SKU_008,32,STORE_01,0,0,Clear,26.7,Apparel,77.29,104.6,103,100,13
2026-06-27,SKU_009,6,STORE_03,0,0,Clear,26.7,Electronics,13.65,22.2,97,26,5
2026-06-27,SKU_010,30,STORE_02,0,0,Clear,26.7,Apparel,54.66,105.41,220,66,9
2026-06-27,SKU_011,31,STORE_03,0,0,Clear,26.7,Home & Kitchen,41.13,78.19,257,73,13
2026-06-27,SKU_012,0,STORE_01,0,0,Clear,26.7,Home & Kitchen,138.43,215.85,73,53,5
2026-06-27,SKU_013,19,STORE_01,0,0,Clear,26.7,Groceries,63.38,95.43,292,53,8
2026-06-27,SKU_014,2,STORE_02,0,0,Clear,26.7,Groceries,114.03,157.27,120,69,7
2026-06-27,SKU_015,36,STORE_02,0,0,Clear,26.7,Home & Kitchen,28.9,40.43,190,49,3
2026-06-27,SKU_016,24,STORE_02,0,0,Clear,26.7,Home & Kitchen,66.47,120.94,211,98,3
2026-06-27,SKU_017,30,STORE_03,0,0,Clear,26.7,Electronics,97.91,176.78,209,72,3
2026-06-27,SKU_018,67,STORE_03,0,0,Clear,26.7,Groceries,129.16,218.5,226,56,14
2026-06-27,SKU_019,17,STORE_02,0,0,Clear,26.7,Apparel,107.94,154.53,202,92,8
2026-06-27,SKU_020,33,STORE_01,0,0,Clear,26.7,Apparel,91.87,157.08,203,69,8
2026-06-28,SKU_001,31,STORE_02,0,0,Sunny,32.5,Groceries,89.11,173.34,225,59,3
2026-06-28,SKU_002,21,STORE_02,0,0,Sunny,32.5,Groceries,93.67,139.52,92,48,10
2026-06-28,SKU_003,23,STORE_03,0,0,Sunny,32.5,Apparel,76.77,144.31,39,57,13
2026-06-28,SKU_004,18,STORE_02,0,0,Sunny,32.5,Apparel,50.71,93.58,178,31,14
2026-06-28,SKU_005,12,STORE_03,0,0,Sunny,32.5,Home & Kitchen,144.78,283.08,13,91,9
2026-06-28,SKU_006,31,STORE_02,0,0,Sunny,32.5,Home & Kitchen,34.27,61.62,116,37,13
2026-06-28,SKU_007,36,STORE_03,0,0,Sunny,32.5,Groceries,63.35,111.77,59,50,13
2026-06-28,SKU_008,28,STORE_03,0,0,Sunny,32.5,Apparel,77.29,104.6,103,100,13
2026-06-28,SKU_009,9,STORE_01,0,0,Sunny,32.5,Electronics,13.65,22.2,97,26,5
2026-06-28,SKU_010,59,STORE_03,0,0,Sunny,32.5,Apparel,54.66,105.41,220,66,9
2026-06-28,SKU_011,5,STORE_02,0,0,Sunny,32.5,Home & Kitchen,41.13,78.19,257,73,13
2026-06-28,SKU_012,10,STORE_03,0,0,Sunny,32.5,Home & Kitchen,138.43,215.85,73,53,5
2026-06-28,SKU_013,18,STORE_03,0,0,Sunny,32.5,Groceries,63.38,95.43,292,53,8
2026-06-28,SKU_014,10,STORE_02,0,0,Sunny,32.5,Groceries,114.03,157.27,120,69,7
2026-06-28,SKU_015,36,STORE_01,0,0,Sunny,32.5,Home & Kitchen,28.9,40.43,190,49,3
2026-06-28,SKU_016,24,STORE_01,0,0,Sunny,32.5,Home & Kitchen,66.47,120.94,211,98,3
2026-06-28,SKU_017,35,STORE_03,0,0,Sunny,32.5,Electronics,97.91,176.78,209,72,3
2026-06-28,SKU_018,32,STORE_02,0,0,Sunny,32.5,Groceries,129.16,218.5,226,56,14
2026-06-28,SKU_019,32,STORE_03,0,0,Sunny,32.5,Apparel,107.94,154.53,202,92,8
2026-06-28,SKU_020,30,STORE_03,0,0,Sunny,32.5,Apparel,91.87,157.08,203,69,8
2026-06-29,SKU_001,16,STORE_03,1,30,Clear,27.9,Groceries,89.11,173.34,225,59,3
2026-06-29,SKU_002,11,STORE_02,1,30,Clear,27.9,Groceries,93.67,139.52,92,48,10
2026-06-29,SKU_003,19,STORE_01,1,30,Clear,27.9,Apparel,76.77,144.31,39,57,13
2026-06-29,SKU_004,19,STORE_01,1,30,Clear,27.9,Apparel,50.71,93.58,178,31,14
2026-06-29,SKU_005,82,STORE_01,1,30,Clear,27.9,Home & Kitchen,144.78,283.08,13,91,9
2026-06-29,SKU_006,27,STORE_01,1,30,Clear,27.9,Home & Kitchen,34.27,61.62,116,37,13
2026-06-29,SKU_007,13,STORE_03,1,30,Clear,27.9,Groceries,63.35,111.77,59,50,13
2026-06-29,SKU_008,17,STORE_03,1,30,Clear,27.9,Apparel,77.29,104.6,103,100,13
2026-06-29,SKU_009,8,STORE_03,1,30,Clear,27.9,Electronics,13.65,22.2,97,26,5
2026-06-29,SKU_010,6,STORE_01,1,30,Clear,27.9,Apparel,54.66,105.41,220,66,9
2026-06-29,SKU_011,20,STORE_02,1,30,Clear,27.9,Home & Kitchen,41.13,78.19,257,73,13
2026-06-29,SKU_012,27,STORE_02,1,30,Clear,27.9,Home & Kitchen,138.43,215.85,73,53,5
2026-06-29,SKU_013,2,STORE_02,1,30,Clear,27.9,Groceries,63.38,95.43,292,53,8
2026-06-29,SKU_014,31,STORE_02,1,30,Clear,27.9,Groceries,114.03,157.27,120,69,7
2026-06-29,SKU_015,24,STORE_01,1,30,Clear,27.9,Home & Kitchen,28.9,40.43,190,49,3
2026-06-29,SKU_016,26,STORE_02,1,30,Clear,27.9,Home & Kitchen,66.47,120.94,211,98,3
2026-06-29,SKU_017,29,STORE_02,1,30,Clear,27.9,Electronics,97.91,176.78,209,72,3
2026-06-29,SKU_018,23,STORE_03,1,30,Clear,27.9,Groceries,129.16,218.5,226,56,14
2026-06-29,SKU_019,5,STORE_03,1,30,Clear,27.9,Apparel,107.94,154.53,202,92,8
2026-06-29,SKU_020,6,STORE_03,1,30,Clear,27.9,Apparel,91.87,157.08,203,69,8
2026-06-30,SKU_001,23,STORE_02,0,0,Rainy,15.1,Groceries,89.11,173.34,225,59,3
2026-06-30,SKU_002,2,STORE_02,0,0,Rainy,15.1,Groceries,93.67,139.52,92,48,10
2026-06-30,SKU_003,15,STORE_02,0,0,Rainy,15.1,Apparel,76.77,144.31,39,57,13
2026-06-30,SKU_004,20,STORE_03,0,0,Rainy,15.1,Apparel,50.71,93.58,178,31,14
2026-06-30,SKU_005,14,STORE_02,0,0,Rainy,15.1,Home & Kitchen,144.78,283.08,13,91,9
2026-06-30,SKU_006,19,STORE_01,0,0,Rainy,15.1,Home & Kitchen,34.27,61.62,116,37,13
2026-06-30,SKU_007,85,STORE_02,0,0,Rainy,15.1,Groceries,63.35,111.77,59,50,13
2026-06-30,SKU_008,17,STORE_01,0,0,Rainy,15.1,Apparel,77.29,104.6,103,100,13
2026-06-30,SKU_009,29,STORE_01,0,0,Rainy,15.1,Electronics,13.65,22.2,97,26,5
2026-06-30,SKU_010,71,STORE_02,0,0,Rainy,15.1,Apparel,54.66,105.41,220,66,9
2026-06-30,SKU_011,24,STORE_02,0,0,Rainy,15.1,Home & Kitchen,41.13,78.19,257,73,13
2026-06-30,SKU_012,21,STORE_01,0,0,Rainy,15.1,Home & Kitchen,138.43,215.85,73,53,5
2026-06-30,SKU_013,0,STORE_02,0,0,Rainy,15.1,Groceries,63.38,95.43,292,53,8
2026-06-30,SKU_014,13,STORE_03,0,0,Rainy,15.1,Groceries,114.03,157.27,120,69,7
2026-06-30,SKU_015,21,STORE_01,0,0,Rainy,15.1,Home & Kitchen,28.9,40.43,190,49,3
2026-06-30,SKU_016,19,STORE_03,0,0,Rainy,15.1,Home & Kitchen,66.47,120.94,211,98,3
2026-06-30,SKU_017,14,STORE_02,0,0,Rainy,15.1,Electronics,97.91,176.78,209,72,3
2026-06-30,SKU_018,19,STORE_02,0,0,Rainy,15.1,Groceries,129.16,218.5,226,56,14
2026-06-30,SKU_019,29,STORE_03,0,0,Rainy,15.1,Apparel,107.94,154.53,202,92,8
2026-06-30,SKU_020,25,STORE_02,0,0,Rainy,15.1,Apparel,91.87,157.08,203,69,8
2026-07-01,SKU_001,22,STORE_03,0,0,Sunny,15.7,Groceries,89.11,173.34,225,59,3
2026-07-01,SKU_002,8,STORE_02,0,0,Sunny,15.7,Groceries,93.67,139.52,92,48,10
2026-07-01,SKU_003,32,STORE_03,0,0,Sunny,15.7,Apparel,76.77,144.31,39,57,13
2026-07-01,SKU_004,22,STORE_02,0,0,Sunny,15.7,Apparel,50.71,93.58,178,31,14
2026-07-01,SKU_005,26,STORE_03,0,0,Sunny,15.7,Home & Kitchen,144.78,283.08,13,91,9
2026-07-01,SKU_006,18,STORE_01,0,0,Sunny,15.7,Home & Kitchen,34.27,61.62,116,37,13
2026-07-01,SKU_007,28,STORE_01,0,0,Sunny,15.7,Groceries,63.35,111.77,59,50,13
2026-07-01,SKU_008,9,STORE_01,0,0,Sunny,15.7,Apparel,77.29,104.6,103,100,13
2026-07-01,SKU_009,9,STORE_03,0,0,Sunny,15.7,Electronics,13.65,22.2,97,26,5
2026-07-01,SKU_010,10,STORE_02,0,0,Sunny,15.7,Apparel,54.66,105.41,220,66,9
2026-07-01,SKU_011,26,STORE_01,0,0,Sunny,15.7,Home & Kitchen,41.13,78.19,257,73,13
2026-07-01,SKU_012,24,STORE_03,0,0,Sunny,15.7,Home & Kitchen,138.43,215.85,73,53,5
2026-07-01,SKU_013,17,STORE_01,0,0,Sunny,15.7,Groceries,63.38,95.43,292,53,8
2026-07-01,SKU_014,13,STORE_01,0,0,Sunny,15.7,Groceries,114.03,157.27,120,69,7
2026-07-01,SKU_015,13,STORE_02,0,0,Sunny,15.7,Home & Kitchen,28.9,40.43,190,49,3
2026-07-01,SKU_016,87,STORE_02,0,0,Sunny,15.7,Home & Kitchen,66.47,120.94,211,98,3
2026-07-01,SKU_017,19,STORE_01,0,0,Sunny,15.7,Electronics,97.91,176.78,209,72,3
2026-07-01,SKU_018,25,STORE_01,0,0,Sunny,15.7,Groceries,129.16,218.5,226,56,14
2026-07-01,SKU_019,5,STORE_03,0,0,Sunny,15.7,Apparel,107.94,154.53,202,92,8
2026-07-01,SKU_020,16,STORE_01,0,0,Sunny,15.7,Apparel,91.87,157.08,203,69,8
2026-07-02,SKU_001,8,STORE_01,0,0,Stormy,15.3,Groceries,89.11,173.34,225,59,3
2026-07-02,SKU_002,25,STORE_01,0,0,Stormy,15.3,Groceries,93.67,139.52,92,48,10
2026-07-02,SKU_003,14,STORE_03,0,0,Stormy,15.3,Apparel,76.77,144.31,39,57,13
2026-07-02,SKU_004,7,STORE_01,0,0,Stormy,15.3,Apparel,50.71,93.58,178,31,14
2026-07-02,SKU_005,21,STORE_03,0,0,Stormy,15.3,Home & Kitchen,144.78,283.08,13,91,9
2026-07-02,SKU_006,16,STORE_03,0,0,Stormy,15.3,Home & Kitchen,34.27,61.62,116,37,13
2026-07-02,SKU_007,19,STORE_01,0,0,Stormy,15.3,Groceries,63.35,111.77,59,50,13
2026-07-02,SKU_008,24,STORE_02,0,0,Stormy,15.3,Apparel,77.29,104.6,103,100,13
2026-07-02,SKU_009,12,STORE_01,0,0,Stormy,15.3,Electronics,13.65,22.2,97,26,5
2026-07-02,SKU_010,19,STORE_03,0,0,Stormy,15.3,Apparel,54.66,105.41,220,66,9
2026-07-02,SKU_011,18,STORE_02,0,0,Stormy,15.3,Home & Kitchen,41.13,78.19,257,73,13
2026-07-02,SKU_012,30,STORE_01,0,0,Stormy,15.3,Home & Kitchen,138.43,215.85,73,53,5
2026-07-02,SKU_013,9,STORE_01,0,0,Stormy,15.3,Groceries,63.38,95.43,292,53,8
2026-07-02,SKU_014,25,STORE_01,0,0,Stormy,15.3,Groceries,114.03,157.27,120,69,7
2026-07-02,SKU_015,17,STORE_03,0,0,Stormy,15.3,Home & Kitchen,28.9,40.43,190,49,3
2026-07-02,SKU_016,11,STORE_02,0,0,Stormy,15.3,Home & Kitchen,66.47,120.94,211,98,3
2026-07-02,SKU_017,9,STORE_03,0,0,Stormy,15.3,Electronics,97.91,176.78,209,72,3
2026-07-02,SKU_018,17,STORE_03,0,0,Stormy,15.3,Groceries,129.16,218.5,226,56,14
2026-07-02,SKU_019,24,STORE_01,0,0,Stormy,15.3,Apparel,107.94,154.53,202,92,8
2026-07-02,SKU_020,27,STORE_01,0,0,Stormy,15.3,Apparel,91.87,157.08,203,69,8
2026-07-03,SKU_001,30,STORE_02,0,0,Sunny,18.8,Groceries,89.11,173.34,225,59,3
2026-07-03,SKU_002,23,STORE_01,0,0,Sunny,18.8,Groceries,93.67,139.52,92,48,10
2026-07-03,SKU_003,20,STORE_01,0,0,Sunny,18.8,Apparel,76.77,144.31,39,57,13
2026-07-03,SKU_004,31,STORE_03,0,0,Sunny,18.8,Apparel,50.71,93.58,178,31,14
2026-07-03,SKU_005,17,STORE_03,0,0,Sunny,18.8,Home & Kitchen,144.78,283.08,13,91,9
2026-07-03,SKU_006,11,STORE_03,0,0,Sunny,18.8,Home & Kitchen,34.27,61.62,116,37,13
2026-07-03,SKU_007,27,STORE_01,0,0,Sunny,18.8,Groceries,63.35,111.77,59,50,13
2026-07-03,SKU_008,0,STORE_02,0,0,Sunny,18.8,Apparel,77.29,104.6,103,100,13
2026-07-03,SKU_009,7,STORE_01,0,0,Sunny,18.8,Electronics,13.65,22.2,97,26,5
2026-07-03,SKU_010,28,STORE_02,0,0,Sunny,18.8,Apparel,54.66,105.41,220,66,9
2026-07-03,SKU_011,21,STORE_01,0,0,Sunny,18.8,Home & Kitchen,41.13,78.19,257,73,13
2026-07-03,SKU_012,7,STORE_03,0,0,Sunny,18.8,Home & Kitchen,138.43,215.85,73,53,5
2026-07-03,SKU_013,6,STORE_01,0,0,Sunny,18.8,Groceries,63.38,95.43,292,53,8
2026-07-03,SKU_014,16,STORE_02,0,0,Sunny,18.8,Groceries,114.03,157.27,120,69,7
2026-07-03,SKU_015,30,STORE_03,0,0,Sunny,18.8,Home & Kitchen,28.9,40.43,190,49,3
2026-07-03,SKU_016,10,STORE_03,0,0,Sunny,18.8,Home & Kitchen,66.47,120.94,211,98,3
2026-07-03,SKU_017,22,STORE_02,0,0,Sunny,18.8,Electronics,97.91,176.78,209,72,3
2026-07-03,SKU_018,13,STORE_01,0,0,Sunny,18.8,Groceries,129.16,218.5,226,56,14
2026-07-03,SKU_019,7,STORE_03,0,0,Sunny,18.8,Apparel,107.94,154.53,202,92,8
2026-07-03,SKU_020,14,STORE_01,0,0,Sunny,18.8,Apparel,91.87,157.08,203,69,8
2026-07-04,SKU_001,24,STORE_01,0,0,Stormy,22.1,Groceries,89.11,173.34,225,59,3
2026-07-04,SKU_002,35,STORE_01,0,0,Stormy,22.1,Groceries,93.67,139.52,92,48,10
2026-07-04,SKU_003,27,STORE_01,0,0,Stormy,22.1,Apparel,76.77,144.31,39,57,13
2026-07-04,SKU_004,33,STORE_03,0,0,Stormy,22.1,Apparel,50.71,93.58,178,31,14
2026-07-04,SKU_005,13,STORE_02,0,0,Stormy,22.1,Home & Kitchen,144.78,283.08,13,91,9
2026-07-04,SKU_006,26,STORE_01,0,0,Stormy,22.1,Home & Kitchen,34.27,61.62,116,37,13
2026-07-04,SKU_007,5,STORE_02,0,0,Stormy,22.1,Groceries,63.35,111.77,59,50,13
2026-07-04,SKU_008,31,STORE_03,0,0,Stormy,22.1,Apparel,77.29,104.6,103,100,13
2026-07-04,SKU_009,13,STORE_03,0,0,Stormy,22.1,Electronics,13.65,22.2,97,26,5
2026-07-04,SKU_010,37,STORE_02,0,0,Stormy,22.1,Apparel,54.66,105.41,220,66,9
2026-07-04,SKU_011,40,STORE_01,0,0,Stormy,22.1,Home & Kitchen,41.13,78.19,257,73,13
2026-07-04,SKU_012,13,STORE_02,0,0,Stormy,22.1,Home & Kitchen,138.43,215.85,73,53,5
2026-07-04,SKU_013,23,STORE_01,0,0,Stormy,22.1,Groceries,63.38,95.43,292,53,8
2026-07-04,SKU_014,30,STORE_03,0,0,Stormy,22.1,Groceries,114.03,157.27,120,69,7
2026-07-04,SKU_015,41,STORE_03,0,0,Stormy,22.1,Home & Kitchen,28.9,40.43,190,49,3
2026-07-04,SKU_016,13,STORE_01,0,0,Stormy,22.1,Home & Kitchen,66.47,120.94,211,98,3
2026-07-04,SKU_017,25,STORE_02,0,0,Stormy,22.1,Electronics,97.91,176.78,209,72,3
2026-07-04,SKU_018,20,STORE_01,0,0,Stormy,22.1,Groceries,129.16,218.5,226,56,14
2026-07-04,SKU_019,36,STORE_03,0,0,Stormy,22.1,Apparel,107.94,154.53,202,92,8
2026-07-04,SKU_020,11,STORE_01,0,0,Stormy,22.1,Apparel,91.87,157.08,203,69,8
2026-07-05,SKU_001,12,STORE_03,0,0,Sunny,31.5,Groceries,89.11,173.34,225,59,3
2026-07-05,SKU_002,11,STORE_02,0,0,Sunny,31.5,Groceries,93.67,139.52,92,48,10
2026-07-05,SKU_003,38,STORE_03,0,0,Sunny,31.5,Apparel,76.77,144.31,39,57,13
2026-07-05,SKU_004,14,STORE_03,0,0,Sunny,31.5,Apparel,50.71,93.58,178,31,14
2026-07-05,SKU_005,31,STORE_02,0,0,Sunny,31.5,Home & Kitchen,144.78,283.08,13,91,9
2026-07-05,SKU_006,23,STORE_01,0,0,Sunny,31.5,Home & Kitchen,34.27,61.62,116,37,13
2026-07-05,SKU_007,37,STORE_01,0,0,Sunny,31.5,Groceries,63.35,111.77,59,50,13
2026-07-05,SKU_008,24,STORE_01,0,0,Sunny,31.5,Apparel,77.29,104.6,103,100,13
2026-07-05,SKU_009,15,STORE_01,0,0,Sunny,31.5,Electronics,13.65,22.2,97,26,5
2026-07-05,SKU_010,31,STORE_02,0,0,Sunny,31.5,Apparel,54.66,105.41,220,66,9
2026-07-05,SKU_011,35,STORE_03,0,0,Sunny,31.5,Home & Kitchen,41.13,78.19,257,73,13
2026-07-05,SKU_012,15,STORE_01,0,0,Sunny,31.5,Home & Kitchen,138.43,215.85,73,53,5
2026-07-05,SKU_013,29,STORE_03,0,0,Sunny,31.5,Groceries,63.38,95.43,292,53,8
2026-07-05,SKU_014,22,STORE_01,0,0,Sunny,31.5,Groceries,114.03,157.27,120,69,7
2026-07-05,SKU_015,3,STORE_02,0,0,Sunny,31.5,Home & Kitchen,28.9,40.43,190,49,3
2026-07-05,SKU_016,26,STORE_02,0,0,Sunny,31.5,Home & Kitchen,66.47,120.94,211,98,3
2026-07-05,SKU_017,30,STORE_02,0,0,Sunny,31.5,Electronics,97.91,176.78,209,72,3
2026-07-05,SKU_018,25,STORE_02,0,0,Sunny,31.5,Groceries,129.16,218.5,226,56,14
2026-07-05,SKU_019,31,STORE_01,0,0,Sunny,31.5,Apparel,107.94,154.53,202,92,8
2026-07-05,SKU_020,28,STORE_03,0,0,Sunny,31.5,Apparel,91.87,157.08,203,69,8
2026-07-06,SKU_001,25,STORE_03,0,0,Clear,18.2,Groceries,89.11,173.34,225,59,3
2026-07-06,SKU_002,25,STORE_02,0,0,Clear,18.2,Groceries,93.67,139.52,92,48,10
2026-07-06,SKU_003,21,STORE_01,0,0,Clear,18.2,Apparel,76.77,144.31,39,57,13
2026-07-06,SKU_004,22,STORE_02,0,0,Clear,18.2,Apparel,50.71,93.58,178,31,14
2026-07-06,SKU_005,3,STORE_02,0,0,Clear,18.2,Home & Kitchen,144.78,283.08,13,91,9
2026-07-06,SKU_006,11,STORE_01,0,0,Clear,18.2,Home & Kitchen,34.27,61.62,116,37,13
2026-07-06,SKU_007,27,STORE_03,0,0,Clear,18.2,Groceries,63.35,111.77,59,50,13
2026-07-06,SKU_008,17,STORE_01,0,0,Clear,18.2,Apparel,77.29,104.6,103,100,13
2026-07-06,SKU_009,20,STORE_02,0,0,Clear,18.2,Electronics,13.65,22.2,97,26,5
2026-07-06,SKU_010,19,STORE_03,0,0,Clear,18.2,Apparel,54.66,105.41,220,66,9
2026-07-06,SKU_011,27,STORE_02,0,0,Clear,18.2,Home & Kitchen,41.13,78.19,257,73,13
2026-07-06,SKU_012,29,STORE_01,0,0,Clear,18.2,Home & Kitchen,138.43,215.85,73,53,5
2026-07-06,SKU_013,5,STORE_01,0,0,Clear,18.2,Groceries,63.38,95.43,292,53,8
2026-07-06,SKU_014,20,STORE_01,0,0,Clear,18.2,Groceries,114.03,157.27,120,69,7
2026-07-06,SKU_015,24,STORE_02,0,0,Clear,18.2,Home & Kitchen,28.9,40.43,190,49,3
2026-07-06,SKU_016,31,STORE_02,0,0,Clear,18.2,Home & Kitchen,66.47,120.94,211,98,3
2026-07-06,SKU_017,27,STORE_01,0,0,Clear,18.2,Electronics,97.91,176.78,209,72,3
2026-07-06,SKU_018,10,STORE_02,0,0,Clear,18.2,Groceries,129.16,218.5,226,56,14
2026-07-06,SKU_019,27,STORE_01,0,0,Clear,18.2,Apparel,107.94,154.53,202,92,8
2026-07-06,SKU_020,6,STORE_03,0,0,Clear,18.2,Apparel,91.87,157.08,203,69,8
2026-07-07,SKU_001,25,STORE_02,0,0,Stormy,21.6,Groceries,89.11,173.34,225,59,3
2026-07-07,SKU_002,3,STORE_02,0,0,Stormy,21.6,Groceries,93.67,139.52,92,48,10
2026-07-07,SKU_003,22,STORE_01,0,0,Stormy,21.6,Apparel,76.77,144.31,39,57,13
2026-07-07,SKU_004,18,STORE_02,0,0,Stormy,21.6,Apparel,50.71,93.58,178,31,14
2026-07-07,SKU_005,26,STORE_03,0,0,Stormy,21.6,Home & Kitchen,144.78,283.08,13,91,9
2026-07-07,SKU_006,31,STORE_01,0,0,Stormy,21.6,Home & Kitchen,34.27,61.62,116,37,13
2026-07-07,SKU_007,11,STORE_03,0,0,Stormy,21.6,Groceries,63.35,111.77,59,50,13
2026-07-07,SKU_008,28,STORE_02,0,0,Stormy,21.6,Apparel,77.29,104.6,103,100,13
2026-07-07,SKU_009,19,STORE_01,0,0,Stormy,21.6,Electronics,13.65,22.2,97,26,5
2026-07-07,SKU_010,89,STORE_03,0,0,Stormy,21.6,Apparel,54.66,105.41,220,66,9
2026-07-07,SKU_011,19,STORE_03,0,0,Stormy,21.6,Home & Kitchen,41.13,78.19,257,73,13
2026-07-07,SKU_012,3,STORE_01,0,0,Stormy,21.6,Home & Kitchen,138.43,215.85,73,53,5
2026-07-07,SKU_013,26,STORE_02,0,0,Stormy,21.6,Groceries,63.38,95.43,292,53,8
2026-07-07,SKU_014,18,STORE_02,0,0,Stormy,21.6,Groceries,114.03,157.27,120,69,7
2026-07-07,SKU_015,11,STORE_03,0,0,Stormy,21.6,Home & Kitchen,28.9,40.43,190,49,3
2026-07-07,SKU_016,30,STORE_01,0,0,Stormy,21.6,Home & Kitchen,66.47,120.94,211,98,3
2026-07-07,SKU_017,12,STORE_01,0,0,Stormy,21.6,Electronics,97.91,176.78,209,72,3
2026-07-07,SKU_018,22,STORE_02,0,0,Stormy,21.6,Groceries,129.16,218.5,226,56,14
2026-07-07,SKU_019,15,STORE_02,0,0,Stormy,21.6,Apparel,107.94,154.53,202,92,8
2026-07-07,SKU_020,25,STORE_01,0,0,Stormy,21.6,Apparel,91.87,157.08,203,69,8
2026-07-08,SKU_001,6,STORE_01,1,50,Stormy,18.6,Groceries,89.11,173.34,225,59,3
2026-07-08,SKU_002,21,STORE_01,1,50,Stormy,18.6,Groceries,93.67,139.52,92,48,10
2026-07-08,SKU_003,12,STORE_01,1,50,Stormy,18.6,Apparel,76.77,144.31,39,57,13
2026-07-08,SKU_004,6,STORE_01,1,50,Stormy,18.6,Apparel,50.71,93.58,178,31,14
2026-07-08,SKU_005,22,STORE_01,1,50,Stormy,18.6,Home & Kitchen,144.78,283.08,13,91,9
2026-07-08,SKU_006,19,STORE_03,1,50,Stormy,18.6,Home & Kitchen,34.27,61.62,116,37,13
2026-07-08,SKU_007,1,STORE_01,1,50,Stormy,18.6,Groceries,63.35,111.77,59,50,13
2026-07-08,SKU_008,15,STORE_02,1,50,Stormy,18.6,Apparel,77.29,104.6,103,100,13
2026-07-08,SKU_009,13,STORE_03,1,50,Stormy,18.6,Electronics,13.65,22.2,97,26,5
2026-07-08,SKU_010,26,STORE_03,1,50,Stormy,18.6,Apparel,54.66,105.41,220,66,9
2026-07-08,SKU_011,19,STORE_02,1,50,Stormy,18.6,Home & Kitchen,41.13,78.19,257,73,13
2026-07-08,SKU_012,32,STORE_03,1,50,Stormy,18.6,Home & Kitchen,138.43,215.85,73,53,5
2026-07-08,SKU_013,18,STORE_02,1,50,Stormy,18.6,Groceries,63.38,95.43,292,53,8
2026-07-08,SKU_014,19,STORE_01,1,50,Stormy,18.6,Groceries,114.03,157.27,120,69,7
2026-07-08,SKU_015,9,STORE_03,1,50,Stormy,18.6,Home & Kitchen,28.9,40.43,190,49,3
2026-07-08,SKU_016,21,STORE_02,1,50,Stormy,18.6,Home & Kitchen,66.47,120.94,211,98,3
2026-07-08,SKU_017,8,STORE_03,1,50,Stormy,18.6,Electronics,97.91,176.78,209,72,3
2026-07-08,SKU_018,71,STORE_03,1,50,Stormy,18.6,Groceries,129.16,218.5,226,56,14
2026-07-08,SKU_019,13,STORE_01,1,50,Stormy,18.6,Apparel,107.94,154.53,202,92,8
2026-07-08,SKU_020,24,STORE_02,1,50,Stormy,18.6,Apparel,91.87,157.08,203,69,8
2026-07-09,SKU_001,10,STORE_01,0,0,Clear,21.5,Groceries,89.11,173.34,225,59,3
2026-07-09,SKU_002,8,STORE_02,0,0,Clear,21.5,Groceries,93.67,139.52,92,48,10
2026-07-09,SKU_003,17,STORE_01,0,0,Clear,21.5,Apparel,76.77,144.31,39,57,13
2026-07-09,SKU_004,22,STORE_01,0,0,Clear,21.5,Apparel,50.71,93.58,178,31,14
2026-07-09,SKU_005,6,STORE_01,0,0,Clear,21.5,Home & Kitchen,144.78,283.08,13,91,9
2026-07-09,SKU_006,26,STORE_01,0,0,Clear,21.5,Home & Kitchen,34.27,61.62,116,37,13
2026-07-09,SKU_007,8,STORE_03,0,0,Clear,21.5,Groceries,63.35,111.77,59,50,13
2026-07-09,SKU_008,23,STORE_01,0,0,Clear,21.5,Apparel,77.29,104.6,103,100,13
2026-07-09,SKU_009,10,STORE_01,0,0,Clear,21.5,Electronics,13.65,22.2,97,26,5
2026-07-09,SKU_010,4,STORE_02,0,0,Clear,21.5,Apparel,54.66,105.41,220,66,9
2026-07-09,SKU_011,6,STORE_03,0,0,Clear,21.5,Home & Kitchen,41.13,78.19,257,73,13
2026-07-09,SKU_012,6,STORE_03,0,0,Clear,21.5,Home & Kitchen,138.43,215.85,73,53,5
2026-07-09,SKU_013,4,STORE_02,0,0,Clear,21.5,Groceries,63.38,95.43,292,53,8
2026-07-09,SKU_014,19,STORE_01,0,0,Clear,21.5,Groceries,114.03,157.27,120,69,7
2026-07-09,SKU_015,18,STORE_02,0,0,Clear,21.5,Home & Kitchen,28.9,40.43,190,49,3
2026-07-09,SKU_016,30,STORE_01,0,0,Clear,21.5,Home & Kitchen,66.47,120.94,211,98,3
2026-07-09,SKU_017,7,STORE_02,0,0,Clear,21.5,Electronics,97.91,176.78,209,72,3
2026-07-09,SKU_018,16,STORE_03,0,0,Clear,21.5,Groceries,129.16,218.5,226,56,14
2026-07-09,SKU_019,21,STORE_01,0,0,Clear,21.5,Apparel,107.94,154.53,202,92,8
2026-07-09,SKU_020,25,STORE_02,0,0,Clear,21.5,Apparel,91.87,157.08,203,69,8
2026-07-10,SKU_001,18,STORE_02,0,0,Stormy,17.8,Groceries,89.11,173.34,225,59,3
2026-07-10,SKU_002,10,STORE_01,0,0,Stormy,17.8,Groceries,93.67,139.52,92,48,10
2026-07-10,SKU_003,9,STORE_01,0,0,Stormy,17.8,Apparel,76.77,144.31,39,57,13
2026-07-10,SKU_004,18,STORE_03,0,0,Stormy,17.8,Apparel,50.71,93.58,178,31,14
2026-07-10,SKU_005,20,STORE_02,0,0,Stormy,17.8,Home & Kitchen,144.78,283.08,13,91,9
2026-07-10,SKU_006,16,STORE_02,0,0,Stormy,17.8,Home & Kitchen,34.27,61.62,116,37,13
2026-07-10,SKU_007,30,STORE_01,0,0,Stormy,17.8,Groceries,63.35,111.77,59,50,13
2026-07-10,SKU_008,24,STORE_02,0,0,Stormy,17.8,Apparel,77.29,104.6,103,100,13
2026-07-10,SKU_009,29,STORE_01,0,0,Stormy,17.8,Electronics,13.65,22.2,97,26,5
2026-07-10,SKU_010,11,STORE_02,0,0,Stormy,17.8,Apparel,54.66,105.41,220,66,9
2026-07-10,SKU_011,10,STORE_01,0,0,Stormy,17.8,Home & Kitchen,41.13,78.19,257,73,13
2026-07-10,SKU_012,26,STORE_01,0,0,Stormy,17.8,Home & Kitchen,138.43,215.85,73,53,5
2026-07-10,SKU_013,1,STORE_01,0,0,Stormy,17.8,Groceries,63.38,95.43,292,53,8
2026-07-10,SKU_014,21,STORE_01,0,0,Stormy,17.8,Groceries,114.03,157.27,120,69,7
2026-07-10,SKU_015,17,STORE_02,0,0,Stormy,17.8,Home & Kitchen,28.9,40.43,190,49,3
2026-07-10,SKU_016,10,STORE_01,0,0,Stormy,17.8,Home & Kitchen,66.47,120.94,211,98,3
2026-07-10,SKU_017,24,STORE_01,0,0,Stormy,17.8,Electronics,97.91,176.78,209,72,3
2026-07-10,SKU_018,13,STORE_02,0,0,Stormy,17.8,Groceries,129.16,218.5,226,56,14
2026-07-10,SKU_019,12,STORE_02,0,0,Stormy,17.8,Apparel,107.94,154.53,202,92,8
2026-07-10,SKU_020,20,STORE_03,0,0,Stormy,17.8,Apparel,91.87,157.08,203,69,8
2026-07-11,SKU_001,46,STORE_02,0,0,Clear,17.1,Groceries,89.11,173.34,225,59,3
2026-07-11,SKU_002,38,STORE_03,0,0,Clear,17.1,Groceries,93.67,139.52,92,48,10
2026-07-11,SKU_003,5,STORE_01,0,0,Clear,17.1,Apparel,76.77,144.31,39,57,13
2026-07-11,SKU_004,30,STORE_02,0,0,Clear,17.1,Apparel,50.71,93.58,178,31,14
2026-07-11,SKU_005,22,STORE_02,0,0,Clear,17.1,Home & Kitchen,144.78,283.08,13,91,9
2026-07-11,SKU_006,37,STORE_02,0,0,Clear,17.1,Home & Kitchen,34.27,61.62,116,37,13
2026-07-11,SKU_007,12,STORE_02,0,0,Clear,17.1,Groceries,63.35,111.77,59,50,13
2026-07-11,SKU_008,29,STORE_01,0,0,Clear,17.1,Apparel,77.29,104.6,103,100,13
2026-07-11,SKU_009,34,STORE_02,0,0,Clear,17.1,Electronics,13.65,22.2,97,26,5
2026-07-11,SKU_010,14,STORE_02,0,0,Clear,17.1,Apparel,54.66,105.41,220,66,9
2026-07-11,SKU_011,13,STORE_01,0,0,Clear,17.1,Home & Kitchen,41.13,78.19,257,73,13
2026-07-11,SKU_012,30,STORE_03,0,0,Clear,17.1,Home & Kitchen,138.43,215.85,73,53,5
2026-07-11,SKU_013,10,STORE_02,0,0,Clear,17.1,Groceries,63.38,95.43,292,53,8
2026-07-11,SKU_014,26,STORE_01,0,0,Clear,17.1,Groceries,114.03,157.27,120,69,7
2026-07-11,SKU_015,7,STORE_03,0,0,Clear,17.1,Home & Kitchen,28.9,40.43,190,49,3
2026-07-11,SKU_016,28,STORE_01,0,0,Clear,17.1,Home & Kitchen,66.47,120.94,211,98,3
2026-07-11,SKU_017,37,STORE_01,0,0,Clear,17.1,Electronics,97.91,176.78,209,72,3
2026-07-11,SKU_018,21,STORE_03,0,0,Clear,17.1,Groceries,129.16,218.5,226,56,14
2026-07-11,SKU_019,101,STORE_02,0,0,Clear,17.1,Apparel,107.94,154.53,202,92,8
2026-07-11,SKU_020,41,STORE_03,0,0,Clear,17.1,Apparel,91.87,157.08,203,69,8
2026-07-12,SKU_001,21,STORE_03,0,0,Rainy,28.4,Groceries,89.11,173.34,225,59,3
2026-07-12,SKU_002,27,STORE_03,0,0,Rainy,28.4,Groceries,93.67,139.52,92,48,10
2026-07-12,SKU_003,12,STORE_03,0,0,Rainy,28.4,Apparel,76.77,144.31,39,57,13
2026-07-12,SKU_004,9,STORE_02,0,0,Rainy,28.4,Apparel,50.71,93.58,178,31,14
2026-07-12,SKU_005,32,STORE_01,0,0,Rainy,28.4,Home & Kitchen,144.78,283.08,13,91,9
2026-07-12,SKU_006,20,STORE_02,0,0,Rainy,28.4,Home & Kitchen,34.27,61.62,116,37,13
2026-07-12,SKU_007,36,STORE_01,0,0,Rainy,28.4,Groceries,63.35,111.77,59,50,13
2026-07-12,SKU_008,33,STORE_01,0,0,Rainy,28.4,Apparel,77.29,104.6,103,100,13
2026-07-12,SKU_009,9,STORE_03,0,0,Rainy,28.4,Electronics,13.65,22.2,97,26,5
2026-07-12,SKU_010,20,STORE_03,0,0,Rainy,28.4,Apparel,54.66,105.41,220,66,9
2026-07-12,SKU_011,11,STORE_01,0,0,Rainy,28.4,Home & Kitchen,41.13,78.19,257,73,13
2026-07-12,SKU_012,28,STORE_03,0,0,Rainy,28.4,Home & Kitchen,138.43,215.85,73,53,5
2026-07-12,SKU_013,34,STORE_02,0,0,Rainy,28.4,Groceries,63.38,95.43,292,53,8
2026-07-12,SKU_014,20,STORE_03,0,0,Rainy,28.4,Groceries,114.03,157.27,120,69,7
2026-07-12,SKU_015,13,STORE_02,0,0,Rainy,28.4,Home & Kitchen,28.9,40.43,190,49,3
2026-07-12,SKU_016,8,STORE_03,0,0,Rainy,28.4,Home & Kitchen,66.47,120.94,211,98,3
2026-07-12,SKU_017,17,STORE_03,0,0,Rainy,28.4,Electronics,97.91,176.78,209,72,3
2026-07-12,SKU_018,5,STORE_01,0,0,Rainy,28.4,Groceries,129.16,218.5,226,56,14
2026-07-12,SKU_019,23,STORE_01,0,0,Rainy,28.4,Apparel,107.94,154.53,202,92,8
2026-07-12,SKU_020,29,STORE_02,0,0,Rainy,28.4,Apparel,91.87,157.08,203,69,8
2026-07-13,SKU_001,17,STORE_01,0,0,Rainy,16.9,Groceries,89.11,173.34,225,59,3
2026-07-13,SKU_002,13,STORE_03,0,0,Rainy,16.9,Groceries,93.67,139.52,92,48,10
2026-07-13,SKU_003,8,STORE_01,0,0,Rainy,16.9,Apparel,76.77,144.31,39,57,13
2026-07-13,SKU_004,0,STORE_03,0,0,Rainy,16.9,Apparel,50.71,93.58,178,31,14
2026-07-13,SKU_005,30,STORE_03,0,0,Rainy,16.9,Home & Kitchen,144.78,283.08,13,91,9
2026-07-13,SKU_006,11,STORE_03,0,0,Rainy,16.9,Home & Kitchen,34.27,61.62,116,37,13
2026-07-13,SKU_007,24,STORE_03,0,0,Rainy,16.9,Groceries,63.35,111.77,59,50,13
2026-07-13,SKU_008,22,STORE_03,0,0,Rainy,16.9,Apparel,77.29,104.6,103,100,13
2026-07-13,SKU_009,8,STORE_02,0,0,Rainy,16.9,Electronics,13.65,22.2,97,26,5
2026-07-13,SKU_010,10,STORE_02,0,0,Rainy,16.9,Apparel,54.66,105.41,220,66,9
2026-07-13,SKU_011,28,STORE_02,0,0,Rainy,16.9,Home & Kitchen,41.13,78.19,257,73,13
2026-07-13,SKU_012,21,STORE_01,0,0,Rainy,16.9,Home & Kitchen,138.43,215.85,73,53,5
2026-07-13,SKU_013,15,STORE_03,0,0,Rainy,16.9,Groceries,63.38,95.43,292,53,8
2026-07-13,SKU_014,4,STORE_01,0,0,Rainy,16.9,Groceries,114.03,157.27,120,69,7
2026-07-13,SKU_015,21,STORE_03,0,0,Rainy,16.9,Home & Kitchen,28.9,40.43,190,49,3
2026-07-13,SKU_016,25,STORE_01,0,0,Rainy,16.9,Home & Kitchen,66.47,120.94,211,98,3
2026-07-13,SKU_017,10,STORE_02,0,0,Rainy,16.9,Electronics,97.91,176.78,209,72,3
2026-07-13,SKU_018,22,STORE_01,0,0,Rainy,16.9,Groceries,129.16,218.5,226,56,14
2026-07-13,SKU_019,3,STORE_01,0,0,Rainy,16.9,Apparel,107.94,154.53,202,92,8
2026-07-13,SKU_020,17,STORE_03,0,0,Rainy,16.9,Apparel,91.87,157.08,203,69,8
2026-07-14,SKU_001,21,STORE_01,0,0,Stormy,27.9,Groceries,89.11,173.34,225,59,3
2026-07-14,SKU_002,2,STORE_02,0,0,Stormy,27.9,Groceries,93.67,139.52,92,48,10
2026-07-14,SKU_003,27,STORE_02,0,0,Stormy,27.9,Apparel,76.77,144.31,39,57,13
2026-07-14,SKU_004,25,STORE_01,0,0,Stormy,27.9,Apparel,50.71,93.58,178,31,14
2026-07-14,SKU_005,25,STORE_01,0,0,Stormy,27.9,Home & Kitchen,144.78,283.08,13,91,9
2026-07-14,SKU_006,21,STORE_01,0,0,Stormy,27.9,Home & Kitchen,34.27,61.62,116,37,13
2026-07-14,SKU_007,5,STORE_02,0,0,Stormy,27.9,Groceries,63.35,111.77,59,50,13
2026-07-14,SKU_008,15,STORE_02,0,0,Stormy,27.9,Apparel,77.29,104.6,103,100,13
2026-07-14,SKU_009,2,STORE_01,0,0,Stormy,27.9,Electronics,13.65,22.2,97,26,5
2026-07-14,SKU_010,8,STORE_01,0,0,Stormy,27.9,Apparel,54.66,105.41,220,66,9
2026-07-14,SKU_011,7,STORE_01,0,0,Stormy,27.9,Home & Kitchen,41.13,78.19,257,73,13
2026-07-14,SKU_012,8,STORE_02,0,0,Stormy,27.9,Home & Kitchen,138.43,215.85,73,53,5
2026-07-14,SKU_013,10,STORE_03,0,0,Stormy,27.9,Groceries,63.38,95.43,292,53,8
2026-07-14,SKU_014,32,STORE_03,0,0,Stormy,27.9,Groceries,114.03,157.27,120,69,7
2026-07-14,SKU_015,9,STORE_01,0,0,Stormy,27.9,Home & Kitchen,28.9,40.43,190,49,3
2026-07-14,SKU_016,27,STORE_01,0,0,Stormy,27.9,Home & Kitchen,66.47,120.94,211,98,3
2026-07-14,SKU_017,17,STORE_01,0,0,Stormy,27.9,Electronics,97.91,176.78,209,72,3
2026-07-14,SKU_018,33,STORE_03,0,0,Stormy,27.9,Groceries,129.16,218.5,226,56,14
2026-07-14,SKU_019,21,STORE_02,0,0,Stormy,27.9,Apparel,107.94,154.53,202,92,8
2026-07-14,SKU_020,19,STORE_02,0,0,Stormy,27.9,Apparel,91.87,157.08,203,69,8
2026-07-15,SKU_001,29,STORE_03,1,20,Stormy,32.6,Groceries,89.11,173.34,225,59,3
2026-07-15,SKU_002,11,STORE_01,1,20,Stormy,32.6,Groceries,93.67,139.52,92,48,10
2026-07-15,SKU_003,14,STORE_02,1,20,Stormy,32.6,Apparel,76.77,144.31,39,57,13
2026-07-15,SKU_004,23,STORE_01,1,20,Stormy,32.6,Apparel,50.71,93.58,178,31,14
2026-07-15,SKU_005,14,STORE_02,1,20,Stormy,32.6,Home & Kitchen,144.78,283.08,13,91,9
2026-07-15,SKU_006,23,STORE_02,1,20,Stormy,32.6,Home & Kitchen,34.27,61.62,116,37,13
2026-07-15,SKU_007,21,STORE_03,1,20,Stormy,32.6,Groceries,63.35,111.77,59,50,13
2026-07-15,SKU_008,26,STORE_02,1,20,Stormy,32.6,Apparel,77.29,104.6,103,100,13
2026-07-15,SKU_009,18,STORE_01,1,20,Stormy,32.6,Electronics,13.65,22.2,97,26,5
2026-07-15,SKU_010,10,STORE_01,1,20,Stormy,32.6,Apparel,54.66,105.41,220,66,9
2026-07-15,SKU_011,10,STORE_01,1,20,Stormy,32.6,Home & Kitchen,41.13,78.19,257,73,13
2026-07-15,SKU_012,20,STORE_02,1,20,Stormy,32.6,Home & Kitchen,138.43,215.85,73,53,5
2026-07-15,SKU_013,26,STORE_03,1,20,Stormy,32.6,Groceries,63.38,95.43,292,53,8
2026-07-15,SKU_014,24,STORE_02,1,20,Stormy,32.6,Groceries,114.03,157.27,120,69,7
2026-07-15,SKU_015,17,STORE_03,1,20,Stormy,32.6,Home & Kitchen,28.9,40.43,190,49,3
2026-07-15,SKU_016,4,STORE_01,1,20,Stormy,32.6,Home & Kitchen,66.47,120.94,211,98,3
2026-07-15,SKU_017,24,STORE_01,1,20,Stormy,32.6,Electronics,97.91,176.78,209,72,3
2026-07-15,SKU_018,30,STORE_01,1,20,Stormy,32.6,Groceries,129.16,218.5,226,56,14
2026-07-15,SKU_019,20,STORE_01,1,20,Stormy,32.6,Apparel,107.94,154.53,202,92,8
2026-07-15,SKU_020,25,STORE_01,1,20,Stormy,32.6,Apparel,91.87,157.08,203,69,8
2026-07-16,SKU_001,1,STORE_03,0,0,Sunny,31.5,Groceries,89.11,173.34,225,59,3
2026-07-16,SKU_002,23,STORE_02,0,0,Sunny,31.5,Groceries,93.67,139.52,92,48,10
2026-07-16,SKU_003,28,STORE_01,0,0,Sunny,31.5,Apparel,76.77,144.31,39,57,13
2026-07-16,SKU_004,2,STORE_01,0,0,Sunny,31.5,Apparel,50.71,93.58,178,31,14
2026-07-16,SKU_005,7,STORE_01,0,0,Sunny,31.5,Home & Kitchen,144.78,283.08,13,91,9
2026-07-16,SKU_006,12,STORE_03,0,0,Sunny,31.5,Home & Kitchen,34.27,61.62,116,37,13
2026-07-16,SKU_007,28,STORE_01,0,0,Sunny,31.5,Groceries,63.35,111.77,59,50,13
2026-07-16,SKU_008,11,STORE_02,0,0,Sunny,31.5,Apparel,77.29,104.6,103,100,13
2026-07-16,SKU_009,15,STORE_02,0,0,Sunny,31.5,Electronics,13.65,22.2,97,26,5
2026-07-16,SKU_010,23,STORE_03,0,0,Sunny,31.5,Apparel,54.66,105.41,220,66,9
2026-07-16,SKU_011,14,STORE_01,0,0,Sunny,31.5,Home & Kitchen,41.13,78.19,257,73,13
2026-07-16,SKU_012,20,STORE_02,0,0,Sunny,31.5,Home & Kitchen,138.43,215.85,73,53,5
2026-07-16,SKU_013,10,STORE_03,0,0,Sunny,31.5,Groceries,63.38,95.43,292,53,8
2026-07-16,SKU_014,28,STORE_01,0,0,Sunny,31.5,Groceries,114.03,157.27,120,69,7
2026-07-16,SKU_015,26,STORE_01,0,0,Sunny,31.5,Home & Kitchen,28.9,40.43,190,49,3
2026-07-16,SKU_016,26,STORE_02,0,0,Sunny,31.5,Home & Kitchen,66.47,120.94,211,98,3
2026-07-16,SKU_017,29,STORE_02,0,0,Sunny,31.5,Electronics,97.91,176.78,209,72,3
2026-07-16,SKU_018,19,STORE_03,0,0,Sunny,31.5,Groceries,129.16,218.5,226,56,14
2026-07-16,SKU_019,24,STORE_02,0,0,Sunny,31.5,Apparel,107.94,154.53,202,92,8
2026-07-16,SKU_020,15,STORE_03,0,0,Sunny,31.5,Apparel,91.87,157.08,203,69,8
2026-07-17,SKU_001,16,STORE_01,0,0,Stormy,24.8,Groceries,89.11,173.34,225,59,3
2026-07-17,SKU_002,5,STORE_03,0,0,Stormy,24.8,Groceries,93.67,139.52,92,48,10
2026-07-17,SKU_003,89,STORE_02,0,0,Stormy,24.8,Apparel,76.77,144.31,39,57,13
2026-07-17,SKU_004,23,STORE_03,0,0,Stormy,24.8,Apparel,50.71,93.58,178,31,14
2026-07-17,SKU_005,8,STORE_03,0,0,Stormy,24.8,Home & Kitchen,144.78,283.08,13,91,9
2026-07-17,SKU_006,23,STORE_02,0,0,Stormy,24.8,Home & Kitchen,34.27,61.62,116,37,13
2026-07-17,SKU_007,27,STORE_01,0,0,Stormy,24.8,Groceries,63.35,111.77,59,50,13
2026-07-17,SKU_008,18,STORE_03,0,0,Stormy,24.8,Apparel,77.29,104.6,103,100,13
2026-07-17,SKU_009,22,STORE_02,0,0,Stormy,24.8,Electronics,13.65,22.2,97,26,5
2026-07-17,SKU_010,8,STORE_03,0,0,Stormy,24.8,Apparel,54.66,105.41,220,66,9
2026-07-17,SKU_011,16,STORE_02,0,0,Stormy,24.8,Home & Kitchen,41.13,78.19,257,73,13
2026-07-17,SKU_012,15,STORE_02,0,0,Stormy,24.8,Home & Kitchen,138.43,215.85,73,53,5
2026-07-17,SKU_013,22,STORE_03,0,0,Stormy,24.8,Groceries,63.38,95.43,292,53,8
2026-07-17,SKU_014,23,STORE_01,0,0,Stormy,24.8,Groceries,114.03,157.27,120,69,7
2026-07-17,SKU_015,4,STORE_01,0,0,Stormy,24.8,Home & Kitchen,28.9,40.43,190,49,3
2026-07-17,SKU_016,16,STORE_01,0,0,Stormy,24.8,Home & Kitchen,66.47,120.94,211,98,3
2026-07-17,SKU_017,16,STORE_02,0,0,Stormy,24.8,Electronics,97.91,176.78,209,72,3
2026-07-17,SKU_018,11,STORE_03,0,0,Stormy,24.8,Groceries,129.16,218.5,226,56,14
2026-07-17,SKU_019,7,STORE_01,0,0,Stormy,24.8,Apparel,107.94,154.53,202,92,8
2026-07-17,SKU_020,15,STORE_01,0,0,Stormy,24.8,Apparel,91.87,157.08,203,69,8
2026-07-18,SKU_001,21,STORE_02,1,50,Clear,34.0,Groceries,89.11,173.34,225,59,3
2026-07-18,SKU_002,30,STORE_01,1,50,Clear,34.0,Groceries,93.67,139.52,92,48,10
2026-07-18,SKU_003,28,STORE_02,1,50,Clear,34.0,Apparel,76.77,144.31,39,57,13
2026-07-18,SKU_004,40,STORE_02,1,50,Clear,34.0,Apparel,50.71,93.58,178,31,14
2026-07-18,SKU_005,6,STORE_02,1,50,Clear,34.0,Home & Kitchen,144.78,283.08,13,91,9
2026-07-18,SKU_006,50,STORE_02,1,50,Clear,34.0,Home & Kitchen,34.27,61.62,116,37,13
2026-07-18,SKU_007,13,STORE_03,1,50,Clear,34.0,Groceries,63.35,111.77,59,50,13
2026-07-18,SKU_008,27,STORE_03,1,50,Clear,34.0,Apparel,77.29,104.6,103,100,13
2026-07-18,SKU_009,24,STORE_03,1,50,Clear,34.0,Electronics,13.65,22.2,97,26,5
2026-07-18,SKU_010,35,STORE_03,1,50,Clear,34.0,Apparel,54.66,105.41,220,66,9
2026-07-18,SKU_011,14,STORE_03,1,50,Clear,34.0,Home & Kitchen,41.13,78.19,257,73,13
2026-07-18,SKU_012,126,STORE_02,1,50,Clear,34.0,Home & Kitchen,138.43,215.85,73,53,5
2026-07-18,SKU_013,7,STORE_01,1,50,Clear,34.0,Groceries,63.38,95.43,292,53,8
2026-07-18,SKU_014,9,STORE_03,1,50,Clear,34.0,Groceries,114.03,157.27,120,69,7
2026-07-18,SKU_015,11,STORE_01,1,50,Clear,34.0,Home & Kitchen,28.9,40.43,190,49,3
2026-07-18,SKU_016,28,STORE_01,1,50,Clear,34.0,Home & Kitchen,66.47,120.94,211,98,3
2026-07-18,SKU_017,22,STORE_01,1,50,Clear,34.0,Electronics,97.91,176.78,209,72,3
2026-07-18,SKU_018,7,STORE_03,1,50,Clear,34.0,Groceries,129.16,218.5,226,56,14
2026-07-18,SKU_019,14,STORE_02,1,50,Clear,34.0,Apparel,107.94,154.53,202,92,8
2026-07-18,SKU_020,9,STORE_01,1,50,Clear,34.0,Apparel,91.87,157.08,203,69,8
2026-07-19,SKU_001,11,STORE_01,0,0,Stormy,22.2,Groceries,89.11,173.34,225,59,3
2026-07-19,SKU_002,28,STORE_01,0,0,Stormy,22.2,Groceries,93.67,139.52,92,48,10
2026-07-19,SKU_003,12,STORE_01,0,0,Stormy,22.2,Apparel,76.77,144.31,39,57,13
2026-07-19,SKU_004,64,STORE_01,0,0,Stormy,22.2,Apparel,50.71,93.58,178,31,14
2026-07-19,SKU_005,26,STORE_01,0,0,Stormy,22.2,Home & Kitchen,144.78,283.08,13,91,9
2026-07-19,SKU_006,10,STORE_03,0,0,Stormy,22.2,Home & Kitchen,34.27,61.62,116,37,13
2026-07-19,SKU_007,9,STORE_02,0,0,Stormy,22.2,Groceries,63.35,111.77,59,50,13
2026-07-19,SKU_008,19,STORE_02,0,0,Stormy,22.2,Apparel,77.29,104.6,103,100,13
2026-07-19,SKU_009,17,STORE_02,0,0,Stormy,22.2,Electronics,13.65,22.2,97,26,5
2026-07-19,SKU_010,29,STORE_01,0,0,Stormy,22.2,Apparel,54.66,105.41,220,66,9
2026-07-19,SKU_011,30,STORE_01,0,0,Stormy,22.2,Home & Kitchen,41.13,78.19,257,73,13
2026-07-19,SKU_012,11,STORE_02,0,0,Stormy,22.2,Home & Kitchen,138.43,215.85,73,53,5
2026-07-19,SKU_013,14,STORE_01,0,0,Stormy,22.2,Groceries,63.38,95.43,292,53,8
2026-07-19,SKU_014,13,STORE_01,0,0,Stormy,22.2,Groceries,114.03,157.27,120,69,7
2026-07-19,SKU_015,12,STORE_03,0,0,Stormy,22.2,Home & Kitchen,28.9,40.43,190,49,3
2026-07-19,SKU_016,32,STORE_02,0,0,Stormy,22.2,Home & Kitchen,66.47,120.94,211,98,3
2026-07-19,SKU_017,30,STORE_01,0,0,Stormy,22.2,Electronics,97.91,176.78,209,72,3
2026-07-19,SKU_018,14,STORE_03,0,0,Stormy,22.2,Groceries,129.16,218.5,226,56,14
2026-07-19,SKU_019,4,STORE_03,0,0,Stormy,22.2,Apparel,107.94,154.53,202,92,8
2026-07-19,SKU_020,15,STORE_02,0,0,Stormy,22.2,Apparel,91.87,157.08,203,69,8
2026-07-20,SKU_001,11,STORE_01,0,0,Rainy,34.7,Groceries,89.11,173.34,225,59,3
2026-07-20,SKU_002,27,STORE_03,0,0,Rainy,34.7,Groceries,93.67,139.52,92,48,10
2026-07-20,SKU_003,18,STORE_03,0,0,Rainy,34.7,Apparel,76.77,144.31,39,57,13
2026-07-20,SKU_004,26,STORE_03,0,0,Rainy,34.7,Apparel,50.71,93.58,178,31,14
2026-07-20,SKU_005,22,STORE_01,0,0,Rainy,34.7,Home & Kitchen,144.78,283.08,13,91,9
2026-07-20,SKU_006,16,STORE_03,0,0,Rainy,34.7,Home & Kitchen,34.27,61.62,116,37,13
2026-07-20,SKU_007,31,STORE_03,0,0,Rainy,34.7,Groceries,63.35,111.77,59,50,13
2026-07-20,SKU_008,10,STORE_03,0,0,Rainy,34.7,Apparel,77.29,104.6,103,100,13
2026-07-20,SKU_009,27,STORE_02,0,0,Rainy,34.7,Electronics,13.65,22.2,97,26,5
2026-07-20,SKU_010,27,STORE_01,0,0,Rainy,34.7,Apparel,54.66,105.41,220,66,9
2026-07-20,SKU_011,6,STORE_02,0,0,Rainy,34.7,Home & Kitchen,41.13,78.19,257,73,13
2026-07-20,SKU_012,26,STORE_03,0,0,Rainy,34.7,Home & Kitchen,138.43,215.85,73,53,5
2026-07-20,SKU_013,27,STORE_02,0,0,Rainy,34.7,Groceries,63.38,95.43,292,53,8
2026-07-20,SKU_014,30,STORE_01,0,0,Rainy,34.7,Groceries,114.03,157.27,120,69,7
2026-07-20,SKU_015,5,STORE_02,0,0,Rainy,34.7,Home & Kitchen,28.9,40.43,190,49,3
2026-07-20,SKU_016,4,STORE_03,0,0,Rainy,34.7,Home & Kitchen,66.47,120.94,211,98,3
2026-07-20,SKU_017,10,STORE_01,0,0,Rainy,34.7,Electronics,97.91,176.78,209,72,3
2026-07-20,SKU_018,19,STORE_02,0,0,Rainy,34.7,Groceries,129.16,218.5,226,56,14
2026-07-20,SKU_019,13,STORE_03,0,0,Rainy,34.7,Apparel,107.94,154.53,202,92,8
2026-07-20,SKU_020,23,STORE_02,0,0,Rainy,34.7,Apparel,91.87,157.08,203,69,8
2026-07-21,SKU_001,15,STORE_03,0,0,Sunny,18.9,Groceries,89.11,173.34,225,59,3
2026-07-21,SKU_002,5,STORE_01,0,0,Sunny,18.9,Groceries,93.67,139.52,92,48,10
2026-07-21,SKU_003,72,STORE_03,0,0,Sunny,18.9,Apparel,76.77,144.31,39,57,13
2026-07-21,SKU_004,8,STORE_01,0,0,Sunny,18.9,Apparel,50.71,93.58,178,31,14
2026-07-21,SKU_005,22,STORE_02,0,0,Sunny,18.9,Home & Kitchen,144.78,283.08,13,91,9
2026-07-21,SKU_006,3,STORE_02,0,0,Sunny,18.9,Home & Kitchen,34.27,61.62,116,37,13
2026-07-21,SKU_007,29,STORE_01,0,0,Sunny,18.9,Groceries,63.35,111.77,59,50,13
2026-07-21,SKU_008,24,STORE_01,0,0,Sunny,18.9,Apparel,77.29,104.6,103,100,13
2026-07-21,SKU_009,7,STORE_01,0,0,Sunny,18.9,Electronics,13.65,22.2,97,26,5
2026-07-21,SKU_010,12,STORE_03,0,0,Sunny,18.9,Apparel,54.66,105.41,220,66,9
2026-07-21,SKU_011,22,STORE_02,0,0,Sunny,18.9,Home & Kitchen,41.13,78.19,257,73,13
2026-07-21,SKU_012,10,STORE_03,0,0,Sunny,18.9,Home & Kitchen,138.43,215.85,73,53,5
2026-07-21,SKU_013,9,STORE_02,0,0,Sunny,18.9,Groceries,63.38,95.43,292,53,8
2026-07-21,SKU_014,0,STORE_01,0,0,Sunny,18.9,Groceries,114.03,157.27,120,69,7
2026-07-21,SKU_015,9,STORE_01,0,0,Sunny,18.9,Home & Kitchen,28.9,40.43,190,49,3
2026-07-21,SKU_016,13,STORE_03,0,0,Sunny,18.9,Home & Kitchen,66.47,120.94,211,98,3
2026-07-21,SKU_017,18,STORE_03,0,0,Sunny,18.9,Electronics,97.91,176.78,209,72,3
2026-07-21,SKU_018,7,STORE_01,0,0,Sunny,18.9,Groceries,129.16,218.5,226,56,14
2026-07-21,SKU_019,10,STORE_01,0,0,Sunny,18.9,Apparel,107.94,154.53,202,92,8
2026-07-21,SKU_020,28,STORE_02,0,0,Sunny,18.9,Apparel,91.87,157.08,203,69,8
2026-07-22,SKU_001,8,STORE_02,0,0,Clear,27.2,Groceries,89.11,173.34,225,59,3
2026-07-22,SKU_002,18,STORE_02,0,0,Clear,27.2,Groceries,93.67,139.52,92,48,10
2026-07-22,SKU_003,20,STORE_03,0,0,Clear,27.2,Apparel,76.77,144.31,39,57,13
2026-07-22,SKU_004,23,STORE_02,0,0,Clear,27.2,Apparel,50.71,93.58,178,31,14
2026-07-22,SKU_005,15,STORE_01,0,0,Clear,27.2,Home & Kitchen,144.78,283.08,13,91,9
2026-07-22,SKU_006,10,STORE_03,0,0,Clear,27.2,Home & Kitchen,34.27,61.62,116,37,13
2026-07-22,SKU_007,26,STORE_02,0,0,Clear,27.2,Groceries,63.35,111.77,59,50,13
2026-07-22,SKU_008,22,STORE_03,0,0,Clear,27.2,Apparel,77.29,104.6,103,100,13
2026-07-22,SKU_009,16,STORE_02,0,0,Clear,27.2,Electronics,13.65,22.2,97,26,5
2026-07-22,SKU_010,22,STORE_03,0,0,Clear,27.2,Apparel,54.66,105.41,220,66,9
2026-07-22,SKU_011,18,STORE_02,0,0,Clear,27.2,Home & Kitchen,41.13,78.19,257,73,13
2026-07-22,SKU_012,9,STORE_02,0,0,Clear,27.2,Home & Kitchen,138.43,215.85,73,53,5
2026-07-22,SKU_013,32,STORE_03,0,0,Clear,27.2,Groceries,63.38,95.43,292,53,8
2026-07-22,SKU_014,16,STORE_02,0,0,Clear,27.2,Groceries,114.03,157.27,120,69,7
2026-07-22,SKU_015,36,STORE_03,0,0,Clear,27.2,Home & Kitchen,28.9,40.43,190,49,3
2026-07-22,SKU_016,9,STORE_02,0,0,Clear,27.2,Home & Kitchen,66.47,120.94,211,98,3
2026-07-22,SKU_017,13,STORE_01,0,0,Clear,27.2,Electronics,97.91,176.78,209,72,3
2026-07-22,SKU_018,18,STORE_02,0,0,Clear,27.2,Groceries,129.16,218.5,226,56,14
2026-07-22,SKU_019,30,STORE_03,0,0,Clear,27.2,Apparel,107.94,154.53,202,92,8
2026-07-22,SKU_020,20,STORE_01,0,0,Clear,27.2,Apparel,91.87,157.08,203,69,8
2026-07-23,SKU_001,20,STORE_02,0,0,Clear,15.6,Groceries,89.11,173.34,225,59,3
2026-07-23,SKU_002,9,STORE_02,0,0,Clear,15.6,Groceries,93.67,139.52,92,48,10
2026-07-23,SKU_003,24,STORE_01,0,0,Clear,15.6,Apparel,76.77,144.31,39,57,13
2026-07-23,SKU_004,16,STORE_03,0,0,Clear,15.6,Apparel,50.71,93.58,178,31,14
2026-07-23,SKU_005,8,STORE_03,0,0,Clear,15.6,Home & Kitchen,144.78,283.08,13,91,9
2026-07-23,SKU_006,10,STORE_01,0,0,Clear,15.6,Home & Kitchen,34.27,61.62,116,37,13
2026-07-23,SKU_007,16,STORE_02,0,0,Clear,15.6,Groceries,63.35,111.77,59,50,13
2026-07-23,SKU_008,27,STORE_01,0,0,Clear,15.6,Apparel,77.29,104.6,103,100,13
2026-07-23,SKU_009,22,STORE_03,0,0,Clear,15.6,Electronics,13.65,22.2,97,26,5
2026-07-23,SKU_010,12,STORE_01,0,0,Clear,15.6,Apparel,54.66,105.41,220,66,9
2026-07-23,SKU_011,17,STORE_01,0,0,Clear,15.6,Home & Kitchen,41.13,78.19,257,73,13
2026-07-23,SKU_012,10,STORE_03,0,0,Clear,15.6,Home & Kitchen,138.43,215.85,73,53,5
2026-07-23,SKU_013,31,STORE_02,0,0,Clear,15.6,Groceries,63.38,95.43,292,53,8
2026-07-23,SKU_014,21,STORE_02,0,0,Clear,15.6,Groceries,114.03,157.27,120,69,7
2026-07-23,SKU_015,13,STORE_02,0,0,Clear,15.6,Home & Kitchen,28.9,40.43,190,49,3
2026-07-23,SKU_016,11,STORE_03,0,0,Clear,15.6,Home & Kitchen,66.47,120.94,211,98,3
2026-07-23,SKU_017,10,STORE_01,0,0,Clear,15.6,Electronics,97.91,176.78,209,72,3
2026-07-23,SKU_018,20,STORE_02,0,0,Clear,15.6,Groceries,129.16,218.5,226,56,14
2026-07-23,SKU_019,21,STORE_01,0,0,Clear,15.6,Apparel,107.94,154.53,202,92,8
2026-07-23,SKU_020,19,STORE_02,0,0,Clear,15.6,Apparel,91.87,157.08,203,69,8
2026-07-24,SKU_001,10,STORE_02,1,20,Stormy,16.1,Groceries,89.11,173.34,225,59,3
2026-07-24,SKU_002,26,STORE_02,1,20,Stormy,16.1,Groceries,93.67,139.52,92,48,10
2026-07-24,SKU_003,16,STORE_02,1,20,Stormy,16.1,Apparel,76.77,144.31,39,57,13
2026-07-24,SKU_004,28,STORE_02,1,20,Stormy,16.1,Apparel,50.71,93.58,178,31,14
2026-07-24,SKU_005,18,STORE_03,1,20,Stormy,16.1,Home & Kitchen,144.78,283.08,13,91,9
2026-07-24,SKU_006,21,STORE_02,1,20,Stormy,16.1,Home & Kitchen,34.27,61.62,116,37,13
2026-07-24,SKU_007,16,STORE_03,1,20,Stormy,16.1,Groceries,63.35,111.77,59,50,13
2026-07-24,SKU_008,12,STORE_02,1,20,Stormy,16.1,Apparel,77.29,104.6,103,100,13
2026-07-24,SKU_009,14,STORE_01,1,20,Stormy,16.1,Electronics,13.65,22.2,97,26,5
2026-07-24,SKU_010,14,STORE_02,1,20,Stormy,16.1,Apparel,54.66,105.41,220,66,9
2026-07-24,SKU_011,12,STORE_03,1,20,Stormy,16.1,Home & Kitchen,41.13,78.19,257,73,13
2026-07-24,SKU_012,25,STORE_02,1,20,Stormy,16.1,Home & Kitchen,138.43,215.85,73,53,5
2026-07-24,SKU_013,22,STORE_03,1,20,Stormy,16.1,Groceries,63.38,95.43,292,53,8
2026-07-24,SKU_014,8,STORE_03,1,20,Stormy,16.1,Groceries,114.03,157.27,120,69,7
2026-07-24,SKU_015,20,STORE_02,1,20,Stormy,16.1,Home & Kitchen,28.9,40.43,190,49,3
2026-07-24,SKU_016,21,STORE_01,1,20,Stormy,16.1,Home & Kitchen,66.47,120.94,211,98,3
2026-07-24,SKU_017,20,STORE_02,1,20,Stormy,16.1,Electronics,97.91,176.78,209,72,3
2026-07-24,SKU_018,15,STORE_02,1,20,Stormy,16.1,Groceries,129.16,218.5,226,56,14
2026-07-24,SKU_019,5,STORE_01,1,20,Stormy,16.1,Apparel,107.94,154.53,202,92,8
2026-07-24,SKU_020,20,STORE_03,1,20,Stormy,16.1,Apparel,91.87,157.08,203,69,8
2026-07-25,SKU_001,13,STORE_03,0,0,Sunny,15.5,Groceries,89.11,173.34,225,59,3
2026-07-25,SKU_002,18,STORE_03,0,0,Sunny,15.5,Groceries,93.67,139.52,92,48,10
2026-07-25,SKU_003,8,STORE_02,0,0,Sunny,15.5,Apparel,76.77,144.31,39,57,13
2026-07-25,SKU_004,7,STORE_02,0,0,Sunny,15.5,Apparel,50.71,93.58,178,31,14
2026-07-25,SKU_005,20,STORE_03,0,0,Sunny,15.5,Home & Kitchen,144.78,283.08,13,91,9
2026-07-25,SKU_006,18,STORE_01,0,0,Sunny,15.5,Home & Kitchen,34.27,61.62,116,37,13
2026-07-25,SKU_007,98,STORE_01,0,0,Sunny,15.5,Groceries,63.35,111.77,59,50,13
2026-07-25,SKU_008,2,STORE_01,0,0,Sunny,15.5,Apparel,77.29,104.6,103,100,13
2026-07-25,SKU_009,19,STORE_01,0,0,Sunny,15.5,Electronics,13.65,22.2,97,26,5
2026-07-25,SKU_010,23,STORE_02,0,0,Sunny,15.5,Apparel,54.66,105.41,220,66,9
2026-07-25,SKU_011,16,STORE_03,0,0,Sunny,15.5,Home & Kitchen,41.13,78.19,257,73,13
2026-07-25,SKU_012,20,STORE_02,0,0,Sunny,15.5,Home & Kitchen,138.43,215.85,73,53,5
2026-07-25,SKU_013,21,STORE_01,0,0,Sunny,15.5,Groceries,63.38,95.43,292,53,8
2026-07-25,SKU_014,10,STORE_02,0,0,Sunny,15.5,Groceries,114.03,157.27,120,69,7
2026-07-25,SKU_015,26,STORE_03,0,0,Sunny,15.5,Home & Kitchen,28.9,40.43,190,49,3
2026-07-25,SKU_016,8,STORE_02,0,0,Sunny,15.5,Home & Kitchen,66.47,120.94,211,98,3
2026-07-25,SKU_017,30,STORE_02,0,0,Sunny,15.5,Electronics,97.91,176.78,209,72,3
2026-07-25,SKU_018,20,STORE_03,0,0,Sunny,15.5,Groceries,129.16,218.5,226,56,14
2026-07-25,SKU_019,143,STORE_01,0,0,Sunny,15.5,Apparel,107.94,154.53,202,92,8
2026-07-25,SKU_020,25,STORE_03,0,0,Sunny,15.5,Apparel,91.87,157.08,203,69,8
2026-07-26,SKU_001,14,STORE_03,0,0,Sunny,22.5,Groceries,89.11,173.34,225,59,3
2026-07-26,SKU_002,30,STORE_02,0,0,Sunny,22.5,Groceries,93.67,139.52,92,48,10
2026-07-26,SKU_003,12,STORE_02,0,0,Sunny,22.5,Apparel,76.77,144.31,39,57,13
2026-07-26,SKU_004,32,STORE_01,0,0,Sunny,22.5,Apparel,50.71,93.58,178,31,14
2026-07-26,SKU_005,13,STORE_03,0,0,Sunny,22.5,Home & Kitchen,144.78,283.08,13,91,9
2026-07-26,SKU_006,7,STORE_01,0,0,Sunny,22.5,Home & Kitchen,34.27,61.62,116,37,13
2026-07-26,SKU_007,39,STORE_01,0,0,Sunny,22.5,Groceries,63.35,111.77,59,50,13
2026-07-26,SKU_008,16,STORE_03,0,0,Sunny,22.5,Apparel,77.29,104.6,103,100,13
2026-07-26,SKU_009,18,STORE_02,0,0,Sunny,22.5,Electronics,13.65,22.2,97,26,5
2026-07-26,SKU_010,32,STORE_01,0,0,Sunny,22.5,Apparel,54.66,105.41,220,66,9
2026-07-26,SKU_011,33,STORE_01,0,0,Sunny,22.5,Home & Kitchen,41.13,78.19,257,73,13
2026-07-26,SKU_012,19,STORE_03,0,0,Sunny,22.5,Home & Kitchen,138.43,215.85,73,53,5
2026-07-26,SKU_013,17,STORE_01,0,0,Sunny,22.5,Groceries,63.38,95.43,292,53,8
2026-07-26,SKU_014,26,STORE_02,0,0,Sunny,22.5,Groceries,114.03,157.27,120,69,7
2026-07-26,SKU_015,22,STORE_01,0,0,Sunny,22.5,Home & Kitchen,28.9,40.43,190,49,3
2026-07-26,SKU_016,19,STORE_03,0,0,Sunny,22.5,Home & Kitchen,66.47,120.94,211,98,3
2026-07-26,SKU_017,26,STORE_01,0,0,Sunny,22.5,Electronics,97.91,176.78,209,72,3
2026-07-26,SKU_018,37,STORE_03,0,0,Sunny,22.5,Groceries,129.16,218.5,226,56,14
2026-07-26,SKU_019,21,STORE_02,0,0,Sunny,22.5,Apparel,107.94,154.53,202,92,8
2026-07-26,SKU_020,16,STORE_03,0,0,Sunny,22.5,Apparel,91.87,157.08,203,69,8
2026-07-27,SKU_001,22,STORE_03,0,0,Clear,17.1,Groceries,89.11,173.34,225,59,3
2026-07-27,SKU_002,18,STORE_03,0,0,Clear,17.1,Groceries,93.67,139.52,92,48,10
2026-07-27,SKU_003,17,STORE_01,0,0,Clear,17.1,Apparel,76.77,144.31,39,57,13
2026-07-27,SKU_004,10,STORE_02,0,0,Clear,17.1,Apparel,50.71,93.58,178,31,14
2026-07-27,SKU_005,30,STORE_02,0,0,Clear,17.1,Home & Kitchen,144.78,283.08,13,91,9
2026-07-27,SKU_006,18,STORE_02,0,0,Clear,17.1,Home & Kitchen,34.27,61.62,116,37,13
2026-07-27,SKU_007,5,STORE_02,0,0,Clear,17.1,Groceries,63.35,111.77,59,50,13
2026-07-27,SKU_008,13,STORE_03,0,0,Clear,17.1,Apparel,77.29,104.6,103,100,13
2026-07-27,SKU_009,10,STORE_01,0,0,Clear,17.1,Electronics,13.65,22.2,97,26,5
2026-07-27,SKU_010,17,STORE_02,0,0,Clear,17.1,Apparel,54.66,105.41,220,66,9
2026-07-27,SKU_011,29,STORE_02,0,0,Clear,17.1,Home & Kitchen,41.13,78.19,257,73,13
2026-07-27,SKU_012,20,STORE_01,0,0,Clear,17.1,Home & Kitchen,138.43,215.85,73,53,5
2026-07-27,SKU_013,16,STORE_03,0,0,Clear,17.1,Groceries,63.38,95.43,292,53,8
2026-07-27,SKU_014,15,STORE_02,0,0,Clear,17.1,Groceries,114.03,157.27,120,69,7
2026-07-27,SKU_015,16,STORE_01,0,0,Clear,17.1,Home & Kitchen,28.9,40.43,190,49,3
2026-07-27,SKU_016,27,STORE_03,0,0,Clear,17.1,Home & Kitchen,66.47,120.94,211,98,3
2026-07-27,SKU_017,3,STORE_02,0,0,Clear,17.1,Electronics,97.91,176.78,209,72,3
2026-07-27,SKU_018,27,STORE_02,0,0,Clear,17.1,Groceries,129.16,218.5,226,56,14
2026-07-27,SKU_019,7,STORE_02,0,0,Clear,17.1,Apparel,107.94,154.53,202,92,8
2026-07-27,SKU_020,13,STORE_02,0,0,Clear,17.1,Apparel,91.87,157.08,203,69,8
2026-07-28,SKU_001,10,STORE_03,0,0,Sunny,27.6,Groceries,89.11,173.34,225,59,3
2026-07-28,SKU_002,12,STORE_02,0,0,Sunny,27.6,Groceries,93.67,139.52,92,48,10
2026-07-28,SKU_003,16,STORE_02,0,0,Sunny,27.6,Apparel,76.77,144.31,39,57,13
2026-07-28,SKU_004,16,STORE_01,0,0,Sunny,27.6,Apparel,50.71,93.58,178,31,14
2026-07-28,SKU_005,7,STORE_02,0,0,Sunny,27.6,Home & Kitchen,144.78,283.08,13,91,9
2026-07-28,SKU_006,4,STORE_03,0,0,Sunny,27.6,Home & Kitchen,34.27,61.62,116,37,13
2026-07-28,SKU_007,20,STORE_02,0,0,Sunny,27.6,Groceries,63.35,111.77,59,50,13
2026-07-28,SKU_008,7,STORE_01,0,0,Sunny,27.6,Apparel,77.29,104.6,103,100,13
2026-07-28,SKU_009,31,STORE_03,0,0,Sunny,27.6,Electronics,13.65,22.2,97,26,5
2026-07-28,SKU_010,13,STORE_03,0,0,Sunny,27.6,Apparel,54.66,105.41,220,66,9
2026-07-28,SKU_011,26,STORE_02,0,0,Sunny,27.6,Home & Kitchen,41.13,78.19,257,73,13
2026-07-28,SKU_012,14,STORE_01,0,0,Sunny,27.6,Home & Kitchen,138.43,215.85,73,53,5
2026-07-28,SKU_013,16,STORE_03,0,0,Sunny,27.6,Groceries,63.38,95.43,292,53,8
2026-07-28,SKU_014,15,STORE_02,0,0,Sunny,27.6,Groceries,114.03,157.27,120,69,7
2026-07-28,SKU_015,31,STORE_02,0,0,Sunny,27.6,Home & Kitchen,28.9,40.43,190,49,3
2026-07-28,SKU_016,28,STORE_01,0,0,Sunny,27.6,Home & Kitchen,66.47,120.94,211,98,3
2026-07-28,SKU_017,5,STORE_03,0,0,Sunny,27.6,Electronics,97.91,176.78,209,72,3
2026-07-28,SKU_018,10,STORE_01,0,0,Sunny,27.6,Groceries,129.16,218.5,226,56,14
2026-07-28,SKU_019,18,STORE_03,0,0,Sunny,27.6,Apparel,107.94,154.53,202,92,8
2026-07-28,SKU_020,13,STORE_02,0,0,Sunny,27.6,Apparel,91.87,157.08,203,69,8
2026-07-29,SKU_001,32,STORE_01,0,0,Sunny,33.9,Groceries,89.11,173.34,225,59,3
2026-07-29,SKU_002,18,STORE_01,0,0,Sunny,33.9,Groceries,93.67,139.52,92,48,10
2026-07-29,SKU_003,9,STORE_03,0,0,Sunny,33.9,Apparel,76.77,144.31,39,57,13
2026-07-29,SKU_004,23,STORE_01,0,0,Sunny,33.9,Apparel,50.71,93.58,178,31,14
2026-07-29,SKU_005,32,STORE_03,0,0,Sunny,33.9,Home & Kitchen,144.78,283.08,13,91,9
2026-07-29,SKU_006,14,STORE_02,0,0,Sunny,33.9,Home & Kitchen,34.27,61.62,116,37,13
2026-07-29,SKU_007,20,STORE_03,0,0,Sunny,33.9,Groceries,63.35,111.77,59,50,13
2026-07-29,SKU_008,3,STORE_01,0,0,Sunny,33.9,Apparel,77.29,104.6,103,100,13
2026-07-29,SKU_009,24,STORE_01,0,0,Sunny,33.9,Electronics,13.65,22.2,97,26,5
2026-07-29,SKU_010,18,STORE_01,0,0,Sunny,33.9,Apparel,54.66,105.41,220,66,9
2026-07-29,SKU_011,23,STORE_01,0,0,Sunny,33.9,Home & Kitchen,41.13,78.19,257,73,13
2026-07-29,SKU_012,23,STORE_01,0,0,Sunny,33.9,Home & Kitchen,138.43,215.85,73,53,5
2026-07-29,SKU_013,7,STORE_01,0,0,Sunny,33.9,Groceries,63.38,95.43,292,53,8
2026-07-29,SKU_014,14,STORE_03,0,0,Sunny,33.9,Groceries,114.03,157.27,120,69,7
2026-07-29,SKU_015,14,STORE_02,0,0,Sunny,33.9,Home & Kitchen,28.9,40.43,190,49,3
2026-07-29,SKU_016,13,STORE_02,0,0,Sunny,33.9,Home & Kitchen,66.47,120.94,211,98,3
2026-07-29,SKU_017,26,STORE_03,0,0,Sunny,33.9,Electronics,97.91,176.78,209,72,3
2026-07-29,SKU_018,22,STORE_03,0,0,Sunny,33.9,Groceries,129.16,218.5,226,56,14
2026-07-29,SKU_019,5,STORE_02,0,0,Sunny,33.9,Apparel,107.94,154.53,202,92,8
2026-07-29,SKU_020,18,STORE_02,0,0,Sunny,33.9,Apparel,91.87,157.08,203,69,8
2026-07-30,SKU_001,21,STORE_02,0,0,Sunny,28.9,Groceries,89.11,173.34,225,59,3
2026-07-30,SKU_002,19,STORE_01,0,0,Sunny,28.9,Groceries,93.67,139.52,92,48,10
2026-07-30,SKU_003,24,STORE_02,0,0,Sunny,28.9,Apparel,76.77,144.31,39,57,13
2026-07-30,SKU_004,25,STORE_02,0,0,Sunny,28.9,Apparel,50.71,93.58,178,31,14
2026-07-30,SKU_005,28,STORE_02,0,0,Sunny,28.9,Home & Kitchen,144.78,283.08,13,91,9
2026-07-30,SKU_006,28,STORE_03,0,0,Sunny,28.9,Home & Kitchen,34.27,61.62,116,37,13
2026-07-30,SKU_007,15,STORE_03,0,0,Sunny,28.9,Groceries,63.35,111.77,59,50,13
2026-07-30,SKU_008,10,STORE_01,0,0,Sunny,28.9,Apparel,77.29,104.6,103,100,13
2026-07-30,SKU_009,16,STORE_03,0,0,Sunny,28.9,Electronics,13.65,22.2,97,26,5
2026-07-30,SKU_010,17,STORE_02,0,0,Sunny,28.9,Apparel,54.66,105.41,220,66,9
2026-07-30,SKU_011,26,STORE_02,0,0,Sunny,28.9,Home & Kitchen,41.13,78.19,257,73,13
2026-07-30,SKU_012,28,STORE_03,0,0,Sunny,28.9,Home & Kitchen,138.43,215.85,73,53,5
2026-07-30,SKU_013,6,STORE_01,0,0,Sunny,28.9,Groceries,63.38,95.43,292,53,8
2026-07-30,SKU_014,25,STORE_02,0,0,Sunny,28.9,Groceries,114.03,157.27,120,69,7
2026-07-30,SKU_015,30,STORE_01,0,0,Sunny,28.9,Home & Kitchen,28.9,40.43,190,49,3
2026-07-30,SKU_016,22,STORE_02,0,0,Sunny,28.9,Home & Kitchen,66.47,120.94,211,98,3
2026-07-30,SKU_017,22,STORE_01,0,0,Sunny,28.9,Electronics,97.91,176.78,209,72,3
2026-07-30,SKU_018,13,STORE_02,0,0,Sunny,28.9,Groceries,129.16,218.5,226,56,14
2026-07-30,SKU_019,21,STORE_03,0,0,Sunny,28.9,Apparel,107.94,154.53,202,92,8
2026-07-30,SKU_020,25,STORE_01,0,0,Sunny,28.9,Apparel,91.87,157.08,203,69,8
2026-07-31,SKU_001,27,STORE_01,0,0,Rainy,28.6,Groceries,89.11,173.34,225,59,3
2026-07-31,SKU_002,14,STORE_02,0,0,Rainy,28.6,Groceries,93.67,139.52,92,48,10
2026-07-31,SKU_003,104,STORE_02,0,0,Rainy,28.6,Apparel,76.77,144.31,39,57,13
2026-07-31,SKU_004,26,STORE_02,0,0,Rainy,28.6,Apparel,50.71,93.58,178,31,14
2026-07-31,SKU_005,23,STORE_02,0,0,Rainy,28.6,Home & Kitchen,144.78,283.08,13,91,9
2026-07-31,SKU_006,13,STORE_02,0,0,Rainy,28.6,Home & Kitchen,34.27,61.62,116,37,13
2026-07-31,SKU_007,27,STORE_01,0,0,Rainy,28.6,Groceries,63.35,111.77,59,50,13
2026-07-31,SKU_008,23,STORE_03,0,0,Rainy,28.6,Apparel,77.29,104.6,103,100,13
2026-07-31,SKU_009,7,STORE_03,0,0,Rainy,28.6,Electronics,13.65,22.2,97,26,5
2026-07-31,SKU_010,7,STORE_01,0,0,Rainy,28.6,Apparel,54.66,105.41,220,66,9
2026-07-31,SKU_011,15,STORE_03,0,0,Rainy,28.6,Home & Kitchen,41.13,78.19,257,73,13
2026-07-31,SKU_012,26,STORE_03,0,0,Rainy,28.6,Home & Kitchen,138.43,215.85,73,53,5
2026-07-31,SKU_013,14,STORE_01,0,0,Rainy,28.6,Groceries,63.38,95.43,292,53,8
2026-07-31,SKU_014,4,STORE_02,0,0,Rainy,28.6,Groceries,114.03,157.27,120,69,7
2026-07-31,SKU_015,12,STORE_02,0,0,Rainy,28.6,Home & Kitchen,28.9,40.43,190,49,3
2026-07-31,SKU_016,34,STORE_01,0,0,Rainy,28.6,Home & Kitchen,66.47,120.94,211,98,3
2026-07-31,SKU_017,28,STORE_01,0,0,Rainy,28.6,Electronics,97.91,176.78,209,72,3
2026-07-31,SKU_018,9,STORE_02,0,0,Rainy,28.6,Groceries,129.16,218.5,226,56,14
2026-07-31,SKU_019,32,STORE_03,0,0,Rainy,28.6,Apparel,107.94,154.53,202,92,8
2026-07-31,SKU_020,16,STORE_01,0,0,Rainy,28.6,Apparel,91.87,157.08,203,69,8
2026-08-01,SKU_001,35,STORE_03,0,0,Sunny,31.4,Groceries,89.11,173.34,225,59,3
2026-08-01,SKU_002,27,STORE_03,0,0,Sunny,31.4,Groceries,93.67,139.52,92,48,10
2026-08-01,SKU_003,29,STORE_03,0,0,Sunny,31.4,Apparel,76.77,144.31,39,57,13
2026-08-01,SKU_004,4,STORE_03,0,0,Sunny,31.4,Apparel,50.71,93.58,178,31,14
2026-08-01,SKU_005,33,STORE_03,0,0,Sunny,31.4,Home & Kitchen,144.78,283.08,13,91,9
2026-08-01,SKU_006,16,STORE_01,0,0,Sunny,31.4,Home & Kitchen,34.27,61.62,116,37,13
2026-08-01,SKU_007,12,STORE_01,0,0,Sunny,31.4,Groceries,63.35,111.77,59,50,13
2026-08-01,SKU_008,15,STORE_02,0,0,Sunny,31.4,Apparel,77.29,104.6,103,100,13
2026-08-01,SKU_009,34,STORE_03,0,0,Sunny,31.4,Electronics,13.65,22.2,97,26,5
2026-08-01,SKU_010,30,STORE_03,0,0,Sunny,31.4,Apparel,54.66,105.41,220,66,9
2026-08-01,SKU_011,27,STORE_03,0,0,Sunny,31.4,Home & Kitchen,41.13,78.19,257,73,13
2026-08-01,SKU_012,39,STORE_03,0,0,Sunny,31.4,Home & Kitchen,138.43,215.85,73,53,5
2026-08-01,SKU_013,40,STORE_01,0,0,Sunny,31.4,Groceries,63.38,95.43,292,53,8
2026-08-01,SKU_014,52,STORE_03,0,0,Sunny,31.4,Groceries,114.03,157.27,120,69,7
2026-08-01,SKU_015,9,STORE_02,0,0,Sunny,31.4,Home & Kitchen,28.9,40.43,190,49,3
2026-08-01,SKU_016,14,STORE_03,0,0,Sunny,31.4,Home & Kitchen,66.47,120.94,211,98,3
2026-08-01,SKU_017,13,STORE_02,0,0,Sunny,31.4,Electronics,97.91,176.78,209,72,3
2026-08-01,SKU_018,33,STORE_03,0,0,Sunny,31.4,Groceries,129.16,218.5,226,56,14
2026-08-01,SKU_019,18,STORE_02,0,0,Sunny,31.4,Apparel,107.94,154.53,202,92,8
2026-08-01,SKU_020,8,STORE_01,0,0,Sunny,31.4,Apparel,91.87,157.08,203,69,8
2026-08-02,SKU_001,23,STORE_01,0,0,Stormy,23.0,Groceries,89.11,173.34,225,59,3
2026-08-02,SKU_002,18,STORE_02,0,0,Stormy,23.0,Groceries,93.67,139.52,92,48,10
2026-08-02,SKU_003,35,STORE_03,0,0,Stormy,23.0,Apparel,76.77,144.31,39,57,13
2026-08-02,SKU_004,20,STORE_02,0,0,Stormy,23.0,Apparel,50.71,93.58,178,31,14
2026-08-02,SKU_005,26,STORE_03,0,0,Stormy,23.0,Home & Kitchen,144.78,283.08,13,91,9
2026-08-02,SKU_006,15,STORE_03,0,0,Stormy,23.0,Home & Kitchen,34.27,61.62,116,37,13
2026-08-02,SKU_007,109,STORE_02,0,0,Stormy,23.0,Groceries,63.35,111.77,59,50,13
2026-08-02,SKU_008,27,STORE_03,0,0,Stormy,23.0,Apparel,77.29,104.6,103,100,13
2026-08-02,SKU_009,12,STORE_02,0,0,Stormy,23.0,Electronics,13.65,22.2,97,26,5
2026-08-02,SKU_010,18,STORE_02,0,0,Stormy,23.0,Apparel,54.66,105.41,220,66,9
2026-08-02,SKU_011,38,STORE_02,0,0,Stormy,23.0,Home & Kitchen,41.13,78.19,257,73,13
2026-08-02,SKU_012,18,STORE_02,0,0,Stormy,23.0,Home & Kitchen,138.43,215.85,73,53,5
2026-08-02,SKU_013,27,STORE_02,0,0,Stormy,23.0,Groceries,63.38,95.43,292,53,8
2026-08-02,SKU_014,32,STORE_01,0,0,Stormy,23.0,Groceries,114.03,157.27,120,69,7
2026-08-02,SKU_015,35,STORE_01,0,0,Stormy,23.0,Home & Kitchen,28.9,40.43,190,49,3
2026-08-02,SKU_016,36,STORE_01,0,0,Stormy,23.0,Home & Kitchen,66.47,120.94,211,98,3
2026-08-02,SKU_017,25,STORE_02,0,0,Stormy,23.0,Electronics,97.91,176.78,209,72,3
2026-08-02,SKU_018,28,STORE_03,0,0,Stormy,23.0,Groceries,129.16,218.5,226,56,14
2026-08-02,SKU_019,18,STORE_02,0,0,Stormy,23.0,Apparel,107.94,154.53,202,92,8
2026-08-02,SKU_020,29,STORE_01,0,0,Stormy,23.0,Apparel,91.87,157.08,203,69,8
2026-08-03,SKU_001,10,STORE_02,1,20,Clear,25.2,Groceries,89.11,173.34,225,59,3
2026-08-03,SKU_002,3,STORE_01,1,20,Clear,25.2,Groceries,93.67,139.52,92,48,10
2026-08-03,SKU_003,78,STORE_03,1,20,Clear,25.2,Apparel,76.77,144.31,39,57,13
2026-08-03,SKU_004,12,STORE_02,1,20,Clear,25.2,Apparel,50.71,93.58,178,31,14
2026-08-03,SKU_005,27,STORE_02,1,20,Clear,25.2,Home & Kitchen,144.78,283.08,13,91,9
2026-08-03,SKU_006,4,STORE_02,1,20,Clear,25.2,Home & Kitchen,34.27,61.62,116,37,13
2026-08-03,SKU_007,26,STORE_03,1,20,Clear,25.2,Groceries,63.35,111.77,59,50,13
2026-08-03,SKU_008,4,STORE_03,1,20,Clear,25.2,Apparel,77.29,104.6,103,100,13
2026-08-03,SKU_009,11,STORE_03,1,20,Clear,25.2,Electronics,13.65,22.2,97,26,5
2026-08-03,SKU_010,36,STORE_02,1,20,Clear,25.2,Apparel,54.66,105.41,220,66,9
2026-08-03,SKU_011,21,STORE_03,1,20,Clear,25.2,Home & Kitchen,41.13,78.19,257,73,13
2026-08-03,SKU_012,28,STORE_03,1,20,Clear,25.2,Home & Kitchen,138.43,215.85,73,53,5
2026-08-03,SKU_013,27,STORE_02,1,20,Clear,25.2,Groceries,63.38,95.43,292,53,8
2026-08-03,SKU_014,33,STORE_02,1,20,Clear,25.2,Groceries,114.03,157.27,120,69,7
2026-08-03,SKU_015,8,STORE_03,1,20,Clear,25.2,Home & Kitchen,28.9,40.43,190,49,3
2026-08-03,SKU_016,11,STORE_02,1,20,Clear,25.2,Home & Kitchen,66.47,120.94,211,98,3
2026-08-03,SKU_017,15,STORE_03,1,20,Clear,25.2,Electronics,97.91,176.78,209,72,3
2026-08-03,SKU_018,15,STORE_03,1,20,Clear,25.2,Groceries,129.16,218.5,226,56,14
2026-08-03,SKU_019,7,STORE_03,1,20,Clear,25.2,Apparel,107.94,154.53,202,92,8
2026-08-03,SKU_020,14,STORE_03,1,20,Clear,25.2,Apparel,91.87,157.08,203,69,8
2026-08-04,SKU_001,2,STORE_03,0,0,Clear,24.5,Groceries,89.11,173.34,225,59,3
2026-08-04,SKU_002,6,STORE_02,0,0,Clear,24.5,Groceries,93.67,139.52,92,48,10
2026-08-04,SKU_003,14,STORE_03,0,0,Clear,24.5,Apparel,76.77,144.31,39,57,13
2026-08-04,SKU_004,5,STORE_03,0,0,Clear,24.5,Apparel,50.71,93.58,178,31,14
2026-08-04,SKU_005,22,STORE_02,0,0,Clear,24.5,Home & Kitchen,144.78,283.08,13,91,9
2026-08-04,SKU_006,14,STORE_02,0,0,Clear,24.5,Home & Kitchen,34.27,61.62,116,37,13
2026-08-04,SKU_007,6,STORE_03,0,0,Clear,24.5,Groceries,63.35,111.77,59,50,13
2026-08-04,SKU_008,23,STORE_03,0,0,Clear,24.5,Apparel,77.29,104.6,103,100,13
2026-08-04,SKU_009,18,STORE_03,0,0,Clear,24.5,Electronics,13.65,22.2,97,26,5
2026-08-04,SKU_010,14,STORE_03,0,0,Clear,24.5,Apparel,54.66,105.41,220,66,9
2026-08-04,SKU_011,10,STORE_03,0,0,Clear,24.5,Home & Kitchen,41.13,78.19,257,73,13
2026-08-04,SKU_012,8,STORE_02,0,0,Clear,24.5,Home & Kitchen,138.43,215.85,73,53,5
2026-08-04,SKU_013,18,STORE_02,0,0,Clear,24.5,Groceries,63.38,95.43,292,53,8
2026-08-04,SKU_014,9,STORE_03,0,0,Clear,24.5,Groceries,114.03,157.27,120,69,7
2026-08-04,SKU_015,5,STORE_03,0,0,Clear,24.5,Home & Kitchen,28.9,40.43,190,49,3
2026-08-04,SKU_016,18,STORE_01,0,0,Clear,24.5,Home & Kitchen,66.47,120.94,211,98,3
2026-08-04,SKU_017,25,STORE_03,0,0,Clear,24.5,Electronics,97.91,176.78,209,72,3
2026-08-04,SKU_018,20,STORE_01,0,0,Clear,24.5,Groceries,129.16,218.5,226,56,14
2026-08-04,SKU_019,5,STORE_02,0,0,Clear,24.5,Apparel,107.94,154.53,202,92,8
2026-08-04,SKU_020,23,STORE_02,0,0,Clear,24.5,Apparel,91.87,157.08,203,69,8
